train_category,speed_kmh,rake_length_m,gross_weight_tonnes,slope_gradient_pct,rail_temp_celsius,signal_status,distance_to_signal_m,track_type,calculated_ebd_m,collision_risk
PREMIUM_SUPERFAST,72.44,416.5,1558.29,-0.0,42.85,YELLOW,276.31,BROAD_GAUGE_ELECTRIFIED,303.37,WARNING
PASSENGER_LOCAL,153.1,460.39,1432.03,1.73,18.3,GREEN,198.85,BROAD_GAUGE_NON_ELECTRIFIED,1236.7,NORMAL
SUPERFAST_EXPRESS,122.48,670.0,946.08,0.44,25.6,RED_STOP,1530.27,DOUBLE_LINE_AUTOMATIC,808.49,NORMAL
PREMIUM_SUPERFAST,103.81,387.0,2282.53,-2.92,39.85,YELLOW,2416.98,DOUBLE_LINE_AUTOMATIC,707.69,NORMAL
SUPERFAST_EXPRESS,41.84,678.31,1877.53,-2.2,31.69,RED_STOP,1281.67,BROAD_GAUGE_ELECTRIFIED,126.96,NORMAL
PREMIUM_SUPERFAST,41.84,248.47,3083.67,-1.96,43.24,GREEN,176.21,DOUBLE_LINE_AUTOMATIC,125.29,NORMAL
PREMIUM_SUPERFAST,28.13,627.24,499.54,-1.69,53.25,RED_STOP,591.99,BROAD_GAUGE_NON_ELECTRIFIED,62.22,NORMAL
PREMIUM_SUPERFAST,141.26,666.15,2395.99,0.46,15.24,RED_STOP,649.74,BROAD_GAUGE_NON_ELECTRIFIED,1060.47,CRITICAL
FREIGHT_GOODS,104.16,300.0,2765.14,0.03,41.93,RED_STOP,877.75,BROAD_GAUGE_NON_ELECTRIFIED,595.5,NORMAL
FREIGHT_GOODS,119.13,436.69,2754.41,-2.08,20.37,DOUBLE_YELLOW,156.83,BROAD_GAUGE_NON_ELECTRIFIED,869.29,WARNING
PREMIUM_SUPERFAST,22.88,291.02,3146.83,-3.03,28.65,GREEN,2266.99,DOUBLE_LINE_AUTOMATIC,47.03,NORMAL
PREMIUM_SUPERFAST,155.79,588.63,2660.0,-2.3,11.48,YELLOW,1313.13,BROAD_GAUGE_ELECTRIFIED,1475.09,WARNING
PREMIUM_SUPERFAST,136.54,494.44,3276.21,3.39,16.12,YELLOW,1693.78,BROAD_GAUGE_ELECTRIFIED,993.92,NORMAL
PREMIUM_SUPERFAST,49.73,549.43,1431.24,-0.22,24.39,YELLOW,214.57,BROAD_GAUGE_ELECTRIFIED,155.45,NORMAL
PASSENGER_LOCAL,45.46,308.07,1959.95,2.57,25.39,GREEN,182.58,BROAD_GAUGE_NON_ELECTRIFIED,131.21,NORMAL
PASSENGER_LOCAL,45.68,316.46,443.65,2.44,50.48,RED_STOP,1486.85,DOUBLE_LINE_AUTOMATIC,132.33,NORMAL
PASSENGER_LOCAL,62.59,222.82,421.57,0.08,43.38,YELLOW,2223.88,DOUBLE_LINE_AUTOMATIC,232.41,NORMAL
FREIGHT_GOODS,93.47,377.14,1144.39,1.45,53.75,GREEN,1344.78,DOUBLE_LINE_AUTOMATIC,486.2,NORMAL
SUPERFAST_EXPRESS,80.47,507.86,712.5,-2.15,36.96,DOUBLE_YELLOW,2200.66,DOUBLE_LINE_AUTOMATIC,416.68,NORMAL
PREMIUM_SUPERFAST,60.77,671.86,1206.66,1.32,20.88,GREEN,2036.93,DOUBLE_LINE_AUTOMATIC,220.31,NORMAL
PASSENGER_LOCAL,105.66,566.81,948.83,-1.59,24.74,DOUBLE_YELLOW,235.84,DOUBLE_LINE_AUTOMATIC,671.3,WARNING
PASSENGER_LOCAL,39.53,439.47,488.41,2.32,24.39,GREEN,544.8,BROAD_GAUGE_ELECTRIFIED,102.81,NORMAL
PASSENGER_LOCAL,60.9,724.22,3218.84,-2.91,24.69,DOUBLE_YELLOW,1661.39,BROAD_GAUGE_NON_ELECTRIFIED,260.98,NORMAL
PREMIUM_SUPERFAST,71.29,595.58,425.49,1.91,40.28,YELLOW,1136.58,BROAD_GAUGE_ELECTRIFIED,294.61,NORMAL
PREMIUM_SUPERFAST,83.85,711.59,2681.85,-2.8,33.89,GREEN,762.21,DOUBLE_LINE_AUTOMATIC,469.23,NORMAL
SUPERFAST_EXPRESS,129.92,490.17,871.66,2.67,27.34,DOUBLE_YELLOW,1075.65,BROAD_GAUGE_NON_ELECTRIFIED,904.29,WARNING
FREIGHT_GOODS,47.95,342.4,3227.91,-1.37,16.71,RED_STOP,1140.74,BROAD_GAUGE_NON_ELECTRIFIED,154.59,NORMAL
SUPERFAST_EXPRESS,91.99,229.05,3167.67,1.08,11.0,YELLOW,2280.85,BROAD_GAUGE_NON_ELECTRIFIED,472.0,NORMAL
PREMIUM_SUPERFAST,102.94,599.35,2427.09,-0.09,19.85,YELLOW,303.47,BROAD_GAUGE_NON_ELECTRIFIED,585.3,WARNING
SUPERFAST_EXPRESS,26.5,266.72,2483.93,-0.94,14.84,DOUBLE_YELLOW,735.34,DOUBLE_LINE_AUTOMATIC,54.38,NORMAL
PASSENGER_LOCAL,105.06,366.53,416.55,1.02,45.35,DOUBLE_YELLOW,1367.03,DOUBLE_LINE_AUTOMATIC,605.21,NORMAL
SUPERFAST_EXPRESS,43.87,492.86,3453.1,3.13,15.06,GREEN,1760.8,BROAD_GAUGE_NON_ELECTRIFIED,123.3,NORMAL
PASSENGER_LOCAL,29.11,510.43,3121.28,-3.21,42.59,DOUBLE_YELLOW,1595.06,DOUBLE_LINE_AUTOMATIC,71.33,NORMAL
SUPERFAST_EXPRESS,152.84,530.32,3174.83,2.93,27.35,DOUBLE_YELLOW,2357.02,BROAD_GAUGE_NON_ELECTRIFIED,1232.75,NORMAL
PASSENGER_LOCAL,155.19,291.44,2443.66,0.76,13.3,RED_STOP,1999.24,DOUBLE_LINE_AUTOMATIC,1269.2,NORMAL
SUPERFAST_EXPRESS,133.18,408.86,1468.84,2.15,46.57,YELLOW,1414.84,BROAD_GAUGE_NON_ELECTRIFIED,947.8,NORMAL
FREIGHT_GOODS,62.65,539.46,3170.31,-0.81,36.08,DOUBLE_YELLOW,575.97,DOUBLE_LINE_AUTOMATIC,242.89,NORMAL
SUPERFAST_EXPRESS,33.67,733.4,1303.7,-0.2,20.61,DOUBLE_YELLOW,1154.64,BROAD_GAUGE_ELECTRIFIED,78.75,NORMAL
PREMIUM_SUPERFAST,115.79,600.2,2144.41,2.58,50.26,RED_STOP,1748.79,BROAD_GAUGE_ELECTRIFIED,727.01,NORMAL
PREMIUM_SUPERFAST,81.62,707.43,709.17,-0.6,12.04,DOUBLE_YELLOW,2103.01,DOUBLE_LINE_AUTOMATIC,390.39,NORMAL
PASSENGER_LOCAL,37.09,619.22,3258.06,0.24,19.08,RED_STOP,2401.35,DOUBLE_LINE_AUTOMATIC,92.08,NORMAL
PREMIUM_SUPERFAST,89.32,525.44,836.39,-3.36,43.84,YELLOW,1533.36,BROAD_GAUGE_ELECTRIFIED,549.05,NORMAL
PASSENGER_LOCAL,24.81,305.61,1097.18,-2.39,41.92,YELLOW,1340.95,DOUBLE_LINE_AUTOMATIC,52.14,NORMAL
FREIGHT_GOODS,147.3,566.68,2130.22,0.99,23.02,RED_STOP,93.35,BROAD_GAUGE_NON_ELECTRIFIED,1148.72,CRITICAL
PREMIUM_SUPERFAST,56.23,542.86,2768.69,1.52,12.79,RED_STOP,226.64,DOUBLE_LINE_AUTOMATIC,191.52,NORMAL
PREMIUM_SUPERFAST,112.75,531.36,2319.99,0.58,48.61,YELLOW,432.46,DOUBLE_LINE_AUTOMATIC,691.4,WARNING
PASSENGER_LOCAL,63.64,469.38,1119.62,-2.5,24.12,YELLOW,184.16,BROAD_GAUGE_ELECTRIFIED,275.62,WARNING
FREIGHT_GOODS,92.81,490.76,402.92,-0.38,18.81,RED_STOP,1032.11,BROAD_GAUGE_ELECTRIFIED,490.01,NORMAL
FREIGHT_GOODS,96.54,383.94,2747.17,-1.01,33.22,GREEN,875.35,DOUBLE_LINE_AUTOMATIC,546.92,NORMAL
SUPERFAST_EXPRESS,45.88,485.62,3454.14,-0.03,50.96,YELLOW,1611.52,BROAD_GAUGE_NON_ELECTRIFIED,133.57,NORMAL
PASSENGER_LOCAL,155.74,308.66,2910.73,2.59,11.96,YELLOW,1362.38,DOUBLE_LINE_AUTOMATIC,1277.88,WARNING
PASSENGER_LOCAL,128.52,642.85,1826.64,1.93,44.46,RED_STOP,1510.13,BROAD_GAUGE_NON_ELECTRIFIED,885.79,NORMAL
FREIGHT_GOODS,151.53,302.18,3201.68,-2.91,35.76,RED_STOP,1206.34,BROAD_GAUGE_NON_ELECTRIFIED,1458.92,CRITICAL
PASSENGER_LOCAL,145.28,246.73,1670.53,2.73,29.15,RED_STOP,730.46,DOUBLE_LINE_AUTOMATIC,1118.68,CRITICAL
PREMIUM_SUPERFAST,103.71,439.94,2027.3,-0.2,43.48,GREEN,2384.42,BROAD_GAUGE_NON_ELECTRIFIED,597.16,NORMAL
PREMIUM_SUPERFAST,149.06,562.07,1879.1,1.71,53.46,RED_STOP,261.7,BROAD_GAUGE_ELECTRIFIED,1175.06,CRITICAL
PREMIUM_SUPERFAST,32.39,440.74,1787.63,-2.52,20.31,GREEN,2350.28,BROAD_GAUGE_NON_ELECTRIFIED,82.54,NORMAL
PASSENGER_LOCAL,47.44,352.21,2803.09,1.2,16.46,RED_STOP,812.53,BROAD_GAUGE_NON_ELECTRIFIED,141.47,NORMAL
SUPERFAST_EXPRESS,26.33,506.99,2032.98,-1.85,51.08,RED_STOP,1306.02,BROAD_GAUGE_NON_ELECTRIFIED,56.08,NORMAL
SUPERFAST_EXPRESS,65.55,390.85,1381.82,-0.43,40.1,GREEN,316.66,BROAD_GAUGE_ELECTRIFIED,258.45,NORMAL
FREIGHT_GOODS,74.41,713.08,1200.29,-3.38,29.71,DOUBLE_YELLOW,223.78,BROAD_GAUGE_ELECTRIFIED,390.3,WARNING
PASSENGER_LOCAL,57.99,707.45,517.02,-2.44,35.8,YELLOW,1102.39,DOUBLE_LINE_AUTOMATIC,231.6,NORMAL
FREIGHT_GOODS,136.02,476.3,2207.91,-2.86,43.55,RED_STOP,1867.16,BROAD_GAUGE_NON_ELECTRIFIED,1180.57,NORMAL
PASSENGER_LOCAL,69.95,380.34,1112.88,-1.82,44.79,DOUBLE_YELLOW,709.94,BROAD_GAUGE_ELECTRIFIED,314.83,NORMAL
SUPERFAST_EXPRESS,59.33,605.42,859.22,-2.8,51.4,GREEN,1427.75,BROAD_GAUGE_NON_ELECTRIFIED,246.97,NORMAL
PREMIUM_SUPERFAST,95.98,220.19,2426.87,1.34,29.21,RED_STOP,732.69,BROAD_GAUGE_NON_ELECTRIFIED,510.89,NORMAL
PASSENGER_LOCAL,39.73,461.12,2511.75,-3.3,23.2,GREEN,1002.1,DOUBLE_LINE_AUTOMATIC,123.46,NORMAL
SUPERFAST_EXPRESS,132.31,384.98,2731.68,0.82,38.78,GREEN,2270.79,BROAD_GAUGE_NON_ELECTRIFIED,936.08,NORMAL
SUPERFAST_EXPRESS,30.44,706.29,1961.09,-2.52,28.71,GREEN,2146.81,BROAD_GAUGE_ELECTRIFIED,74.15,NORMAL
SUPERFAST_EXPRESS,158.16,206.6,3171.57,3.12,36.76,DOUBLE_YELLOW,1314.24,DOUBLE_LINE_AUTOMATIC,1316.24,WARNING
PREMIUM_SUPERFAST,128.11,504.05,3302.66,3.03,28.9,GREEN,633.36,DOUBLE_LINE_AUTOMATIC,880.5,NORMAL
SUPERFAST_EXPRESS,47.82,607.36,2902.85,-1.92,16.88,YELLOW,523.3,BROAD_GAUGE_NON_ELECTRIFIED,158.54,NORMAL
FREIGHT_GOODS,20.77,466.76,2370.34,0.8,31.12,RED_STOP,2387.51,BROAD_GAUGE_NON_ELECTRIFIED,35.24,NORMAL
SUPERFAST_EXPRESS,134.16,246.97,1341.53,-3.3,41.09,RED_STOP,546.66,BROAD_GAUGE_ELECTRIFIED,1187.13,CRITICAL
SUPERFAST_EXPRESS,118.96,734.85,3447.13,3.02,45.97,YELLOW,2030.01,BROAD_GAUGE_NON_ELECTRIFIED,765.07,NORMAL
PASSENGER_LOCAL,122.06,484.91,1249.82,0.16,32.2,RED_STOP,953.98,BROAD_GAUGE_ELECTRIFIED,803.27,NORMAL
PASSENGER_LOCAL,127.98,537.8,1028.24,-3.2,17.44,YELLOW,2464.87,BROAD_GAUGE_NON_ELECTRIFIED,1075.99,NORMAL
PASSENGER_LOCAL,30.37,330.14,1770.68,-1.1,28.66,DOUBLE_YELLOW,951.98,BROAD_GAUGE_ELECTRIFIED,68.85,NORMAL
SUPERFAST_EXPRESS,70.19,465.92,576.21,-2.96,45.38,GREEN,911.22,BROAD_GAUGE_NON_ELECTRIFIED,340.27,NORMAL
SUPERFAST_EXPRESS,36.22,436.03,3433.33,-0.75,28.58,DOUBLE_YELLOW,1611.79,DOUBLE_LINE_AUTOMATIC,91.54,NORMAL
FREIGHT_GOODS,140.83,241.19,2224.14,1.19,41.34,YELLOW,2405.72,BROAD_GAUGE_ELECTRIFIED,1054.32,NORMAL
PREMIUM_SUPERFAST,107.26,258.39,2126.55,-0.21,32.82,GREEN,2441.71,DOUBLE_LINE_AUTOMATIC,636.73,NORMAL
SUPERFAST_EXPRESS,66.33,660.61,2432.97,-0.81,20.86,DOUBLE_YELLOW,1782.66,DOUBLE_LINE_AUTOMATIC,269.58,NORMAL
PREMIUM_SUPERFAST,28.9,331.9,1940.77,-2.67,45.83,GREEN,1898.79,DOUBLE_LINE_AUTOMATIC,68.39,NORMAL
SUPERFAST_EXPRESS,63.54,307.23,499.4,-1.79,13.79,GREEN,1430.34,DOUBLE_LINE_AUTOMATIC,263.26,NORMAL
PREMIUM_SUPERFAST,65.53,477.7,2298.16,-2.8,33.62,DOUBLE_YELLOW,1901.65,BROAD_GAUGE_ELECTRIFIED,296.47,NORMAL
PASSENGER_LOCAL,122.14,622.81,2620.14,2.15,19.4,RED_STOP,2156.46,BROAD_GAUGE_NON_ELECTRIFIED,804.31,NORMAL
SUPERFAST_EXPRESS,109.26,234.07,1691.92,-2.55,13.02,YELLOW,1240.93,DOUBLE_LINE_AUTOMATIC,760.87,NORMAL
FREIGHT_GOODS,144.21,517.24,2747.62,0.67,32.63,DOUBLE_YELLOW,1568.66,BROAD_GAUGE_NON_ELECTRIFIED,1103.06,NORMAL
PREMIUM_SUPERFAST,86.11,265.57,1103.7,-1.1,32.48,DOUBLE_YELLOW,1366.43,BROAD_GAUGE_ELECTRIFIED,443.81,NORMAL
PASSENGER_LOCAL,36.74,220.05,1085.96,-1.92,41.81,RED_STOP,1428.05,BROAD_GAUGE_NON_ELECTRIFIED,99.49,NORMAL
FREIGHT_GOODS,119.85,229.01,900.39,0.98,43.51,YELLOW,2230.62,BROAD_GAUGE_ELECTRIFIED,775.99,NORMAL
PASSENGER_LOCAL,126.51,658.79,1553.18,-0.3,42.75,DOUBLE_YELLOW,921.26,BROAD_GAUGE_NON_ELECTRIFIED,874.49,WARNING
SUPERFAST_EXPRESS,98.58,264.88,3025.74,-0.7,28.43,GREEN,560.05,BROAD_GAUGE_ELECTRIFIED,558.51,NORMAL
FREIGHT_GOODS,127.94,224.83,2966.53,0.65,38.43,YELLOW,1167.89,BROAD_GAUGE_ELECTRIFIED,878.17,NORMAL
PREMIUM_SUPERFAST,89.13,440.84,1586.76,-0.06,35.96,RED_STOP,559.81,BROAD_GAUGE_NON_ELECTRIFIED,446.49,NORMAL
PREMIUM_SUPERFAST,93.18,664.2,2226.27,-1.38,28.97,DOUBLE_YELLOW,1271.08,DOUBLE_LINE_AUTOMATIC,522.84,NORMAL
FREIGHT_GOODS,79.86,344.32,2634.53,0.41,36.87,GREEN,2263.59,DOUBLE_LINE_AUTOMATIC,362.99,NORMAL
PREMIUM_SUPERFAST,23.56,431.94,1147.74,1.19,52.63,YELLOW,1562.71,BROAD_GAUGE_NON_ELECTRIFIED,43.13,NORMAL
PASSENGER_LOCAL,35.1,221.96,921.24,-3.31,18.68,DOUBLE_YELLOW,2145.81,DOUBLE_LINE_AUTOMATIC,99.33,NORMAL
FREIGHT_GOODS,24.4,446.99,3413.5,-0.24,50.76,YELLOW,457.17,DOUBLE_LINE_AUTOMATIC,46.09,NORMAL
PREMIUM_SUPERFAST,109.1,517.69,2314.43,-3.1,12.41,GREEN,2257.14,BROAD_GAUGE_ELECTRIFIED,787.48,NORMAL
PASSENGER_LOCAL,64.01,514.0,3442.39,-2.2,23.88,GREEN,1524.38,BROAD_GAUGE_NON_ELECTRIFIED,273.46,NORMAL
PREMIUM_SUPERFAST,91.2,382.83,1447.04,0.42,22.97,YELLOW,127.81,DOUBLE_LINE_AUTOMATIC,464.44,WARNING
PASSENGER_LOCAL,147.06,373.54,2579.4,2.56,38.19,GREEN,1601.14,DOUBLE_LINE_AUTOMATIC,1145.07,NORMAL
SUPERFAST_EXPRESS,54.9,258.64,1090.07,2.68,15.91,GREEN,2380.92,DOUBLE_LINE_AUTOMATIC,183.48,NORMAL
PASSENGER_LOCAL,77.45,401.74,1209.72,-3.01,49.71,YELLOW,243.96,BROAD_GAUGE_NON_ELECTRIFIED,410.14,WARNING
PREMIUM_SUPERFAST,125.78,254.72,1986.9,-0.57,47.28,YELLOW,1477.02,DOUBLE_LINE_AUTOMATIC,878.26,NORMAL
PASSENGER_LOCAL,52.03,621.63,1390.82,0.58,39.34,RED_STOP,2292.92,DOUBLE_LINE_AUTOMATIC,166.69,NORMAL
PREMIUM_SUPERFAST,30.78,731.45,919.63,-2.47,30.63,DOUBLE_YELLOW,73.75,DOUBLE_LINE_AUTOMATIC,75.4,WARNING
FREIGHT_GOODS,60.57,733.54,1214.93,1.86,51.98,RED_STOP,1595.74,BROAD_GAUGE_ELECTRIFIED,218.96,NORMAL
FREIGHT_GOODS,42.57,675.79,510.82,1.71,47.38,RED_STOP,1213.51,BROAD_GAUGE_NON_ELECTRIFIED,116.96,NORMAL
SUPERFAST_EXPRESS,150.16,530.44,2583.71,2.82,32.47,RED_STOP,900.12,DOUBLE_LINE_AUTOMATIC,1191.63,CRITICAL
PASSENGER_LOCAL,133.14,585.48,1925.56,-3.44,41.58,RED_STOP,1587.46,BROAD_GAUGE_ELECTRIFIED,1181.44,NORMAL
SUPERFAST_EXPRESS,108.68,356.86,692.15,-1.98,35.51,DOUBLE_YELLOW,179.12,BROAD_GAUGE_NON_ELECTRIFIED,725.63,WARNING
FREIGHT_GOODS,142.0,546.92,932.25,2.29,36.46,YELLOW,1895.0,BROAD_GAUGE_ELECTRIFIED,1071.09,NORMAL
PASSENGER_LOCAL,132.51,450.61,717.86,1.19,24.89,GREEN,60.97,BROAD_GAUGE_ELECTRIFIED,938.86,NORMAL
PASSENGER_LOCAL,46.12,465.11,2299.04,2.76,30.79,GREEN,801.99,BROAD_GAUGE_NON_ELECTRIFIED,134.6,NORMAL
SUPERFAST_EXPRESS,144.96,616.78,692.05,-3.1,13.52,YELLOW,1284.7,DOUBLE_LINE_AUTOMATIC,1357.51,WARNING
SUPERFAST_EXPRESS,95.51,355.06,2738.28,0.68,26.08,YELLOW,973.7,DOUBLE_LINE_AUTOMATIC,506.22,NORMAL
PASSENGER_LOCAL,133.04,374.92,463.58,0.48,41.31,YELLOW,803.32,BROAD_GAUGE_ELECTRIFIED,945.98,WARNING
PASSENGER_LOCAL,145.45,708.55,1173.06,-3.25,52.89,GREEN,2085.55,BROAD_GAUGE_NON_ELECTRIFIED,1381.39,WARNING
PASSENGER_LOCAL,64.52,230.92,3161.07,0.09,53.34,RED_STOP,2340.34,BROAD_GAUGE_NON_ELECTRIFIED,245.56,NORMAL
SUPERFAST_EXPRESS,35.41,467.1,2627.45,0.77,35.01,RED_STOP,2190.6,DOUBLE_LINE_AUTOMATIC,85.05,NORMAL
PREMIUM_SUPERFAST,51.91,702.04,626.2,-2.16,37.3,RED_STOP,1329.96,BROAD_GAUGE_ELECTRIFIED,186.3,NORMAL
FREIGHT_GOODS,79.8,535.7,2945.49,-1.59,18.36,DOUBLE_YELLOW,2216.2,DOUBLE_LINE_AUTOMATIC,396.28,NORMAL
FREIGHT_GOODS,134.52,500.52,1928.41,0.98,41.29,RED_STOP,2306.11,BROAD_GAUGE_NON_ELECTRIFIED,966.11,NORMAL
SUPERFAST_EXPRESS,140.5,337.36,3025.03,-0.22,13.18,DOUBLE_YELLOW,1052.63,BROAD_GAUGE_NON_ELECTRIFIED,1062.97,WARNING
PASSENGER_LOCAL,20.97,388.8,2262.29,2.51,22.81,GREEN,744.44,DOUBLE_LINE_AUTOMATIC,35.78,NORMAL
FREIGHT_GOODS,91.5,668.63,2513.68,-1.1,40.08,DOUBLE_YELLOW,290.75,DOUBLE_LINE_AUTOMATIC,497.25,WARNING
FREIGHT_GOODS,78.44,507.57,3479.85,-1.63,23.96,YELLOW,1223.78,BROAD_GAUGE_NON_ELECTRIFIED,384.91,NORMAL
FREIGHT_GOODS,51.1,483.11,1120.24,3.39,12.24,YELLOW,2368.43,BROAD_GAUGE_ELECTRIFIED,161.38,NORMAL
FREIGHT_GOODS,36.78,254.77,2334.23,2.88,47.43,GREEN,1424.22,BROAD_GAUGE_NON_ELECTRIFIED,90.78,NORMAL
PASSENGER_LOCAL,67.27,208.82,1827.0,-3.3,23.96,RED_STOP,1685.53,BROAD_GAUGE_ELECTRIFIED,321.55,NORMAL
SUPERFAST_EXPRESS,152.01,730.03,522.3,1.9,12.84,GREEN,326.57,DOUBLE_LINE_AUTOMATIC,1219.87,NORMAL
PASSENGER_LOCAL,65.25,407.34,444.86,-2.73,13.37,YELLOW,401.62,DOUBLE_LINE_AUTOMATIC,292.82,NORMAL
PASSENGER_LOCAL,92.63,531.77,769.61,-3.31,21.33,RED_STOP,1187.96,BROAD_GAUGE_ELECTRIFIED,585.96,NORMAL
FREIGHT_GOODS,118.42,243.84,2412.18,-1.58,18.01,YELLOW,2380.6,BROAD_GAUGE_NON_ELECTRIFIED,832.86,NORMAL
FREIGHT_GOODS,70.91,575.71,2158.21,-1.61,44.84,GREEN,933.92,BROAD_GAUGE_NON_ELECTRIFIED,318.93,NORMAL
PASSENGER_LOCAL,156.05,712.91,2115.63,2.24,24.48,RED_STOP,2199.84,BROAD_GAUGE_ELECTRIFIED,1282.72,NORMAL
PASSENGER_LOCAL,154.74,516.62,498.76,1.47,46.21,GREEN,344.71,BROAD_GAUGE_ELECTRIFIED,1262.23,NORMAL
PASSENGER_LOCAL,55.25,269.36,1854.84,3.37,17.82,YELLOW,1561.69,BROAD_GAUGE_ELECTRIFIED,185.58,NORMAL
PREMIUM_SUPERFAST,89.61,519.95,3266.33,1.48,32.18,RED_STOP,1521.5,BROAD_GAUGE_ELECTRIFIED,449.52,NORMAL
FREIGHT_GOODS,62.12,621.49,1632.53,-0.57,40.96,YELLOW,2156.69,BROAD_GAUGE_NON_ELECTRIFIED,236.16,NORMAL
SUPERFAST_EXPRESS,59.88,423.53,2337.26,1.39,39.34,RED_STOP,58.13,DOUBLE_LINE_AUTOMATIC,214.49,CRITICAL
SUPERFAST_EXPRESS,25.16,683.91,2817.44,3.5,37.05,DOUBLE_YELLOW,515.33,BROAD_GAUGE_NON_ELECTRIFIED,48.01,NORMAL
SUPERFAST_EXPRESS,105.34,556.78,2830.17,1.47,51.62,DOUBLE_YELLOW,588.23,BROAD_GAUGE_ELECTRIFIED,608.27,WARNING
PREMIUM_SUPERFAST,90.38,694.59,2009.77,1.83,20.28,YELLOW,2377.42,BROAD_GAUGE_NON_ELECTRIFIED,456.65,NORMAL
PREMIUM_SUPERFAST,27.21,542.93,3059.65,3.07,32.22,GREEN,426.55,BROAD_GAUGE_ELECTRIFIED,54.59,NORMAL
SUPERFAST_EXPRESS,59.01,272.21,1613.27,-2.7,49.78,DOUBLE_YELLOW,140.56,BROAD_GAUGE_ELECTRIFIED,243.07,WARNING
SUPERFAST_EXPRESS,147.16,370.33,3154.95,1.43,13.51,DOUBLE_YELLOW,1359.43,BROAD_GAUGE_ELECTRIFIED,1146.52,WARNING
SUPERFAST_EXPRESS,53.54,310.99,1144.7,2.46,12.51,RED_STOP,1344.97,BROAD_GAUGE_ELECTRIFIED,175.41,NORMAL
PASSENGER_LOCAL,40.29,699.85,1268.67,3.18,20.5,RED_STOP,2117.92,BROAD_GAUGE_NON_ELECTRIFIED,106.24,NORMAL
FREIGHT_GOODS,88.52,618.22,564.67,-2.02,38.49,RED_STOP,2374.71,BROAD_GAUGE_ELECTRIFIED,494.09,NORMAL
PREMIUM_SUPERFAST,157.99,572.02,2866.3,0.03,21.69,YELLOW,1369.44,BROAD_GAUGE_NON_ELECTRIFIED,1313.48,WARNING
PREMIUM_SUPERFAST,53.89,365.53,1692.87,1.26,18.56,GREEN,2328.49,BROAD_GAUGE_NON_ELECTRIFIED,177.46,NORMAL
PASSENGER_LOCAL,114.1,301.22,1110.26,-1.77,30.65,GREEN,1826.64,DOUBLE_LINE_AUTOMATIC,785.04,NORMAL
PREMIUM_SUPERFAST,126.63,616.05,1118.55,0.7,37.61,RED_STOP,698.17,BROAD_GAUGE_NON_ELECTRIFIED,861.2,CRITICAL
SUPERFAST_EXPRESS,53.27,460.79,3194.34,-1.7,21.19,YELLOW,2324.63,DOUBLE_LINE_AUTOMATIC,190.07,NORMAL
PREMIUM_SUPERFAST,121.95,324.18,2985.14,-1.17,23.53,RED_STOP,1685.24,DOUBLE_LINE_AUTOMATIC,858.25,NORMAL
PASSENGER_LOCAL,71.49,539.14,2115.95,-0.41,37.61,GREEN,1064.54,DOUBLE_LINE_AUTOMATIC,302.59,NORMAL
FREIGHT_GOODS,108.52,222.18,2309.94,0.2,52.56,YELLOW,1716.59,BROAD_GAUGE_NON_ELECTRIFIED,643.32,NORMAL
SUPERFAST_EXPRESS,108.69,379.39,1870.41,-0.35,40.36,RED_STOP,1033.22,DOUBLE_LINE_AUTOMATIC,658.14,NORMAL
PREMIUM_SUPERFAST,95.01,457.71,1614.17,-0.05,45.23,RED_STOP,329.75,BROAD_GAUGE_ELECTRIFIED,502.59,CRITICAL
SUPERFAST_EXPRESS,32.64,281.38,3237.98,-1.41,26.51,GREEN,1811.5,BROAD_GAUGE_NON_ELECTRIFIED,79.01,NORMAL
FREIGHT_GOODS,136.94,741.56,789.4,-2.39,22.25,YELLOW,2069.01,BROAD_GAUGE_ELECTRIFIED,1158.08,NORMAL
PREMIUM_SUPERFAST,64.91,315.0,1697.19,-3.17,30.44,GREEN,1835.58,BROAD_GAUGE_NON_ELECTRIFIED,298.43,NORMAL
SUPERFAST_EXPRESS,46.11,271.69,1468.14,-2.13,46.32,YELLOW,611.33,DOUBLE_LINE_AUTOMATIC,150.3,NORMAL
PASSENGER_LOCAL,25.71,311.94,1944.27,0.57,30.53,YELLOW,2393.76,DOUBLE_LINE_AUTOMATIC,49.73,NORMAL
PASSENGER_LOCAL,102.73,622.98,1818.66,2.0,48.1,RED_STOP,111.87,BROAD_GAUGE_NON_ELECTRIFIED,580.23,CRITICAL
FREIGHT_GOODS,114.86,434.03,2008.56,-2.32,54.49,GREEN,865.08,DOUBLE_LINE_AUTOMATIC,823.62,NORMAL
FREIGHT_GOODS,22.32,510.98,833.75,-2.74,13.24,YELLOW,687.23,BROAD_GAUGE_ELECTRIFIED,44.5,NORMAL
FREIGHT_GOODS,91.69,211.56,1990.74,1.75,12.04,DOUBLE_YELLOW,167.91,BROAD_GAUGE_ELECTRIFIED,469.14,WARNING
PREMIUM_SUPERFAST,51.71,218.94,1151.5,-1.36,16.73,RED_STOP,1044.04,DOUBLE_LINE_AUTOMATIC,176.87,NORMAL
FREIGHT_GOODS,110.32,445.2,971.43,3.16,27.3,GREEN,1576.63,BROAD_GAUGE_NON_ELECTRIFIED,663.58,NORMAL
PREMIUM_SUPERFAST,44.41,649.16,600.99,1.5,15.9,YELLOW,2212.25,BROAD_GAUGE_NON_ELECTRIFIED,125.96,NORMAL
SUPERFAST_EXPRESS,116.73,686.88,2764.22,-1.21,49.18,RED_STOP,2474.74,BROAD_GAUGE_ELECTRIFIED,792.08,NORMAL
PASSENGER_LOCAL,74.14,247.69,1725.07,-1.47,11.04,GREEN,2029.82,DOUBLE_LINE_AUTOMATIC,343.48,NORMAL
SUPERFAST_EXPRESS,151.14,496.1,2342.6,0.17,24.21,GREEN,1198.27,DOUBLE_LINE_AUTOMATIC,1206.62,NORMAL
PASSENGER_LOCAL,39.25,702.28,2655.54,-2.95,18.31,RED_STOP,1823.08,BROAD_GAUGE_ELECTRIFIED,118.33,NORMAL
FREIGHT_GOODS,67.75,413.39,2505.88,-2.68,51.92,YELLOW,2116.88,BROAD_GAUGE_NON_ELECTRIFIED,312.86,NORMAL
SUPERFAST_EXPRESS,35.89,656.26,1858.55,-2.27,40.13,RED_STOP,1190.0,DOUBLE_LINE_AUTOMATIC,97.29,NORMAL
SUPERFAST_EXPRESS,149.46,273.53,1602.49,1.92,51.04,DOUBLE_YELLOW,1973.38,BROAD_GAUGE_NON_ELECTRIFIED,1181.02,WARNING
FREIGHT_GOODS,142.83,714.47,1565.48,0.1,53.75,RED_STOP,1232.5,BROAD_GAUGE_NON_ELECTRIFIED,1082.97,WARNING
SUPERFAST_EXPRESS,56.11,613.28,2384.15,-3.43,32.37,GREEN,996.92,BROAD_GAUGE_ELECTRIFIED,232.18,NORMAL
PREMIUM_SUPERFAST,112.4,717.73,1933.86,1.21,20.54,DOUBLE_YELLOW,1338.92,BROAD_GAUGE_NON_ELECTRIFIED,687.3,NORMAL
PASSENGER_LOCAL,134.41,572.14,3032.31,-0.53,18.72,DOUBLE_YELLOW,1705.84,BROAD_GAUGE_ELECTRIFIED,994.69,NORMAL
FREIGHT_GOODS,97.73,399.87,3111.58,0.08,20.03,YELLOW,1830.86,DOUBLE_LINE_AUTOMATIC,528.46,NORMAL
PREMIUM_SUPERFAST,94.15,716.0,928.74,-2.0,41.89,RED_STOP,924.0,BROAD_GAUGE_NON_ELECTRIFIED,553.98,NORMAL
PREMIUM_SUPERFAST,53.86,351.56,822.32,0.36,11.82,YELLOW,1449.73,BROAD_GAUGE_ELECTRIFIED,177.3,NORMAL
FREIGHT_GOODS,33.03,382.69,2354.24,3.35,12.31,RED_STOP,2279.18,BROAD_GAUGE_ELECTRIFIED,75.57,NORMAL
SUPERFAST_EXPRESS,145.61,585.44,1333.8,-2.99,37.37,GREEN,2441.97,BROAD_GAUGE_NON_ELECTRIFIED,1358.2,NORMAL
PASSENGER_LOCAL,146.06,620.92,457.57,-1.51,38.89,YELLOW,606.76,BROAD_GAUGE_ELECTRIFIED,1237.64,WARNING
PREMIUM_SUPERFAST,108.63,711.17,3154.79,-1.8,39.94,GREEN,522.44,DOUBLE_LINE_AUTOMATIC,716.66,NORMAL
SUPERFAST_EXPRESS,67.46,312.64,1103.39,-1.76,26.73,GREEN,1707.88,BROAD_GAUGE_NON_ELECTRIFIED,293.47,NORMAL
FREIGHT_GOODS,68.89,638.9,3280.77,-0.85,46.27,DOUBLE_YELLOW,1065.98,DOUBLE_LINE_AUTOMATIC,289.53,NORMAL
FREIGHT_GOODS,121.63,606.2,2624.05,2.23,34.01,YELLOW,109.34,BROAD_GAUGE_ELECTRIFIED,797.95,WARNING
PASSENGER_LOCAL,145.6,235.09,2764.23,2.89,14.75,RED_STOP,899.81,DOUBLE_LINE_AUTOMATIC,1123.39,CRITICAL
FREIGHT_GOODS,144.19,412.97,1024.53,-2.08,45.87,YELLOW,2026.52,BROAD_GAUGE_ELECTRIFIED,1253.0,NORMAL
PASSENGER_LOCAL,129.18,355.52,1126.0,0.3,52.89,GREEN,2003.7,BROAD_GAUGE_ELECTRIFIED,894.5,NORMAL
FREIGHT_GOODS,109.88,367.47,2015.93,0.96,12.7,DOUBLE_YELLOW,1261.98,DOUBLE_LINE_AUTOMATIC,658.61,NORMAL
FREIGHT_GOODS,31.78,740.62,933.51,0.15,27.61,YELLOW,1207.82,BROAD_GAUGE_NON_ELECTRIFIED,70.77,NORMAL
PREMIUM_SUPERFAST,42.63,553.53,1346.84,-0.46,31.94,DOUBLE_YELLOW,1469.79,BROAD_GAUGE_NON_ELECTRIFIED,119.84,NORMAL
SUPERFAST_EXPRESS,145.8,594.72,1396.53,-2.16,16.59,DOUBLE_YELLOW,587.52,BROAD_GAUGE_NON_ELECTRIFIED,1286.03,WARNING
PREMIUM_SUPERFAST,104.9,737.14,894.85,-0.08,49.05,GREEN,1338.81,DOUBLE_LINE_AUTOMATIC,606.27,NORMAL
PASSENGER_LOCAL,21.29,407.46,1036.07,-0.69,22.79,YELLOW,77.06,DOUBLE_LINE_AUTOMATIC,37.62,NORMAL
PREMIUM_SUPERFAST,34.21,641.01,2844.51,2.07,45.24,YELLOW,1215.12,DOUBLE_LINE_AUTOMATIC,80.18,NORMAL
FREIGHT_GOODS,112.89,438.99,918.31,1.85,40.19,YELLOW,873.33,DOUBLE_LINE_AUTOMATIC,692.99,NORMAL
FREIGHT_GOODS,20.71,678.24,488.22,-2.56,36.91,DOUBLE_YELLOW,1703.43,BROAD_GAUGE_NON_ELECTRIFIED,39.01,NORMAL
SUPERFAST_EXPRESS,42.51,299.36,2351.0,-2.88,18.65,RED_STOP,1613.97,BROAD_GAUGE_NON_ELECTRIFIED,135.82,NORMAL
PASSENGER_LOCAL,96.82,721.23,3425.55,2.86,19.93,YELLOW,983.05,BROAD_GAUGE_ELECTRIFIED,519.33,NORMAL
FREIGHT_GOODS,116.87,320.32,1426.76,0.25,12.13,GREEN,67.82,DOUBLE_LINE_AUTOMATIC,739.79,NORMAL
SUPERFAST_EXPRESS,111.27,379.42,767.83,2.5,20.83,DOUBLE_YELLOW,668.07,BROAD_GAUGE_NON_ELECTRIFIED,674.4,WARNING
SUPERFAST_EXPRESS,51.4,615.91,2168.2,-3.09,25.54,RED_STOP,1601.7,BROAD_GAUGE_NON_ELECTRIFIED,193.62,NORMAL
FREIGHT_GOODS,119.71,416.57,3209.7,0.19,47.49,YELLOW,227.31,BROAD_GAUGE_NON_ELECTRIFIED,774.16,WARNING
FREIGHT_GOODS,53.21,534.52,2830.59,0.28,26.49,RED_STOP,313.72,BROAD_GAUGE_NON_ELECTRIFIED,173.52,NORMAL
PASSENGER_LOCAL,65.56,444.52,2329.8,2.52,43.96,DOUBLE_YELLOW,1635.24,BROAD_GAUGE_NON_ELECTRIFIED,252.78,NORMAL
SUPERFAST_EXPRESS,124.51,608.3,1376.68,-2.82,29.77,RED_STOP,1901.63,BROAD_GAUGE_NON_ELECTRIFIED,993.81,NORMAL
SUPERFAST_EXPRESS,110.95,325.58,2079.83,-1.82,45.32,DOUBLE_YELLOW,837.8,DOUBLE_LINE_AUTOMATIC,746.73,WARNING
SUPERFAST_EXPRESS,138.89,232.15,682.86,-0.65,53.93,RED_STOP,1249.7,BROAD_GAUGE_ELECTRIFIED,1066.42,WARNING
PASSENGER_LOCAL,112.07,364.96,2504.73,2.56,20.79,RED_STOP,2366.99,BROAD_GAUGE_ELECTRIFIED,683.47,NORMAL
SUPERFAST_EXPRESS,99.56,460.87,2647.8,3.07,48.81,DOUBLE_YELLOW,2366.58,DOUBLE_LINE_AUTOMATIC,547.19,NORMAL
PREMIUM_SUPERFAST,33.11,292.41,3391.6,3.45,37.98,RED_STOP,803.38,BROAD_GAUGE_NON_ELECTRIFIED,75.88,NORMAL
PREMIUM_SUPERFAST,71.48,395.14,1207.23,3.21,46.78,GREEN,2034.47,DOUBLE_LINE_AUTOMATIC,296.04,NORMAL
SUPERFAST_EXPRESS,57.13,419.99,457.21,-3.46,39.32,YELLOW,1505.16,BROAD_GAUGE_NON_ELECTRIFIED,240.46,NORMAL
PREMIUM_SUPERFAST,54.16,231.57,2091.39,-3.17,29.08,RED_STOP,2439.94,BROAD_GAUGE_NON_ELECTRIFIED,213.96,NORMAL
PREMIUM_SUPERFAST,156.22,520.82,2591.05,-2.47,20.26,RED_STOP,1220.15,BROAD_GAUGE_NON_ELECTRIFIED,1499.96,CRITICAL
PASSENGER_LOCAL,75.03,686.39,2850.26,-1.06,13.15,RED_STOP,1948.03,BROAD_GAUGE_NON_ELECTRIFIED,342.84,NORMAL
SUPERFAST_EXPRESS,144.89,283.46,1000.59,2.31,34.1,YELLOW,1931.94,BROAD_GAUGE_NON_ELECTRIFIED,1112.97,NORMAL
PASSENGER_LOCAL,108.36,528.79,1211.43,2.75,54.56,DOUBLE_YELLOW,1268.71,DOUBLE_LINE_AUTOMATIC,641.5,NORMAL
SUPERFAST_EXPRESS,131.27,565.61,1989.03,-2.19,43.21,YELLOW,1999.29,DOUBLE_LINE_AUTOMATIC,1054.16,NORMAL
FREIGHT_GOODS,90.37,430.63,1424.86,0.84,24.73,RED_STOP,689.55,BROAD_GAUGE_ELECTRIFIED,456.59,NORMAL
PREMIUM_SUPERFAST,100.77,585.6,3067.59,2.92,47.22,DOUBLE_YELLOW,349.52,BROAD_GAUGE_NON_ELECTRIFIED,559.65,WARNING
PASSENGER_LOCAL,88.95,425.9,1868.66,-0.25,44.6,RED_STOP,1091.65,DOUBLE_LINE_AUTOMATIC,449.51,NORMAL
PASSENGER_LOCAL,47.33,477.55,2878.69,-2.78,22.67,DOUBLE_YELLOW,2361.9,DOUBLE_LINE_AUTOMATIC,163.59,NORMAL
FREIGHT_GOODS,121.14,204.04,2199.92,-0.3,10.64,RED_STOP,1276.82,BROAD_GAUGE_NON_ELECTRIFIED,805.18,NORMAL
FREIGHT_GOODS,59.31,580.45,2796.58,-0.87,15.32,RED_STOP,1606.38,BROAD_GAUGE_NON_ELECTRIFIED,220.56,NORMAL
PREMIUM_SUPERFAST,23.4,563.74,1431.29,0.54,49.48,DOUBLE_YELLOW,1579.2,DOUBLE_LINE_AUTOMATIC,42.67,NORMAL
PREMIUM_SUPERFAST,110.37,221.12,2977.39,-0.43,47.65,GREEN,374.8,BROAD_GAUGE_NON_ELECTRIFIED,680.26,NORMAL
SUPERFAST_EXPRESS,44.8,402.54,1251.17,-3.38,23.28,YELLOW,1006.23,DOUBLE_LINE_AUTOMATIC,153.78,NORMAL
SUPERFAST_EXPRESS,151.66,738.47,2092.91,3.46,22.83,DOUBLE_YELLOW,1782.0,BROAD_GAUGE_ELECTRIFIED,1214.6,NORMAL
FREIGHT_GOODS,153.55,431.41,1063.42,0.3,45.68,YELLOW,2431.38,BROAD_GAUGE_NON_ELECTRIFIED,1243.67,NORMAL
PREMIUM_SUPERFAST,148.08,476.07,1874.13,-0.18,52.2,GREEN,461.64,BROAD_GAUGE_ELECTRIFIED,1172.66,WARNING
PREMIUM_SUPERFAST,71.82,700.46,1386.34,3.18,45.06,GREEN,1055.58,BROAD_GAUGE_ELECTRIFIED,298.64,NORMAL
FREIGHT_GOODS,22.16,594.49,1226.78,-2.41,37.25,DOUBLE_YELLOW,282.98,BROAD_GAUGE_ELECTRIFIED,43.28,NORMAL
FREIGHT_GOODS,149.96,520.14,3397.65,-2.18,20.92,GREEN,643.82,BROAD_GAUGE_NON_ELECTRIFIED,1359.36,NORMAL
PASSENGER_LOCAL,79.95,638.79,896.23,2.16,33.66,GREEN,973.06,BROAD_GAUGE_ELECTRIFIED,363.74,NORMAL
FREIGHT_GOODS,155.33,675.4,2840.71,-1.67,20.51,RED_STOP,1374.58,DOUBLE_LINE_AUTOMATIC,1407.43,CRITICAL
PASSENGER_LOCAL,154.91,451.29,3450.91,2.09,46.36,RED_STOP,614.89,DOUBLE_LINE_AUTOMATIC,1264.79,CRITICAL
SUPERFAST_EXPRESS,139.42,461.31,461.69,-1.6,27.41,GREEN,607.53,BROAD_GAUGE_NON_ELECTRIFIED,1138.34,NORMAL
FREIGHT_GOODS,61.22,412.33,2566.98,-3.27,47.52,RED_STOP,1955.68,BROAD_GAUGE_NON_ELECTRIFIED,269.67,NORMAL
FREIGHT_GOODS,73.91,731.69,1184.03,0.12,27.17,GREEN,2408.47,BROAD_GAUGE_ELECTRIFIED,314.8,NORMAL
FREIGHT_GOODS,139.16,583.44,525.51,-2.12,47.09,RED_STOP,842.85,BROAD_GAUGE_NON_ELECTRIFIED,1173.42,CRITICAL
PASSENGER_LOCAL,64.37,245.77,1648.96,1.8,25.0,GREEN,1735.58,DOUBLE_LINE_AUTOMATIC,244.52,NORMAL
FREIGHT_GOODS,43.73,674.63,3299.18,0.99,29.81,GREEN,682.3,DOUBLE_LINE_AUTOMATIC,122.58,NORMAL
FREIGHT_GOODS,97.95,464.31,436.47,2.97,37.7,YELLOW,2323.48,DOUBLE_LINE_AUTOMATIC,530.73,NORMAL
PREMIUM_SUPERFAST,151.06,237.81,2222.45,1.98,13.16,GREEN,1698.61,BROAD_GAUGE_NON_ELECTRIFIED,1205.39,NORMAL
PREMIUM_SUPERFAST,117.44,502.34,1954.33,-2.23,52.67,YELLOW,2016.56,DOUBLE_LINE_AUTOMATIC,854.72,NORMAL
PREMIUM_SUPERFAST,99.81,429.44,3107.49,2.1,35.81,DOUBLE_YELLOW,170.92,BROAD_GAUGE_NON_ELECTRIFIED,549.72,WARNING
FREIGHT_GOODS,33.6,682.76,660.41,0.99,32.85,GREEN,1516.34,BROAD_GAUGE_ELECTRIFIED,77.8,NORMAL
PREMIUM_SUPERFAST,106.1,312.2,2512.73,1.18,47.77,GREEN,1342.65,DOUBLE_LINE_AUTOMATIC,616.57,NORMAL
SUPERFAST_EXPRESS,158.61,654.56,2508.34,2.33,48.96,YELLOW,767.84,BROAD_GAUGE_ELECTRIFIED,1323.32,WARNING
PREMIUM_SUPERFAST,39.61,506.73,2474.15,0.52,33.5,GREEN,692.95,DOUBLE_LINE_AUTOMATIC,103.18,NORMAL
FREIGHT_GOODS,92.57,230.04,3321.24,-0.24,51.73,RED_STOP,1471.06,DOUBLE_LINE_AUTOMATIC,483.74,NORMAL
PREMIUM_SUPERFAST,142.83,734.51,2951.57,0.96,12.91,YELLOW,1780.89,DOUBLE_LINE_AUTOMATIC,1083.04,NORMAL
PREMIUM_SUPERFAST,123.71,481.94,530.12,-1.41,15.1,YELLOW,131.27,BROAD_GAUGE_ELECTRIFIED,895.49,WARNING
PREMIUM_SUPERFAST,117.58,359.98,1860.36,-2.22,36.86,RED_STOP,1440.13,DOUBLE_LINE_AUTOMATIC,855.91,NORMAL
SUPERFAST_EXPRESS,118.35,458.17,1633.65,0.82,25.93,GREEN,467.63,BROAD_GAUGE_ELECTRIFIED,757.64,NORMAL
SUPERFAST_EXPRESS,70.33,671.82,1361.46,-1.86,30.89,DOUBLE_YELLOW,393.89,BROAD_GAUGE_NON_ELECTRIFIED,318.8,NORMAL
PASSENGER_LOCAL,61.1,367.7,1799.14,-2.94,24.76,DOUBLE_YELLOW,1576.64,DOUBLE_LINE_AUTOMATIC,263.03,NORMAL
FREIGHT_GOODS,133.31,305.97,1591.0,-3.5,28.21,DOUBLE_YELLOW,811.63,DOUBLE_LINE_AUTOMATIC,1189.26,WARNING
SUPERFAST_EXPRESS,133.42,270.99,1740.24,0.76,47.02,YELLOW,1130.16,BROAD_GAUGE_ELECTRIFIED,951.05,WARNING
SUPERFAST_EXPRESS,141.39,363.82,3435.71,-0.96,36.71,YELLOW,932.0,DOUBLE_LINE_AUTOMATIC,1124.14,WARNING
SUPERFAST_EXPRESS,147.85,629.03,674.76,1.77,54.88,RED_STOP,1638.42,BROAD_GAUGE_NON_ELECTRIFIED,1156.92,WARNING
FREIGHT_GOODS,91.59,459.39,3258.92,-0.87,45.41,GREEN,1201.79,DOUBLE_LINE_AUTOMATIC,491.5,NORMAL
PASSENGER_LOCAL,90.21,325.11,1888.73,-0.1,22.31,RED_STOP,2410.47,BROAD_GAUGE_NON_ELECTRIFIED,457.54,NORMAL
FREIGHT_GOODS,131.76,291.4,2333.6,-0.65,21.9,YELLOW,913.34,BROAD_GAUGE_NON_ELECTRIFIED,964.22,WARNING
PREMIUM_SUPERFAST,110.99,383.0,2973.57,1.05,25.12,DOUBLE_YELLOW,1863.7,DOUBLE_LINE_AUTOMATIC,671.21,NORMAL
PASSENGER_LOCAL,118.28,716.96,1517.44,-1.01,47.95,GREEN,680.37,DOUBLE_LINE_AUTOMATIC,802.07,NORMAL
PREMIUM_SUPERFAST,131.41,388.66,1734.31,3.25,11.23,DOUBLE_YELLOW,1296.45,BROAD_GAUGE_NON_ELECTRIFIED,924.05,NORMAL
SUPERFAST_EXPRESS,144.6,743.47,1669.51,3.05,20.36,GREEN,1403.8,BROAD_GAUGE_NON_ELECTRIFIED,1108.78,NORMAL
FREIGHT_GOODS,67.32,466.88,1561.67,2.44,50.72,DOUBLE_YELLOW,856.32,BROAD_GAUGE_NON_ELECTRIFIED,265.3,NORMAL
PREMIUM_SUPERFAST,72.58,298.54,3269.14,2.94,38.8,GREEN,1205.86,DOUBLE_LINE_AUTOMATIC,304.46,NORMAL
PASSENGER_LOCAL,33.16,690.13,2969.68,-0.36,20.21,DOUBLE_YELLOW,734.23,BROAD_GAUGE_ELECTRIFIED,77.25,NORMAL
PREMIUM_SUPERFAST,100.96,453.2,737.9,0.26,19.86,RED_STOP,64.7,DOUBLE_LINE_AUTOMATIC,561.66,CRITICAL
PREMIUM_SUPERFAST,25.03,590.32,735.18,1.69,48.82,YELLOW,578.34,BROAD_GAUGE_ELECTRIFIED,47.6,NORMAL
SUPERFAST_EXPRESS,85.18,741.04,1726.4,1.37,50.22,RED_STOP,1765.16,BROAD_GAUGE_ELECTRIFIED,409.09,NORMAL
PREMIUM_SUPERFAST,95.97,227.6,705.84,2.73,21.53,DOUBLE_YELLOW,1938.86,DOUBLE_LINE_AUTOMATIC,510.82,NORMAL
PREMIUM_SUPERFAST,60.12,253.18,2319.19,1.51,28.92,GREEN,736.5,BROAD_GAUGE_ELECTRIFIED,216.03,NORMAL
SUPERFAST_EXPRESS,102.72,596.25,845.44,3.49,47.56,RED_STOP,1049.71,BROAD_GAUGE_NON_ELECTRIFIED,580.14,NORMAL
PASSENGER_LOCAL,24.27,355.0,2019.36,-1.06,44.7,DOUBLE_YELLOW,141.55,DOUBLE_LINE_AUTOMATIC,47.28,NORMAL
SUPERFAST_EXPRESS,25.23,301.37,422.38,2.33,46.63,YELLOW,630.8,BROAD_GAUGE_ELECTRIFIED,48.21,NORMAL
PREMIUM_SUPERFAST,135.16,221.65,1381.45,1.38,33.33,GREEN,1959.09,BROAD_GAUGE_NON_ELECTRIFIED,974.91,NORMAL
FREIGHT_GOODS,70.43,212.02,2499.29,1.34,51.02,RED_STOP,1534.67,BROAD_GAUGE_ELECTRIFIED,288.1,NORMAL
SUPERFAST_EXPRESS,37.79,625.97,1900.52,-1.22,24.67,YELLOW,554.14,BROAD_GAUGE_ELECTRIFIED,100.79,NORMAL
SUPERFAST_EXPRESS,93.11,273.94,3432.64,2.0,17.05,DOUBLE_YELLOW,680.73,BROAD_GAUGE_NON_ELECTRIFIED,482.79,NORMAL
PREMIUM_SUPERFAST,127.8,457.25,3109.72,2.8,41.89,GREEN,2051.16,BROAD_GAUGE_NON_ELECTRIFIED,876.39,NORMAL
FREIGHT_GOODS,50.21,533.24,1513.12,-1.97,34.27,DOUBLE_YELLOW,562.26,DOUBLE_LINE_AUTOMATIC,173.55,NORMAL
PASSENGER_LOCAL,107.2,435.59,541.01,0.88,48.46,GREEN,868.69,BROAD_GAUGE_ELECTRIFIED,628.69,NORMAL
FREIGHT_GOODS,31.95,214.91,3021.44,-0.76,13.65,YELLOW,1677.68,DOUBLE_LINE_AUTOMATIC,73.85,NORMAL
SUPERFAST_EXPRESS,27.24,630.93,3224.83,3.43,47.97,YELLOW,1424.73,DOUBLE_LINE_AUTOMATIC,54.69,NORMAL
FREIGHT_GOODS,94.39,205.78,2943.94,-0.15,23.2,YELLOW,1179.13,BROAD_GAUGE_ELECTRIFIED,499.22,NORMAL
PASSENGER_LOCAL,95.69,619.04,796.64,-1.9,39.47,RED_STOP,2254.37,BROAD_GAUGE_ELECTRIFIED,567.58,NORMAL
FREIGHT_GOODS,109.24,691.32,3493.54,-0.83,11.81,RED_STOP,588.29,DOUBLE_LINE_AUTOMATIC,682.72,CRITICAL
FREIGHT_GOODS,121.65,438.06,1201.61,1.08,37.43,RED_STOP,1866.48,BROAD_GAUGE_NON_ELECTRIFIED,798.19,NORMAL
FREIGHT_GOODS,156.62,494.55,2645.04,-2.97,42.28,DOUBLE_YELLOW,439.71,DOUBLE_LINE_AUTOMATIC,1561.05,WARNING
SUPERFAST_EXPRESS,92.28,462.34,3214.91,0.73,26.59,RED_STOP,1558.55,BROAD_GAUGE_ELECTRIFIED,474.77,NORMAL
PREMIUM_SUPERFAST,65.21,414.06,1130.63,3.02,19.69,GREEN,2183.03,BROAD_GAUGE_NON_ELECTRIFIED,250.38,NORMAL
PREMIUM_SUPERFAST,131.33,688.08,3215.6,2.45,34.19,YELLOW,1171.86,DOUBLE_LINE_AUTOMATIC,922.92,NORMAL
FREIGHT_GOODS,57.92,691.66,1359.39,-3.03,47.49,DOUBLE_YELLOW,1824.52,BROAD_GAUGE_ELECTRIFIED,239.72,NORMAL
SUPERFAST_EXPRESS,81.46,384.7,3426.88,3.45,24.56,DOUBLE_YELLOW,2059.96,BROAD_GAUGE_NON_ELECTRIFIED,376.55,NORMAL
SUPERFAST_EXPRESS,30.98,538.29,1271.91,1.39,21.36,RED_STOP,383.26,BROAD_GAUGE_NON_ELECTRIFIED,67.81,NORMAL
SUPERFAST_EXPRESS,23.55,709.8,3355.65,-2.36,22.55,GREEN,1779.28,BROAD_GAUGE_NON_ELECTRIFIED,47.73,NORMAL
PREMIUM_SUPERFAST,154.77,729.13,565.99,-3.41,52.71,YELLOW,2303.61,BROAD_GAUGE_ELECTRIFIED,1575.91,WARNING
SUPERFAST_EXPRESS,137.04,479.93,2598.74,-2.3,26.17,DOUBLE_YELLOW,1462.11,DOUBLE_LINE_AUTOMATIC,1152.92,NORMAL
FREIGHT_GOODS,117.44,449.05,2049.54,2.37,10.16,YELLOW,506.0,BROAD_GAUGE_ELECTRIFIED,746.64,WARNING
PREMIUM_SUPERFAST,77.25,353.28,1881.42,-3.35,45.18,GREEN,361.01,BROAD_GAUGE_ELECTRIFIED,417.64,NORMAL
SUPERFAST_EXPRESS,44.26,727.38,1092.83,-1.87,41.47,YELLOW,686.35,BROAD_GAUGE_NON_ELECTRIFIED,137.7,NORMAL
FREIGHT_GOODS,41.9,278.55,2587.35,1.8,15.79,RED_STOP,303.61,DOUBLE_LINE_AUTOMATIC,113.77,NORMAL
PREMIUM_SUPERFAST,55.03,518.91,991.51,0.6,54.32,YELLOW,1307.82,BROAD_GAUGE_NON_ELECTRIFIED,184.28,NORMAL
SUPERFAST_EXPRESS,96.89,355.4,2113.81,1.98,37.36,DOUBLE_YELLOW,220.78,BROAD_GAUGE_ELECTRIFIED,520.03,WARNING
PASSENGER_LOCAL,120.04,353.45,1185.06,1.72,32.54,RED_STOP,597.34,BROAD_GAUGE_NON_ELECTRIFIED,778.31,CRITICAL
FREIGHT_GOODS,112.43,422.73,3362.43,-3.15,27.2,RED_STOP,1127.78,BROAD_GAUGE_ELECTRIFIED,836.82,NORMAL
PASSENGER_LOCAL,59.19,749.34,488.76,2.75,50.44,RED_STOP,1211.09,BROAD_GAUGE_ELECTRIFIED,210.06,NORMAL
PREMIUM_SUPERFAST,153.68,230.23,1019.16,-1.91,20.98,RED_STOP,1435.23,BROAD_GAUGE_ELECTRIFIED,1400.17,NORMAL
SUPERFAST_EXPRESS,123.31,518.2,1151.16,0.37,22.86,DOUBLE_YELLOW,1778.76,BROAD_GAUGE_NON_ELECTRIFIED,818.86,NORMAL
FREIGHT_GOODS,97.61,245.41,1683.61,1.01,15.51,GREEN,165.71,DOUBLE_LINE_AUTOMATIC,527.26,NORMAL
FREIGHT_GOODS,105.64,284.99,1121.46,-2.32,44.16,GREEN,247.52,BROAD_GAUGE_NON_ELECTRIFIED,702.81,NORMAL
FREIGHT_GOODS,78.74,441.76,1923.18,3.33,36.8,RED_STOP,199.1,BROAD_GAUGE_ELECTRIFIED,353.71,CRITICAL
PASSENGER_LOCAL,54.68,480.75,3104.64,-0.08,37.41,GREEN,1086.72,BROAD_GAUGE_NON_ELECTRIFIED,182.93,NORMAL
SUPERFAST_EXPRESS,69.84,342.34,2607.4,-3.1,19.83,DOUBLE_YELLOW,152.53,BROAD_GAUGE_ELECTRIFIED,340.14,WARNING
SUPERFAST_EXPRESS,126.1,374.05,2197.88,3.06,39.3,GREEN,1877.9,DOUBLE_LINE_AUTOMATIC,854.39,NORMAL
SUPERFAST_EXPRESS,22.02,247.83,675.91,0.6,44.45,GREEN,596.35,DOUBLE_LINE_AUTOMATIC,38.66,NORMAL
PASSENGER_LOCAL,36.25,366.77,2551.38,1.39,26.1,DOUBLE_YELLOW,2351.07,BROAD_GAUGE_ELECTRIFIED,88.55,NORMAL
PREMIUM_SUPERFAST,26.44,731.61,915.88,0.18,46.06,GREEN,1241.69,DOUBLE_LINE_AUTOMATIC,52.08,NORMAL
PASSENGER_LOCAL,25.7,719.59,2837.74,2.34,25.7,RED_STOP,1143.5,BROAD_GAUGE_ELECTRIFIED,49.71,NORMAL
PREMIUM_SUPERFAST,139.76,384.18,1175.18,-3.27,44.12,RED_STOP,1962.32,BROAD_GAUGE_NON_ELECTRIFIED,1280.9,NORMAL
PASSENGER_LOCAL,118.51,513.97,1692.85,-1.62,11.52,DOUBLE_YELLOW,1797.23,BROAD_GAUGE_NON_ELECTRIFIED,836.01,NORMAL
SUPERFAST_EXPRESS,86.38,700.28,1486.46,-0.21,34.8,RED_STOP,1537.91,DOUBLE_LINE_AUTOMATIC,424.7,NORMAL
SUPERFAST_EXPRESS,33.7,203.4,3062.32,-2.96,53.63,RED_STOP,2341.11,DOUBLE_LINE_AUTOMATIC,90.61,NORMAL
SUPERFAST_EXPRESS,88.83,645.88,792.29,1.44,54.16,RED_STOP,1084.54,BROAD_GAUGE_ELECTRIFIED,442.19,NORMAL
PASSENGER_LOCAL,86.29,721.6,2153.5,-0.74,22.68,RED_STOP,2030.9,DOUBLE_LINE_AUTOMATIC,436.49,NORMAL
FREIGHT_GOODS,44.25,250.23,840.39,-1.59,29.86,RED_STOP,981.23,DOUBLE_LINE_AUTOMATIC,135.58,NORMAL
PASSENGER_LOCAL,80.74,288.8,2584.87,-3.48,12.83,GREEN,2103.95,DOUBLE_LINE_AUTOMATIC,457.71,NORMAL
PREMIUM_SUPERFAST,75.79,728.41,3205.74,1.54,49.3,DOUBLE_YELLOW,685.71,BROAD_GAUGE_ELECTRIFIED,329.65,NORMAL
PASSENGER_LOCAL,106.22,495.65,1747.28,2.34,35.59,YELLOW,758.7,BROAD_GAUGE_NON_ELECTRIFIED,617.86,NORMAL
PREMIUM_SUPERFAST,108.91,207.81,1913.09,-0.73,27.33,DOUBLE_YELLOW,1710.78,BROAD_GAUGE_ELECTRIFIED,675.22,NORMAL
PASSENGER_LOCAL,26.34,341.7,3275.01,0.45,15.07,DOUBLE_YELLOW,571.15,BROAD_GAUGE_ELECTRIFIED,51.76,NORMAL
FREIGHT_GOODS,72.45,447.47,2015.07,-1.91,52.6,DOUBLE_YELLOW,611.43,DOUBLE_LINE_AUTOMATIC,337.65,NORMAL
FREIGHT_GOODS,107.62,581.1,1911.56,0.86,33.86,GREEN,797.89,BROAD_GAUGE_NON_ELECTRIFIED,633.29,NORMAL
SUPERFAST_EXPRESS,90.44,603.24,2192.82,-3.42,22.73,DOUBLE_YELLOW,1713.38,BROAD_GAUGE_ELECTRIFIED,564.29,NORMAL
FREIGHT_GOODS,139.91,747.48,2536.61,-0.08,25.76,DOUBLE_YELLOW,2229.0,DOUBLE_LINE_AUTOMATIC,1045.85,NORMAL
PASSENGER_LOCAL,112.22,358.13,731.34,1.01,22.18,GREEN,1702.69,BROAD_GAUGE_ELECTRIFIED,685.21,NORMAL
FREIGHT_GOODS,42.81,496.02,2945.44,2.93,37.08,RED_STOP,2078.14,DOUBLE_LINE_AUTOMATIC,118.12,NORMAL
SUPERFAST_EXPRESS,29.88,493.33,1750.07,-0.83,51.85,YELLOW,1381.72,BROAD_GAUGE_NON_ELECTRIFIED,66.16,NORMAL
PASSENGER_LOCAL,109.94,423.1,624.28,1.86,48.55,RED_STOP,218.86,BROAD_GAUGE_NON_ELECTRIFIED,659.22,CRITICAL
PREMIUM_SUPERFAST,23.71,293.04,2837.17,0.68,30.72,DOUBLE_YELLOW,296.14,DOUBLE_LINE_AUTOMATIC,43.58,NORMAL
PASSENGER_LOCAL,102.01,737.6,1568.54,2.99,47.19,RED_STOP,1408.26,BROAD_GAUGE_ELECTRIFIED,572.66,NORMAL
SUPERFAST_EXPRESS,151.63,669.32,711.14,-0.71,29.04,GREEN,853.11,BROAD_GAUGE_ELECTRIFIED,1265.7,NORMAL
FREIGHT_GOODS,100.57,474.08,2364.72,-1.27,21.35,YELLOW,590.39,BROAD_GAUGE_NON_ELECTRIFIED,599.49,WARNING
FREIGHT_GOODS,74.34,531.78,3128.41,2.71,54.25,RED_STOP,1192.33,BROAD_GAUGE_ELECTRIFIED,318.17,NORMAL
PASSENGER_LOCAL,110.06,324.99,3152.04,-3.16,23.67,DOUBLE_YELLOW,1682.92,DOUBLE_LINE_AUTOMATIC,804.1,NORMAL
PREMIUM_SUPERFAST,84.16,499.08,3368.76,-2.55,24.57,YELLOW,993.23,DOUBLE_LINE_AUTOMATIC,464.59,NORMAL
PREMIUM_SUPERFAST,96.39,582.23,3089.89,-2.92,54.54,DOUBLE_YELLOW,2016.23,DOUBLE_LINE_AUTOMATIC,615.12,NORMAL
PREMIUM_SUPERFAST,151.81,483.34,406.64,2.4,16.03,RED_STOP,1859.38,BROAD_GAUGE_NON_ELECTRIFIED,1216.76,NORMAL
PREMIUM_SUPERFAST,74.05,744.66,1578.75,-3.43,44.22,RED_STOP,1850.54,BROAD_GAUGE_NON_ELECTRIFIED,387.95,NORMAL
PASSENGER_LOCAL,154.57,536.24,2937.48,2.53,52.11,DOUBLE_YELLOW,2463.71,BROAD_GAUGE_NON_ELECTRIFIED,1259.48,WARNING
FREIGHT_GOODS,146.75,404.04,1535.38,-0.34,33.03,YELLOW,773.31,DOUBLE_LINE_AUTOMATIC,1163.08,WARNING
PREMIUM_SUPERFAST,47.41,624.68,2264.8,-3.47,10.11,YELLOW,1629.58,BROAD_GAUGE_NON_ELECTRIFIED,171.36,NORMAL
PASSENGER_LOCAL,29.71,293.75,2279.58,-0.69,26.88,YELLOW,2145.92,DOUBLE_LINE_AUTOMATIC,65.12,NORMAL
PASSENGER_LOCAL,34.11,411.48,1531.58,-2.19,15.02,RED_STOP,1469.83,BROAD_GAUGE_ELECTRIFIED,88.7,NORMAL
PASSENGER_LOCAL,22.55,390.83,3203.87,0.87,28.73,RED_STOP,1984.28,BROAD_GAUGE_NON_ELECTRIFIED,40.19,NORMAL
PREMIUM_SUPERFAST,33.22,437.49,1960.01,1.26,45.55,DOUBLE_YELLOW,1065.41,BROAD_GAUGE_ELECTRIFIED,76.3,NORMAL
PREMIUM_SUPERFAST,115.62,629.98,1840.83,-0.09,29.74,DOUBLE_YELLOW,1496.7,BROAD_GAUGE_ELECTRIFIED,728.52,NORMAL
PASSENGER_LOCAL,29.97,466.3,3492.29,-3.22,29.44,GREEN,186.38,BROAD_GAUGE_NON_ELECTRIFIED,75.01,NORMAL
PASSENGER_LOCAL,64.66,636.71,1929.85,1.09,35.06,GREEN,2465.13,BROAD_GAUGE_NON_ELECTRIFIED,246.51,NORMAL
PASSENGER_LOCAL,138.28,517.07,953.03,2.39,36.18,GREEN,2010.05,BROAD_GAUGE_ELECTRIFIED,1018.2,NORMAL
FREIGHT_GOODS,23.26,388.14,1990.52,1.54,48.53,DOUBLE_YELLOW,2178.58,BROAD_GAUGE_ELECTRIFIED,42.24,NORMAL
FREIGHT_GOODS,134.03,645.49,2923.45,2.31,23.88,YELLOW,1751.02,BROAD_GAUGE_ELECTRIFIED,959.34,NORMAL
SUPERFAST_EXPRESS,59.46,331.06,2808.27,-2.1,46.98,GREEN,505.82,DOUBLE_LINE_AUTOMATIC,237.5,NORMAL
SUPERFAST_EXPRESS,36.54,323.41,2844.6,2.72,35.47,DOUBLE_YELLOW,126.02,BROAD_GAUGE_ELECTRIFIED,89.78,NORMAL
PREMIUM_SUPERFAST,117.54,477.48,2594.87,-1.24,23.52,RED_STOP,2168.41,DOUBLE_LINE_AUTOMATIC,804.13,NORMAL
FREIGHT_GOODS,108.05,343.47,1188.08,-3.41,23.28,YELLOW,1021.01,BROAD_GAUGE_NON_ELECTRIFIED,790.36,NORMAL
SUPERFAST_EXPRESS,142.85,205.0,3072.46,2.4,26.25,GREEN,696.47,BROAD_GAUGE_ELECTRIFIED,1083.24,NORMAL
PASSENGER_LOCAL,122.91,556.56,3169.67,3.09,38.02,RED_STOP,1426.1,BROAD_GAUGE_NON_ELECTRIFIED,813.89,NORMAL
PASSENGER_LOCAL,132.49,481.1,1001.87,1.09,20.39,YELLOW,1081.2,BROAD_GAUGE_ELECTRIFIED,938.5,WARNING
PREMIUM_SUPERFAST,59.48,445.03,804.41,-1.88,51.42,YELLOW,1646.58,BROAD_GAUGE_NON_ELECTRIFIED,234.67,NORMAL
PREMIUM_SUPERFAST,44.84,731.83,3424.38,-1.74,35.87,RED_STOP,1235.29,BROAD_GAUGE_ELECTRIFIED,139.92,NORMAL
SUPERFAST_EXPRESS,125.09,514.16,3091.8,-0.23,51.4,GREEN,1758.22,DOUBLE_LINE_AUTOMATIC,852.62,NORMAL
PASSENGER_LOCAL,132.96,674.89,3169.03,2.78,12.09,GREEN,2140.89,BROAD_GAUGE_NON_ELECTRIFIED,944.84,NORMAL
PREMIUM_SUPERFAST,158.67,276.7,3147.77,-2.45,25.42,RED_STOP,529.11,BROAD_GAUGE_NON_ELECTRIFIED,1544.16,CRITICAL
PREMIUM_SUPERFAST,77.77,513.06,2079.23,2.28,11.03,RED_STOP,857.11,BROAD_GAUGE_ELECTRIFIED,345.65,NORMAL
FREIGHT_GOODS,72.08,677.39,2403.85,-1.46,22.25,RED_STOP,1120.2,DOUBLE_LINE_AUTOMATIC,325.81,NORMAL
SUPERFAST_EXPRESS,128.7,520.71,2090.62,2.16,48.79,DOUBLE_YELLOW,2407.04,DOUBLE_LINE_AUTOMATIC,888.14,NORMAL
PREMIUM_SUPERFAST,67.71,594.91,558.74,2.94,11.65,YELLOW,945.07,DOUBLE_LINE_AUTOMATIC,268.13,NORMAL
SUPERFAST_EXPRESS,150.31,404.62,2711.06,-0.51,29.63,GREEN,983.69,BROAD_GAUGE_ELECTRIFIED,1229.57,NORMAL
PASSENGER_LOCAL,140.18,250.85,1966.53,-0.94,15.29,GREEN,1651.01,BROAD_GAUGE_NON_ELECTRIFIED,1104.42,NORMAL
SUPERFAST_EXPRESS,80.06,451.85,2407.9,2.12,28.76,RED_STOP,1077.04,BROAD_GAUGE_ELECTRIFIED,364.7,NORMAL
PREMIUM_SUPERFAST,125.12,416.96,1958.18,0.21,47.75,YELLOW,2380.5,DOUBLE_LINE_AUTOMATIC,841.88,NORMAL
FREIGHT_GOODS,125.64,676.88,1924.62,1.29,38.04,RED_STOP,2241.45,DOUBLE_LINE_AUTOMATIC,848.46,NORMAL
SUPERFAST_EXPRESS,34.44,334.2,932.55,0.86,43.15,YELLOW,1307.85,BROAD_GAUGE_NON_ELECTRIFIED,81.11,NORMAL
SUPERFAST_EXPRESS,146.36,731.7,1264.01,-2.43,25.71,RED_STOP,1629.7,BROAD_GAUGE_ELECTRIFIED,1319.61,NORMAL
PASSENGER_LOCAL,90.74,726.98,892.44,2.41,52.5,RED_STOP,192.17,BROAD_GAUGE_ELECTRIFIED,460.04,CRITICAL
FREIGHT_GOODS,135.7,336.2,1006.57,-2.13,41.92,YELLOW,1754.54,DOUBLE_LINE_AUTOMATIC,1118.69,NORMAL
SUPERFAST_EXPRESS,64.81,391.43,3416.23,3.03,28.98,GREEN,1782.64,BROAD_GAUGE_NON_ELECTRIFIED,247.55,NORMAL
FREIGHT_GOODS,145.37,692.56,874.65,-1.75,29.19,GREEN,930.04,BROAD_GAUGE_NON_ELECTRIFIED,1244.96,NORMAL
PREMIUM_SUPERFAST,74.49,731.64,1234.74,1.64,51.34,DOUBLE_YELLOW,588.22,DOUBLE_LINE_AUTOMATIC,319.31,NORMAL
FREIGHT_GOODS,21.52,443.89,2230.83,-1.51,35.94,YELLOW,2291.94,BROAD_GAUGE_ELECTRIFIED,39.59,NORMAL
PREMIUM_SUPERFAST,146.75,376.55,2291.55,-1.28,41.79,GREEN,1095.43,BROAD_GAUGE_ELECTRIFIED,1230.49,NORMAL
PASSENGER_LOCAL,32.78,489.35,877.32,-1.33,28.77,GREEN,1651.58,BROAD_GAUGE_NON_ELECTRIFIED,79.28,NORMAL
PASSENGER_LOCAL,64.7,578.27,2860.52,1.74,20.07,YELLOW,131.66,BROAD_GAUGE_NON_ELECTRIFIED,246.83,WARNING
PASSENGER_LOCAL,153.01,350.41,2834.13,0.4,42.56,GREEN,1064.46,DOUBLE_LINE_AUTOMATIC,1235.29,NORMAL
PREMIUM_SUPERFAST,153.09,605.06,1135.68,2.68,37.35,YELLOW,2052.28,BROAD_GAUGE_NON_ELECTRIFIED,1236.47,NORMAL
SUPERFAST_EXPRESS,100.28,228.41,1294.87,-1.35,32.56,GREEN,999.56,BROAD_GAUGE_ELECTRIFIED,599.24,NORMAL
PREMIUM_SUPERFAST,108.46,227.11,3307.76,1.34,38.08,RED_STOP,1527.74,BROAD_GAUGE_ELECTRIFIED,642.59,NORMAL
FREIGHT_GOODS,82.78,412.46,2959.58,1.77,19.37,YELLOW,564.15,BROAD_GAUGE_NON_ELECTRIFIED,387.97,NORMAL
FREIGHT_GOODS,61.05,394.41,2563.17,-2.44,45.73,YELLOW,1070.49,DOUBLE_LINE_AUTOMATIC,254.47,NORMAL
PREMIUM_SUPERFAST,66.01,373.6,654.92,-0.7,52.67,GREEN,2322.71,BROAD_GAUGE_ELECTRIFIED,265.55,NORMAL
PASSENGER_LOCAL,114.15,470.06,1696.62,-0.12,50.1,YELLOW,1437.81,BROAD_GAUGE_ELECTRIFIED,712.45,NORMAL
PASSENGER_LOCAL,125.33,376.4,2133.84,-1.01,24.46,DOUBLE_YELLOW,2259.73,DOUBLE_LINE_AUTOMATIC,895.62,NORMAL
FREIGHT_GOODS,130.82,305.74,980.97,-1.25,28.27,DOUBLE_YELLOW,2259.95,BROAD_GAUGE_NON_ELECTRIFIED,985.84,NORMAL
FREIGHT_GOODS,130.55,370.21,1789.5,1.3,46.38,YELLOW,2363.16,BROAD_GAUGE_ELECTRIFIED,912.53,NORMAL
SUPERFAST_EXPRESS,32.77,736.2,2263.18,-1.99,36.78,DOUBLE_YELLOW,2243.71,BROAD_GAUGE_ELECTRIFIED,81.89,NORMAL
SUPERFAST_EXPRESS,89.22,426.11,1414.87,1.47,34.66,GREEN,58.04,DOUBLE_LINE_AUTOMATIC,445.83,NORMAL
SUPERFAST_EXPRESS,28.06,444.59,2820.93,3.05,51.7,GREEN,2338.34,BROAD_GAUGE_NON_ELECTRIFIED,57.45,NORMAL
FREIGHT_GOODS,96.93,517.1,3005.39,0.46,34.12,YELLOW,386.78,DOUBLE_LINE_AUTOMATIC,520.45,WARNING
SUPERFAST_EXPRESS,81.81,740.84,1403.19,0.78,33.17,GREEN,147.82,DOUBLE_LINE_AUTOMATIC,379.62,NORMAL
FREIGHT_GOODS,144.28,332.88,2999.84,-3.02,11.89,GREEN,185.7,BROAD_GAUGE_NON_ELECTRIFIED,1337.39,NORMAL
FREIGHT_GOODS,69.13,574.71,721.09,2.55,13.12,DOUBLE_YELLOW,904.84,BROAD_GAUGE_ELECTRIFIED,278.46,NORMAL
PREMIUM_SUPERFAST,36.39,593.79,2996.96,-1.5,10.33,GREEN,1570.97,DOUBLE_LINE_AUTOMATIC,95.74,NORMAL
SUPERFAST_EXPRESS,40.02,534.03,873.53,0.81,51.1,GREEN,1035.66,BROAD_GAUGE_ELECTRIFIED,105.02,NORMAL
PREMIUM_SUPERFAST,126.61,248.72,657.07,3.35,28.38,DOUBLE_YELLOW,112.61,BROAD_GAUGE_ELECTRIFIED,861.0,WARNING
PREMIUM_SUPERFAST,106.55,572.28,2389.5,0.67,31.09,RED_STOP,1217.38,BROAD_GAUGE_ELECTRIFIED,621.5,NORMAL
SUPERFAST_EXPRESS,34.16,235.25,1863.01,1.57,48.04,YELLOW,1133.22,BROAD_GAUGE_ELECTRIFIED,79.99,NORMAL
FREIGHT_GOODS,31.77,527.88,3214.46,-0.38,37.42,YELLOW,1904.28,DOUBLE_LINE_AUTOMATIC,71.95,NORMAL
FREIGHT_GOODS,118.14,606.77,1525.89,-3.08,37.43,RED_STOP,735.05,BROAD_GAUGE_NON_ELECTRIFIED,915.35,CRITICAL
FREIGHT_GOODS,30.19,316.03,1290.17,2.08,23.34,DOUBLE_YELLOW,582.95,BROAD_GAUGE_ELECTRIFIED,64.91,NORMAL
SUPERFAST_EXPRESS,135.06,662.89,1952.28,-3.26,47.53,DOUBLE_YELLOW,677.05,BROAD_GAUGE_ELECTRIFIED,1198.15,WARNING
FREIGHT_GOODS,118.87,216.69,1813.43,1.4,17.46,GREEN,794.16,BROAD_GAUGE_ELECTRIFIED,764.02,NORMAL
PREMIUM_SUPERFAST,31.39,664.1,1467.73,-3.34,12.39,GREEN,1517.95,BROAD_GAUGE_NON_ELECTRIFIED,81.85,NORMAL
PASSENGER_LOCAL,31.88,453.18,2550.6,2.54,18.62,YELLOW,1205.24,BROAD_GAUGE_ELECTRIFIED,71.14,NORMAL
SUPERFAST_EXPRESS,158.13,319.67,2754.64,-2.4,22.05,YELLOW,875.39,BROAD_GAUGE_NON_ELECTRIFIED,1528.12,WARNING
PASSENGER_LOCAL,72.4,273.58,3044.25,0.1,22.7,DOUBLE_YELLOW,967.07,DOUBLE_LINE_AUTOMATIC,303.05,NORMAL
PREMIUM_SUPERFAST,71.89,724.32,3415.86,0.68,40.17,GREEN,958.76,BROAD_GAUGE_NON_ELECTRIFIED,299.16,NORMAL
PASSENGER_LOCAL,133.79,239.97,1226.63,-0.3,19.8,DOUBLE_YELLOW,2432.4,BROAD_GAUGE_ELECTRIFIED,972.5,NORMAL
PREMIUM_SUPERFAST,152.61,309.5,2619.89,-1.11,40.45,RED_STOP,620.84,DOUBLE_LINE_AUTOMATIC,1313.32,CRITICAL
PASSENGER_LOCAL,158.04,391.3,1622.2,-0.23,14.1,YELLOW,2054.25,BROAD_GAUGE_NON_ELECTRIFIED,1331.46,NORMAL
PASSENGER_LOCAL,125.47,541.13,2498.95,-1.32,16.62,YELLOW,1785.12,BROAD_GAUGE_ELECTRIFIED,914.64,NORMAL
FREIGHT_GOODS,72.68,499.64,1875.54,-0.43,32.9,DOUBLE_YELLOW,63.65,DOUBLE_LINE_AUTOMATIC,312.28,WARNING
PASSENGER_LOCAL,31.69,269.1,3480.7,-0.99,51.49,GREEN,2483.28,DOUBLE_LINE_AUTOMATIC,73.62,NORMAL
PREMIUM_SUPERFAST,128.8,359.35,2659.6,0.46,48.68,GREEN,1903.28,BROAD_GAUGE_NON_ELECTRIFIED,889.48,NORMAL
PREMIUM_SUPERFAST,98.18,331.31,3352.72,-1.83,53.59,RED_STOP,1722.0,BROAD_GAUGE_ELECTRIFIED,593.2,NORMAL
PREMIUM_SUPERFAST,79.39,317.45,2988.41,3.42,39.27,RED_STOP,1043.05,BROAD_GAUGE_NON_ELECTRIFIED,359.09,NORMAL
SUPERFAST_EXPRESS,146.89,426.13,3198.99,0.01,40.41,RED_STOP,1410.25,DOUBLE_LINE_AUTOMATIC,1142.54,NORMAL
PREMIUM_SUPERFAST,35.57,587.22,2924.7,-2.14,38.13,DOUBLE_YELLOW,670.51,DOUBLE_LINE_AUTOMATIC,95.13,NORMAL
SUPERFAST_EXPRESS,88.97,319.6,1823.39,-0.16,38.03,YELLOW,136.93,BROAD_GAUGE_ELECTRIFIED,447.37,WARNING
PREMIUM_SUPERFAST,21.59,401.67,1180.54,2.56,16.62,DOUBLE_YELLOW,2098.25,DOUBLE_LINE_AUTOMATIC,37.47,NORMAL
SUPERFAST_EXPRESS,85.61,415.0,1547.99,-3.35,34.47,DOUBLE_YELLOW,2246.39,BROAD_GAUGE_ELECTRIFIED,506.43,NORMAL
PASSENGER_LOCAL,27.88,737.05,462.73,1.26,27.37,GREEN,448.05,BROAD_GAUGE_NON_ELECTRIFIED,56.85,NORMAL
PASSENGER_LOCAL,36.63,725.07,2024.38,0.34,29.91,RED_STOP,1978.29,DOUBLE_LINE_AUTOMATIC,90.16,NORMAL
PREMIUM_SUPERFAST,36.45,640.08,1965.68,-2.31,33.56,YELLOW,1865.82,DOUBLE_LINE_AUTOMATIC,100.23,NORMAL
SUPERFAST_EXPRESS,110.89,332.91,2028.28,2.22,15.78,RED_STOP,487.02,BROAD_GAUGE_ELECTRIFIED,670.01,CRITICAL
FREIGHT_GOODS,124.45,237.42,3419.5,-0.92,26.18,RED_STOP,1083.48,BROAD_GAUGE_ELECTRIFIED,878.73,NORMAL
FREIGHT_GOODS,101.67,374.3,3225.51,-1.44,12.86,RED_STOP,1085.76,BROAD_GAUGE_NON_ELECTRIFIED,618.55,NORMAL
FREIGHT_GOODS,154.7,346.74,901.31,2.3,54.09,YELLOW,1911.91,BROAD_GAUGE_ELECTRIFIED,1261.63,WARNING
PASSENGER_LOCAL,72.48,478.26,1543.54,0.97,15.33,GREEN,2102.27,DOUBLE_LINE_AUTOMATIC,303.69,NORMAL
PASSENGER_LOCAL,60.0,627.75,1714.26,2.79,21.63,YELLOW,282.2,BROAD_GAUGE_NON_ELECTRIFIED,215.28,NORMAL
SUPERFAST_EXPRESS,141.6,672.08,1517.65,0.91,50.11,YELLOW,1429.27,BROAD_GAUGE_NON_ELECTRIFIED,1065.33,WARNING
PREMIUM_SUPERFAST,51.3,664.68,2875.34,1.69,31.72,GREEN,1916.28,BROAD_GAUGE_NON_ELECTRIFIED,162.56,NORMAL
PASSENGER_LOCAL,154.85,397.82,2024.52,2.36,16.1,YELLOW,1976.17,BROAD_GAUGE_ELECTRIFIED,1263.92,NORMAL
PREMIUM_SUPERFAST,21.7,577.98,2173.51,-3.12,27.29,YELLOW,412.58,BROAD_GAUGE_ELECTRIFIED,43.28,NORMAL
FREIGHT_GOODS,155.78,372.06,3044.34,1.93,15.21,DOUBLE_YELLOW,1337.49,DOUBLE_LINE_AUTOMATIC,1278.53,WARNING
FREIGHT_GOODS,26.04,233.5,2898.38,0.8,19.01,YELLOW,2151.02,BROAD_GAUGE_NON_ELECTRIFIED,50.79,NORMAL
PREMIUM_SUPERFAST,144.76,585.86,809.86,-3.01,12.34,DOUBLE_YELLOW,830.37,BROAD_GAUGE_NON_ELECTRIFIED,1345.61,WARNING
SUPERFAST_EXPRESS,93.88,205.41,2613.14,0.06,29.72,DOUBLE_YELLOW,1091.54,BROAD_GAUGE_NON_ELECTRIFIED,490.21,NORMAL
FREIGHT_GOODS,159.02,425.05,1749.85,-2.92,46.3,DOUBLE_YELLOW,2020.68,DOUBLE_LINE_AUTOMATIC,1602.39,NORMAL
SUPERFAST_EXPRESS,30.33,381.16,1313.41,1.65,36.37,RED_STOP,268.83,BROAD_GAUGE_ELECTRIFIED,65.43,NORMAL
FREIGHT_GOODS,97.54,581.36,555.06,0.33,37.29,GREEN,2155.76,BROAD_GAUGE_NON_ELECTRIFIED,526.55,NORMAL
PASSENGER_LOCAL,155.7,621.44,1910.47,3.18,19.03,RED_STOP,812.33,BROAD_GAUGE_ELECTRIFIED,1277.26,CRITICAL
FREIGHT_GOODS,93.23,367.25,1501.85,-2.22,25.48,GREEN,53.55,BROAD_GAUGE_ELECTRIFIED,551.41,NORMAL
SUPERFAST_EXPRESS,108.12,646.39,1179.69,0.74,48.04,YELLOW,623.69,BROAD_GAUGE_ELECTRIFIED,638.79,WARNING
PASSENGER_LOCAL,117.4,361.65,2553.48,-2.02,13.95,DOUBLE_YELLOW,269.28,BROAD_GAUGE_ELECTRIFIED,842.25,WARNING
FREIGHT_GOODS,83.64,445.48,2785.4,0.8,48.61,RED_STOP,276.34,BROAD_GAUGE_ELECTRIFIED,395.41,CRITICAL
PASSENGER_LOCAL,107.86,599.86,1158.85,1.56,31.77,YELLOW,1747.45,DOUBLE_LINE_AUTOMATIC,635.92,NORMAL
PASSENGER_LOCAL,101.8,581.11,553.29,1.56,47.67,RED_STOP,574.24,BROAD_GAUGE_ELECTRIFIED,570.51,NORMAL
FREIGHT_GOODS,146.16,743.05,3031.13,2.21,24.31,YELLOW,2340.12,BROAD_GAUGE_NON_ELECTRIFIED,1131.76,NORMAL
PREMIUM_SUPERFAST,26.36,323.84,430.88,2.47,25.25,RED_STOP,1315.29,BROAD_GAUGE_NON_ELECTRIFIED,51.82,NORMAL
PREMIUM_SUPERFAST,59.33,564.27,3305.05,-2.96,43.82,YELLOW,1177.24,BROAD_GAUGE_NON_ELECTRIFIED,249.51,NORMAL
SUPERFAST_EXPRESS,153.06,535.33,2345.62,-1.1,45.32,YELLOW,1113.99,DOUBLE_LINE_AUTOMATIC,1319.22,WARNING
SUPERFAST_EXPRESS,144.64,703.3,1397.72,1.31,20.33,RED_STOP,1746.84,BROAD_GAUGE_ELECTRIFIED,1109.31,NORMAL
FREIGHT_GOODS,83.79,286.0,1164.08,-0.01,53.78,YELLOW,1158.04,BROAD_GAUGE_NON_ELECTRIFIED,396.99,NORMAL
PASSENGER_LOCAL,106.82,613.49,427.92,-2.17,13.8,DOUBLE_YELLOW,365.07,BROAD_GAUGE_NON_ELECTRIFIED,710.56,WARNING
PASSENGER_LOCAL,58.83,512.55,1129.96,0.37,13.08,DOUBLE_YELLOW,2206.42,BROAD_GAUGE_NON_ELECTRIFIED,207.78,NORMAL
PREMIUM_SUPERFAST,46.34,351.07,826.96,-0.65,36.8,DOUBLE_YELLOW,1099.57,BROAD_GAUGE_ELECTRIFIED,140.09,NORMAL
PREMIUM_SUPERFAST,84.92,460.94,2297.72,-0.77,42.52,DOUBLE_YELLOW,231.31,BROAD_GAUGE_NON_ELECTRIFIED,424.3,WARNING
PASSENGER_LOCAL,69.47,383.58,916.29,2.17,53.24,GREEN,1346.95,BROAD_GAUGE_ELECTRIFIED,280.98,NORMAL
PASSENGER_LOCAL,101.71,518.62,2038.75,-0.65,28.22,RED_STOP,1636.0,BROAD_GAUGE_NON_ELECTRIFIED,590.56,NORMAL
SUPERFAST_EXPRESS,30.88,688.95,2229.36,-3.31,11.14,DOUBLE_YELLOW,725.18,BROAD_GAUGE_NON_ELECTRIFIED,79.46,NORMAL
PASSENGER_LOCAL,156.42,513.12,1323.93,-3.09,37.13,DOUBLE_YELLOW,2010.83,BROAD_GAUGE_ELECTRIFIED,1571.29,NORMAL
PASSENGER_LOCAL,158.07,547.45,508.7,2.49,23.04,DOUBLE_YELLOW,1690.95,BROAD_GAUGE_NON_ELECTRIFIED,1314.73,NORMAL
FREIGHT_GOODS,117.74,485.31,515.49,3.22,29.48,GREEN,1643.34,DOUBLE_LINE_AUTOMATIC,750.33,NORMAL
PASSENGER_LOCAL,95.05,228.14,481.68,1.32,31.98,RED_STOP,1081.02,BROAD_GAUGE_ELECTRIFIED,501.73,NORMAL
PREMIUM_SUPERFAST,63.33,328.07,2691.29,-0.95,12.9,YELLOW,2406.69,BROAD_GAUGE_NON_ELECTRIFIED,249.62,NORMAL
PREMIUM_SUPERFAST,133.93,470.6,1385.83,3.07,31.87,GREEN,721.76,DOUBLE_LINE_AUTOMATIC,958.05,NORMAL
SUPERFAST_EXPRESS,115.86,370.63,2868.53,1.14,29.18,DOUBLE_YELLOW,1465.38,DOUBLE_LINE_AUTOMATIC,727.84,NORMAL
SUPERFAST_EXPRESS,42.77,299.97,1738.37,2.41,42.06,DOUBLE_YELLOW,807.19,BROAD_GAUGE_ELECTRIFIED,117.9,NORMAL
FREIGHT_GOODS,147.53,477.27,1804.29,1.86,39.05,GREEN,1874.77,BROAD_GAUGE_NON_ELECTRIFIED,1152.08,NORMAL
SUPERFAST_EXPRESS,135.16,377.55,1989.94,-0.85,18.33,RED_STOP,167.09,BROAD_GAUGE_ELECTRIFIED,1023.97,CRITICAL
PASSENGER_LOCAL,152.97,341.96,2610.4,-0.15,19.28,RED_STOP,162.44,DOUBLE_LINE_AUTOMATIC,1245.34,CRITICAL
PASSENGER_LOCAL,121.6,455.19,1247.86,-2.2,21.3,YELLOW,2036.61,DOUBLE_LINE_AUTOMATIC,911.05,NORMAL
FREIGHT_GOODS,105.88,273.31,776.92,-1.46,18.05,GREEN,1113.96,BROAD_GAUGE_ELECTRIFIED,668.26,NORMAL
PREMIUM_SUPERFAST,78.55,710.26,2123.78,1.95,39.57,RED_STOP,885.89,BROAD_GAUGE_ELECTRIFIED,352.14,NORMAL
PASSENGER_LOCAL,150.58,677.24,1413.63,2.76,54.75,GREEN,1538.44,BROAD_GAUGE_NON_ELECTRIFIED,1198.08,WARNING
PASSENGER_LOCAL,141.25,589.19,1771.72,1.57,39.34,RED_STOP,1769.65,DOUBLE_LINE_AUTOMATIC,1060.25,NORMAL
FREIGHT_GOODS,26.33,258.42,2405.53,-0.24,37.3,RED_STOP,542.94,BROAD_GAUGE_ELECTRIFIED,52.24,NORMAL
PREMIUM_SUPERFAST,23.69,626.73,1931.79,-2.89,28.45,DOUBLE_YELLOW,504.31,DOUBLE_LINE_AUTOMATIC,49.5,NORMAL
SUPERFAST_EXPRESS,72.7,644.38,2322.86,-3.1,24.07,RED_STOP,2397.47,BROAD_GAUGE_ELECTRIFIED,366.7,NORMAL
PASSENGER_LOCAL,133.48,622.27,2087.02,-0.88,51.0,RED_STOP,1494.68,BROAD_GAUGE_NON_ELECTRIFIED,1001.88,WARNING
PREMIUM_SUPERFAST,158.22,262.68,2693.37,-0.25,53.61,GREEN,1005.79,DOUBLE_LINE_AUTOMATIC,1336.52,WARNING
FREIGHT_GOODS,41.06,554.15,2588.4,0.76,32.35,RED_STOP,2013.53,BROAD_GAUGE_NON_ELECTRIFIED,109.81,NORMAL
FREIGHT_GOODS,103.18,658.88,2055.99,-3.45,23.06,RED_STOP,1336.64,BROAD_GAUGE_NON_ELECTRIFIED,726.42,NORMAL
PREMIUM_SUPERFAST,73.32,517.54,2504.6,3.43,44.66,GREEN,642.07,DOUBLE_LINE_AUTOMATIC,310.2,NORMAL
FREIGHT_GOODS,155.79,555.52,3108.03,-0.95,15.96,RED_STOP,556.5,BROAD_GAUGE_ELECTRIFIED,1352.69,CRITICAL
SUPERFAST_EXPRESS,137.9,452.1,1740.04,2.44,44.45,GREEN,1022.31,BROAD_GAUGE_NON_ELECTRIFIED,1012.79,NORMAL
PREMIUM_SUPERFAST,137.37,490.79,1679.57,0.24,46.85,GREEN,2156.74,BROAD_GAUGE_NON_ELECTRIFIED,1005.38,NORMAL
SUPERFAST_EXPRESS,85.62,218.91,2769.16,-2.59,15.62,GREEN,200.55,DOUBLE_LINE_AUTOMATIC,481.14,NORMAL
FREIGHT_GOODS,78.07,551.43,2205.92,2.08,53.96,GREEN,585.39,DOUBLE_LINE_AUTOMATIC,348.18,NORMAL
SUPERFAST_EXPRESS,58.28,244.8,620.12,1.47,54.35,DOUBLE_YELLOW,2238.22,DOUBLE_LINE_AUTOMATIC,204.25,NORMAL
SUPERFAST_EXPRESS,27.89,439.26,3165.55,0.19,52.15,DOUBLE_YELLOW,348.25,BROAD_GAUGE_NON_ELECTRIFIED,56.89,NORMAL
SUPERFAST_EXPRESS,141.06,360.96,495.43,0.1,32.32,DOUBLE_YELLOW,1592.58,BROAD_GAUGE_ELECTRIFIED,1057.56,NORMAL
SUPERFAST_EXPRESS,133.81,499.99,2720.03,-2.89,21.07,DOUBLE_YELLOW,573.1,BROAD_GAUGE_ELECTRIFIED,1146.5,WARNING
PREMIUM_SUPERFAST,159.96,273.38,2752.26,1.09,36.19,GREEN,1534.37,DOUBLE_LINE_AUTOMATIC,1345.04,NORMAL
FREIGHT_GOODS,159.53,580.4,3354.64,2.88,28.9,GREEN,988.61,BROAD_GAUGE_NON_ELECTRIFIED,1338.1,NORMAL
FREIGHT_GOODS,97.76,637.26,567.82,-2.85,19.27,GREEN,299.11,BROAD_GAUGE_NON_ELECTRIFIED,628.56,NORMAL
PASSENGER_LOCAL,127.66,289.84,2250.26,-1.66,29.07,GREEN,1477.06,BROAD_GAUGE_NON_ELECTRIFIED,965.26,NORMAL
SUPERFAST_EXPRESS,152.27,257.37,1726.31,2.82,39.88,DOUBLE_YELLOW,1723.45,DOUBLE_LINE_AUTOMATIC,1223.86,NORMAL
SUPERFAST_EXPRESS,138.95,280.03,1424.96,-1.51,13.19,RED_STOP,1716.67,BROAD_GAUGE_NON_ELECTRIFIED,1124.59,NORMAL
PASSENGER_LOCAL,54.63,682.42,679.99,1.08,25.0,DOUBLE_YELLOW,1610.73,BROAD_GAUGE_NON_ELECTRIFIED,181.86,NORMAL
PASSENGER_LOCAL,83.08,490.5,2144.23,0.24,10.8,GREEN,1275.55,BROAD_GAUGE_ELECTRIFIED,390.53,NORMAL
SUPERFAST_EXPRESS,38.08,456.99,1885.03,0.67,43.73,GREEN,1322.71,DOUBLE_LINE_AUTOMATIC,96.39,NORMAL
FREIGHT_GOODS,153.57,258.69,724.12,-0.59,38.83,RED_STOP,1607.32,DOUBLE_LINE_AUTOMATIC,1287.44,NORMAL
PASSENGER_LOCAL,104.86,557.26,2298.72,-1.4,12.82,GREEN,1741.14,DOUBLE_LINE_AUTOMATIC,653.99,NORMAL
SUPERFAST_EXPRESS,52.01,677.4,2687.65,-3.16,53.41,RED_STOP,1654.45,BROAD_GAUGE_NON_ELECTRIFIED,198.68,NORMAL
FREIGHT_GOODS,114.04,655.5,2778.56,1.71,11.02,GREEN,1488.02,BROAD_GAUGE_NON_ELECTRIFIED,706.35,NORMAL
PREMIUM_SUPERFAST,106.54,544.33,3206.66,1.72,36.55,RED_STOP,431.81,BROAD_GAUGE_ELECTRIFIED,621.36,CRITICAL
PASSENGER_LOCAL,70.14,241.4,1669.36,1.2,44.94,YELLOW,566.01,DOUBLE_LINE_AUTOMATIC,285.98,NORMAL
PASSENGER_LOCAL,35.9,261.82,3354.53,1.01,45.46,YELLOW,687.55,BROAD_GAUGE_NON_ELECTRIFIED,87.08,NORMAL
FREIGHT_GOODS,114.02,227.12,3082.83,-1.79,11.54,YELLOW,2303.17,BROAD_GAUGE_ELECTRIFIED,785.31,NORMAL
PREMIUM_SUPERFAST,92.84,341.61,1319.15,-3.34,50.79,YELLOW,1910.52,BROAD_GAUGE_NON_ELECTRIFIED,589.99,NORMAL
FREIGHT_GOODS,128.12,274.61,893.78,2.16,51.33,GREEN,1404.52,BROAD_GAUGE_NON_ELECTRIFIED,880.64,NORMAL
PASSENGER_LOCAL,92.82,343.03,1749.71,-0.06,35.26,GREEN,667.54,DOUBLE_LINE_AUTOMATIC,481.59,NORMAL
PREMIUM_SUPERFAST,139.31,411.78,1645.89,-1.35,31.69,GREEN,321.68,DOUBLE_LINE_AUTOMATIC,1118.99,NORMAL
SUPERFAST_EXPRESS,97.27,718.64,2184.73,-2.79,12.02,YELLOW,2251.96,BROAD_GAUGE_NON_ELECTRIFIED,620.01,NORMAL
PASSENGER_LOCAL,98.53,535.71,2208.5,-3.06,35.29,RED_STOP,2237.03,BROAD_GAUGE_NON_ELECTRIFIED,647.37,NORMAL
FREIGHT_GOODS,142.73,659.24,2724.96,-1.06,28.42,RED_STOP,321.2,BROAD_GAUGE_NON_ELECTRIFIED,1151.14,CRITICAL
FREIGHT_GOODS,76.49,590.69,1980.66,2.13,44.78,YELLOW,2003.18,BROAD_GAUGE_NON_ELECTRIFIED,335.25,NORMAL
FREIGHT_GOODS,38.76,261.88,724.95,2.93,28.17,GREEN,1144.28,BROAD_GAUGE_NON_ELECTRIFIED,99.38,NORMAL
FREIGHT_GOODS,24.03,604.76,3060.7,2.78,40.76,YELLOW,843.72,DOUBLE_LINE_AUTOMATIC,44.53,NORMAL
FREIGHT_GOODS,125.72,351.3,1360.27,2.94,14.56,DOUBLE_YELLOW,1860.81,DOUBLE_LINE_AUTOMATIC,849.52,NORMAL
PASSENGER_LOCAL,106.84,551.51,3411.02,2.85,15.98,RED_STOP,1555.11,BROAD_GAUGE_NON_ELECTRIFIED,624.71,NORMAL
PREMIUM_SUPERFAST,118.57,387.53,765.37,0.19,16.29,YELLOW,1961.07,BROAD_GAUGE_NON_ELECTRIFIED,760.35,NORMAL
FREIGHT_GOODS,49.81,748.72,3370.58,-1.96,12.05,YELLOW,232.11,DOUBLE_LINE_AUTOMATIC,171.01,NORMAL
FREIGHT_GOODS,39.09,344.95,682.14,2.09,34.36,YELLOW,830.54,BROAD_GAUGE_NON_ELECTRIFIED,100.84,NORMAL
SUPERFAST_EXPRESS,22.04,353.52,1116.21,-2.0,45.73,YELLOW,832.33,DOUBLE_LINE_AUTOMATIC,42.07,NORMAL
SUPERFAST_EXPRESS,69.08,711.87,544.4,-1.63,37.47,GREEN,857.9,DOUBLE_LINE_AUTOMATIC,304.22,NORMAL
PREMIUM_SUPERFAST,102.59,213.55,2585.85,-1.87,35.87,RED_STOP,1281.08,DOUBLE_LINE_AUTOMATIC,645.84,NORMAL
PASSENGER_LOCAL,74.91,583.18,3035.93,0.1,40.63,DOUBLE_YELLOW,743.38,DOUBLE_LINE_AUTOMATIC,322.67,NORMAL
PASSENGER_LOCAL,81.25,598.93,1745.62,-1.25,25.28,GREEN,1138.74,BROAD_GAUGE_ELECTRIFIED,401.67,NORMAL
PREMIUM_SUPERFAST,146.58,660.01,3278.42,-2.42,26.29,YELLOW,951.06,BROAD_GAUGE_NON_ELECTRIFIED,1322.71,WARNING
PREMIUM_SUPERFAST,68.76,735.94,2229.93,-0.33,24.14,YELLOW,1851.48,BROAD_GAUGE_NON_ELECTRIFIED,280.49,NORMAL
PREMIUM_SUPERFAST,91.96,736.58,2353.02,2.62,42.04,YELLOW,1528.58,BROAD_GAUGE_NON_ELECTRIFIED,471.67,NORMAL
FREIGHT_GOODS,129.71,235.9,3020.8,0.49,17.27,YELLOW,1651.39,DOUBLE_LINE_AUTOMATIC,901.47,NORMAL
PASSENGER_LOCAL,75.52,652.01,1320.08,2.65,10.59,RED_STOP,565.93,DOUBLE_LINE_AUTOMATIC,327.45,NORMAL
PREMIUM_SUPERFAST,107.09,555.47,1498.22,-2.13,36.83,YELLOW,847.48,DOUBLE_LINE_AUTOMATIC,712.34,WARNING
SUPERFAST_EXPRESS,140.73,556.04,3208.45,-2.33,52.41,DOUBLE_YELLOW,101.86,BROAD_GAUGE_NON_ELECTRIFIED,1215.73,WARNING
FREIGHT_GOODS,152.93,270.59,3192.99,0.53,37.42,GREEN,315.52,DOUBLE_LINE_AUTOMATIC,1234.12,NORMAL
FREIGHT_GOODS,40.59,557.6,3427.1,-0.26,45.23,RED_STOP,699.38,BROAD_GAUGE_ELECTRIFIED,108.94,NORMAL
FREIGHT_GOODS,149.72,740.37,3195.7,1.12,40.28,YELLOW,210.39,BROAD_GAUGE_NON_ELECTRIFIED,1185.03,WARNING
FREIGHT_GOODS,88.9,701.5,794.85,2.06,32.38,DOUBLE_YELLOW,1526.45,BROAD_GAUGE_ELECTRIFIED,442.84,NORMAL
PREMIUM_SUPERFAST,56.15,441.52,2953.55,1.76,42.33,GREEN,2495.42,BROAD_GAUGE_ELECTRIFIED,191.06,NORMAL
FREIGHT_GOODS,84.28,221.97,1670.5,3.1,47.08,GREEN,297.0,BROAD_GAUGE_NON_ELECTRIFIED,401.07,NORMAL
SUPERFAST_EXPRESS,157.2,399.26,3471.48,-0.71,20.11,RED_STOP,2062.01,BROAD_GAUGE_ELECTRIFIED,1356.5,NORMAL
SUPERFAST_EXPRESS,88.97,654.51,1864.07,-2.06,25.13,GREEN,341.1,BROAD_GAUGE_ELECTRIFIED,499.75,NORMAL
PREMIUM_SUPERFAST,66.03,585.82,2116.89,0.36,20.07,YELLOW,1691.29,DOUBLE_LINE_AUTOMATIC,256.08,NORMAL
FREIGHT_GOODS,108.68,452.64,2042.3,-2.72,30.35,YELLOW,1625.74,BROAD_GAUGE_ELECTRIFIED,761.94,NORMAL
SUPERFAST_EXPRESS,53.62,230.31,1397.38,-1.48,49.83,DOUBLE_YELLOW,2261.66,DOUBLE_LINE_AUTOMATIC,190.0,NORMAL
PASSENGER_LOCAL,30.62,434.79,632.57,-2.04,25.53,DOUBLE_YELLOW,329.17,BROAD_GAUGE_ELECTRIFIED,73.11,NORMAL
FREIGHT_GOODS,38.04,457.96,3176.52,-0.72,26.85,GREEN,822.84,BROAD_GAUGE_NON_ELECTRIFIED,99.52,NORMAL
PREMIUM_SUPERFAST,37.93,710.71,2888.3,-2.72,48.72,RED_STOP,272.41,BROAD_GAUGE_NON_ELECTRIFIED,109.92,NORMAL
PASSENGER_LOCAL,41.27,552.6,832.53,-3.28,33.19,YELLOW,1048.09,BROAD_GAUGE_NON_ELECTRIFIED,131.93,NORMAL
FREIGHT_GOODS,39.44,371.41,2807.98,1.1,34.1,GREEN,2283.4,BROAD_GAUGE_NON_ELECTRIFIED,102.39,NORMAL
PASSENGER_LOCAL,109.72,488.93,2340.12,0.77,48.74,RED_STOP,1964.73,DOUBLE_LINE_AUTOMATIC,656.78,NORMAL
FREIGHT_GOODS,45.46,236.33,1668.35,1.46,32.07,GREEN,1821.11,BROAD_GAUGE_ELECTRIFIED,131.25,NORMAL
FREIGHT_GOODS,68.39,734.91,1187.47,1.12,40.67,RED_STOP,1355.92,BROAD_GAUGE_ELECTRIFIED,273.08,NORMAL
SUPERFAST_EXPRESS,145.55,398.03,3065.16,-2.7,13.85,DOUBLE_YELLOW,2214.54,BROAD_GAUGE_NON_ELECTRIFIED,1330.12,NORMAL
PASSENGER_LOCAL,86.35,462.83,2570.58,-1.46,18.04,YELLOW,1151.13,DOUBLE_LINE_AUTOMATIC,455.77,NORMAL
PASSENGER_LOCAL,113.46,395.41,2097.99,-2.59,28.2,DOUBLE_YELLOW,416.73,DOUBLE_LINE_AUTOMATIC,819.66,WARNING
PREMIUM_SUPERFAST,44.12,575.38,2289.66,2.4,32.27,YELLOW,2102.08,BROAD_GAUGE_NON_ELECTRIFIED,124.54,NORMAL
PREMIUM_SUPERFAST,46.92,564.23,682.31,1.73,53.46,RED_STOP,735.11,BROAD_GAUGE_ELECTRIFIED,138.75,NORMAL
PASSENGER_LOCAL,25.72,593.43,1869.15,-2.09,53.68,RED_STOP,181.4,BROAD_GAUGE_NON_ELECTRIFIED,54.56,NORMAL
SUPERFAST_EXPRESS,43.65,347.48,1000.47,-1.11,48.3,GREEN,358.79,BROAD_GAUGE_ELECTRIFIED,129.06,NORMAL
SUPERFAST_EXPRESS,59.0,373.62,1045.99,3.27,24.2,RED_STOP,1542.19,BROAD_GAUGE_NON_ELECTRIFIED,208.86,NORMAL
FREIGHT_GOODS,44.78,268.89,2450.04,0.66,53.38,RED_STOP,1537.35,BROAD_GAUGE_ELECTRIFIED,127.81,NORMAL
PREMIUM_SUPERFAST,32.42,560.53,3224.89,2.11,41.02,GREEN,687.45,DOUBLE_LINE_AUTOMATIC,73.2,NORMAL
PREMIUM_SUPERFAST,36.89,221.89,1651.65,-1.65,27.68,GREEN,1831.59,BROAD_GAUGE_NON_ELECTRIFIED,98.78,NORMAL
PREMIUM_SUPERFAST,84.51,528.73,1044.02,-2.03,41.58,YELLOW,1945.42,BROAD_GAUGE_ELECTRIFIED,453.14,NORMAL
FREIGHT_GOODS,48.89,678.33,2411.12,1.99,10.74,RED_STOP,2305.23,BROAD_GAUGE_ELECTRIFIED,149.2,NORMAL
SUPERFAST_EXPRESS,71.0,689.96,3100.68,1.3,16.58,GREEN,1483.1,BROAD_GAUGE_ELECTRIFIED,292.39,NORMAL
PREMIUM_SUPERFAST,90.48,446.97,2719.79,1.27,47.34,YELLOW,1959.59,BROAD_GAUGE_ELECTRIFIED,457.62,NORMAL
FREIGHT_GOODS,116.66,452.62,3093.15,0.37,39.05,YELLOW,1895.09,DOUBLE_LINE_AUTOMATIC,737.28,NORMAL
PASSENGER_LOCAL,25.5,242.33,2063.32,0.45,26.39,DOUBLE_YELLOW,681.63,BROAD_GAUGE_ELECTRIFIED,49.08,NORMAL
SUPERFAST_EXPRESS,131.92,568.92,2730.82,1.65,32.53,GREEN,810.05,DOUBLE_LINE_AUTOMATIC,930.84,NORMAL
PASSENGER_LOCAL,107.91,651.69,834.2,-1.61,50.73,DOUBLE_YELLOW,1222.28,BROAD_GAUGE_ELECTRIFIED,699.28,NORMAL
PREMIUM_SUPERFAST,31.45,334.56,1479.65,-1.03,38.42,YELLOW,96.65,DOUBLE_LINE_AUTOMATIC,72.81,NORMAL
FREIGHT_GOODS,142.3,431.72,1607.6,2.6,27.92,RED_STOP,778.62,DOUBLE_LINE_AUTOMATIC,1075.36,CRITICAL
SUPERFAST_EXPRESS,148.92,661.36,1985.02,-1.34,15.41,GREEN,1211.01,BROAD_GAUGE_ELECTRIFIED,1270.55,NORMAL
PREMIUM_SUPERFAST,28.55,682.42,3280.14,0.32,23.22,GREEN,314.77,DOUBLE_LINE_AUTOMATIC,59.14,NORMAL
SUPERFAST_EXPRESS,58.76,333.75,3110.32,1.42,54.03,YELLOW,359.38,BROAD_GAUGE_NON_ELECTRIFIED,207.33,NORMAL
FREIGHT_GOODS,132.87,502.81,817.03,3.5,29.68,GREEN,1184.93,BROAD_GAUGE_ELECTRIFIED,943.64,NORMAL
FREIGHT_GOODS,124.76,305.87,935.65,-0.45,31.23,YELLOW,1840.86,BROAD_GAUGE_NON_ELECTRIFIED,859.09,NORMAL
PREMIUM_SUPERFAST,45.83,256.03,1508.69,-0.5,32.44,GREEN,2092.68,DOUBLE_LINE_AUTOMATIC,136.42,NORMAL
SUPERFAST_EXPRESS,49.31,701.12,1301.31,2.4,49.78,GREEN,1388.47,DOUBLE_LINE_AUTOMATIC,151.5,NORMAL
FREIGHT_GOODS,71.87,651.28,2305.79,2.14,37.18,RED_STOP,1213.14,BROAD_GAUGE_NON_ELECTRIFIED,298.98,NORMAL
SUPERFAST_EXPRESS,87.83,618.02,3198.61,1.62,41.22,YELLOW,991.49,BROAD_GAUGE_ELECTRIFIED,433.04,NORMAL
SUPERFAST_EXPRESS,106.56,226.82,3383.1,-0.26,27.52,DOUBLE_YELLOW,522.73,BROAD_GAUGE_NON_ELECTRIFIED,630.51,WARNING
PASSENGER_LOCAL,71.65,664.05,2426.17,-1.23,11.31,RED_STOP,409.08,DOUBLE_LINE_AUTOMATIC,317.98,NORMAL
PREMIUM_SUPERFAST,84.75,440.92,2998.29,0.76,51.89,YELLOW,1990.15,BROAD_GAUGE_ELECTRIFIED,405.28,NORMAL
PREMIUM_SUPERFAST,124.65,388.32,2028.13,2.63,52.71,GREEN,1189.27,BROAD_GAUGE_NON_ELECTRIFIED,835.82,NORMAL
SUPERFAST_EXPRESS,25.14,500.56,1045.81,2.69,52.71,YELLOW,1986.28,BROAD_GAUGE_NON_ELECTRIFIED,47.92,NORMAL
PASSENGER_LOCAL,55.34,250.24,2026.53,-2.74,52.47,YELLOW,1775.0,BROAD_GAUGE_ELECTRIFIED,216.65,NORMAL
SUPERFAST_EXPRESS,119.87,616.16,2120.76,-0.5,46.69,RED_STOP,525.04,BROAD_GAUGE_NON_ELECTRIFIED,798.59,CRITICAL
PREMIUM_SUPERFAST,145.33,520.34,2701.62,-0.25,40.81,YELLOW,1300.25,BROAD_GAUGE_ELECTRIFIED,1135.43,WARNING
PREMIUM_SUPERFAST,91.63,302.62,1081.64,3.34,48.0,GREEN,1137.84,BROAD_GAUGE_ELECTRIFIED,468.58,NORMAL
SUPERFAST_EXPRESS,94.5,303.53,1541.76,1.25,37.02,DOUBLE_YELLOW,1088.49,BROAD_GAUGE_NON_ELECTRIFIED,496.25,NORMAL
SUPERFAST_EXPRESS,35.0,301.34,1528.49,-0.65,16.05,DOUBLE_YELLOW,1379.3,BROAD_GAUGE_ELECTRIFIED,85.9,NORMAL
SUPERFAST_EXPRESS,82.64,231.35,3374.26,-3.32,27.6,GREEN,2456.1,BROAD_GAUGE_ELECTRIFIED,472.87,NORMAL
PREMIUM_SUPERFAST,94.57,523.29,1776.23,0.46,53.71,DOUBLE_YELLOW,2041.61,DOUBLE_LINE_AUTOMATIC,496.94,NORMAL
SUPERFAST_EXPRESS,53.95,662.19,2740.79,-2.83,25.8,RED_STOP,2264.1,DOUBLE_LINE_AUTOMATIC,207.93,NORMAL
SUPERFAST_EXPRESS,57.69,209.62,2727.52,2.34,49.05,YELLOW,122.62,DOUBLE_LINE_AUTOMATIC,200.59,WARNING
FREIGHT_GOODS,72.82,226.95,1223.19,1.77,14.19,YELLOW,393.82,BROAD_GAUGE_NON_ELECTRIFIED,306.29,NORMAL
PREMIUM_SUPERFAST,22.81,515.02,2172.8,-0.28,25.04,DOUBLE_YELLOW,257.67,BROAD_GAUGE_NON_ELECTRIFIED,41.37,NORMAL
SUPERFAST_EXPRESS,65.09,650.72,3172.34,-0.5,25.79,DOUBLE_YELLOW,694.92,BROAD_GAUGE_NON_ELECTRIFIED,256.06,NORMAL
PASSENGER_LOCAL,49.6,379.71,1873.11,2.78,12.32,DOUBLE_YELLOW,1132.64,BROAD_GAUGE_NON_ELECTRIFIED,153.1,NORMAL
PREMIUM_SUPERFAST,65.85,392.29,3329.86,-1.48,15.36,RED_STOP,1623.03,BROAD_GAUGE_ELECTRIFIED,276.17,NORMAL
SUPERFAST_EXPRESS,36.77,527.99,1064.82,-1.76,18.69,YELLOW,1277.04,BROAD_GAUGE_ELECTRIFIED,98.76,NORMAL
SUPERFAST_EXPRESS,144.67,350.82,629.89,3.07,47.7,YELLOW,2262.8,DOUBLE_LINE_AUTOMATIC,1109.85,NORMAL
FREIGHT_GOODS,103.1,214.63,3163.51,2.16,12.85,GREEN,2352.65,BROAD_GAUGE_ELECTRIFIED,584.24,NORMAL
FREIGHT_GOODS,115.07,604.38,3027.81,2.24,23.44,GREEN,450.63,BROAD_GAUGE_NON_ELECTRIFIED,718.52,NORMAL
PREMIUM_SUPERFAST,130.48,544.11,3477.03,-2.13,10.46,RED_STOP,2139.64,BROAD_GAUGE_ELECTRIFIED,1038.04,NORMAL
FREIGHT_GOODS,89.78,519.42,2506.12,-2.5,41.3,YELLOW,1230.22,DOUBLE_LINE_AUTOMATIC,522.97,NORMAL
FREIGHT_GOODS,32.17,607.93,3303.73,-3.32,37.91,YELLOW,1160.66,BROAD_GAUGE_NON_ELECTRIFIED,85.3,NORMAL
PREMIUM_SUPERFAST,95.19,571.38,2963.54,-1.84,39.02,GREEN,1973.1,BROAD_GAUGE_ELECTRIFIED,559.94,NORMAL
PASSENGER_LOCAL,102.16,313.24,3017.72,1.92,26.85,GREEN,278.19,DOUBLE_LINE_AUTOMATIC,574.23,NORMAL
SUPERFAST_EXPRESS,124.36,393.86,2164.34,-1.82,19.37,YELLOW,2212.11,BROAD_GAUGE_ELECTRIFIED,927.92,NORMAL
SUPERFAST_EXPRESS,80.43,269.36,1585.33,1.6,42.41,RED_STOP,1693.62,DOUBLE_LINE_AUTOMATIC,367.84,NORMAL
FREIGHT_GOODS,37.86,271.42,3297.13,-1.74,46.5,DOUBLE_YELLOW,2194.39,DOUBLE_LINE_AUTOMATIC,103.84,NORMAL
SUPERFAST_EXPRESS,59.73,571.91,1739.56,-0.73,16.24,RED_STOP,2486.47,DOUBLE_LINE_AUTOMATIC,221.78,NORMAL
FREIGHT_GOODS,70.83,672.23,2070.34,3.38,31.91,YELLOW,1319.11,BROAD_GAUGE_NON_ELECTRIFIED,291.14,NORMAL
PREMIUM_SUPERFAST,110.43,729.5,1782.95,-1.79,21.19,DOUBLE_YELLOW,278.49,BROAD_GAUGE_ELECTRIFIED,738.67,WARNING
PREMIUM_SUPERFAST,99.91,545.59,2150.94,-0.87,17.56,RED_STOP,457.98,BROAD_GAUGE_ELECTRIFIED,578.28,CRITICAL
PREMIUM_SUPERFAST,69.85,301.26,1858.57,-1.39,43.04,RED_STOP,842.86,BROAD_GAUGE_NON_ELECTRIFIED,306.26,NORMAL
SUPERFAST_EXPRESS,158.11,258.11,548.7,-2.73,34.21,YELLOW,303.7,BROAD_GAUGE_NON_ELECTRIFIED,1563.72,WARNING
FREIGHT_GOODS,104.81,647.07,3134.35,-0.07,19.73,GREEN,2047.59,BROAD_GAUGE_ELECTRIFIED,604.88,NORMAL
FREIGHT_GOODS,53.21,518.32,1777.62,-0.85,23.95,RED_STOP,777.33,BROAD_GAUGE_NON_ELECTRIFIED,181.16,NORMAL
SUPERFAST_EXPRESS,34.25,540.06,2225.73,1.36,53.5,RED_STOP,2440.92,BROAD_GAUGE_NON_ELECTRIFIED,80.35,NORMAL
PREMIUM_SUPERFAST,41.4,629.8,831.48,2.22,48.19,GREEN,1771.35,BROAD_GAUGE_ELECTRIFIED,111.41,NORMAL
PASSENGER_LOCAL,54.43,586.8,410.5,0.31,49.6,RED_STOP,474.9,DOUBLE_LINE_AUTOMATIC,180.7,NORMAL
FREIGHT_GOODS,42.5,658.95,1160.4,-3.27,30.7,RED_STOP,1216.3,BROAD_GAUGE_NON_ELECTRIFIED,139.01,NORMAL
FREIGHT_GOODS,46.12,230.92,2584.22,0.83,38.07,GREEN,1193.87,BROAD_GAUGE_ELECTRIFIED,134.6,NORMAL
SUPERFAST_EXPRESS,59.91,611.14,707.5,-3.11,26.95,YELLOW,1256.65,BROAD_GAUGE_ELECTRIFIED,256.52,NORMAL
PASSENGER_LOCAL,44.27,667.97,3217.55,0.81,13.5,YELLOW,1362.44,BROAD_GAUGE_ELECTRIFIED,125.27,NORMAL
PREMIUM_SUPERFAST,145.55,357.37,1066.57,1.3,28.05,YELLOW,126.37,BROAD_GAUGE_NON_ELECTRIFIED,1122.68,WARNING
FREIGHT_GOODS,31.23,552.25,1034.24,-2.12,36.73,DOUBLE_YELLOW,1731.44,DOUBLE_LINE_AUTOMATIC,75.9,NORMAL
SUPERFAST_EXPRESS,93.43,372.79,962.67,2.24,22.92,YELLOW,1243.62,DOUBLE_LINE_AUTOMATIC,485.86,NORMAL
PASSENGER_LOCAL,77.46,726.88,443.34,2.88,48.16,DOUBLE_YELLOW,1987.87,BROAD_GAUGE_ELECTRIFIED,343.11,NORMAL
SUPERFAST_EXPRESS,157.53,218.38,2792.6,2.19,16.8,DOUBLE_YELLOW,2047.61,BROAD_GAUGE_NON_ELECTRIFIED,1306.19,NORMAL
PASSENGER_LOCAL,35.69,518.89,3112.61,-1.36,26.52,DOUBLE_YELLOW,614.81,BROAD_GAUGE_NON_ELECTRIFIED,91.92,NORMAL
SUPERFAST_EXPRESS,75.7,291.58,2303.9,0.61,15.62,GREEN,168.64,DOUBLE_LINE_AUTOMATIC,328.92,NORMAL
PASSENGER_LOCAL,155.73,591.72,983.42,2.9,28.22,DOUBLE_YELLOW,1772.92,DOUBLE_LINE_AUTOMATIC,1277.63,NORMAL
FREIGHT_GOODS,141.17,296.74,1284.36,-1.26,11.78,DOUBLE_YELLOW,2445.52,BROAD_GAUGE_NON_ELECTRIFIED,1140.96,NORMAL
PASSENGER_LOCAL,134.39,329.46,1875.37,2.24,22.26,GREEN,1144.31,DOUBLE_LINE_AUTOMATIC,964.31,NORMAL
PREMIUM_SUPERFAST,56.11,471.9,3358.47,-3.43,28.03,RED_STOP,686.05,BROAD_GAUGE_ELECTRIFIED,232.25,NORMAL
FREIGHT_GOODS,43.92,703.16,1166.79,-3.47,31.52,RED_STOP,433.85,DOUBLE_LINE_AUTOMATIC,149.36,NORMAL
PREMIUM_SUPERFAST,113.61,316.44,2668.1,1.82,34.47,DOUBLE_YELLOW,754.24,BROAD_GAUGE_NON_ELECTRIFIED,701.35,WARNING
FREIGHT_GOODS,150.11,279.33,1762.29,1.83,22.37,YELLOW,853.4,BROAD_GAUGE_ELECTRIFIED,1190.94,WARNING
PASSENGER_LOCAL,97.95,617.44,1323.33,2.02,33.54,RED_STOP,1088.49,BROAD_GAUGE_NON_ELECTRIFIED,530.67,NORMAL
FREIGHT_GOODS,100.03,475.34,1813.34,3.01,32.91,YELLOW,1655.75,DOUBLE_LINE_AUTOMATIC,551.96,NORMAL
SUPERFAST_EXPRESS,59.2,701.48,620.74,-2.67,24.23,GREEN,719.25,DOUBLE_LINE_AUTOMATIC,244.03,NORMAL
PASSENGER_LOCAL,127.73,280.64,2875.93,-1.88,47.36,RED_STOP,174.89,BROAD_GAUGE_ELECTRIFIED,979.99,CRITICAL
SUPERFAST_EXPRESS,46.19,555.26,1154.24,2.83,34.55,GREEN,964.53,BROAD_GAUGE_ELECTRIFIED,134.95,NORMAL
SUPERFAST_EXPRESS,65.32,328.08,2648.78,-2.26,24.95,DOUBLE_YELLOW,2146.29,BROAD_GAUGE_ELECTRIFIED,284.92,NORMAL
SUPERFAST_EXPRESS,79.56,286.22,611.88,1.28,52.63,RED_STOP,1270.96,BROAD_GAUGE_ELECTRIFIED,360.52,NORMAL
SUPERFAST_EXPRESS,91.07,575.89,3360.81,0.21,48.03,DOUBLE_YELLOW,2413.72,DOUBLE_LINE_AUTOMATIC,463.17,NORMAL
PREMIUM_SUPERFAST,53.94,526.53,998.35,-2.92,54.22,DOUBLE_YELLOW,1283.87,BROAD_GAUGE_NON_ELECTRIFIED,209.05,NORMAL
PASSENGER_LOCAL,36.08,615.16,3136.5,-1.5,41.15,GREEN,725.95,DOUBLE_LINE_AUTOMATIC,94.33,NORMAL
SUPERFAST_EXPRESS,105.49,370.2,2909.37,0.14,27.02,RED_STOP,523.62,DOUBLE_LINE_AUTOMATIC,609.88,CRITICAL
PREMIUM_SUPERFAST,60.41,446.38,3400.37,2.47,22.64,RED_STOP,1751.59,BROAD_GAUGE_ELECTRIFIED,217.93,NORMAL
FREIGHT_GOODS,101.37,423.01,1881.46,1.45,39.85,RED_STOP,1364.13,BROAD_GAUGE_ELECTRIFIED,565.99,NORMAL
SUPERFAST_EXPRESS,41.61,741.25,2654.93,0.85,54.14,DOUBLE_YELLOW,1529.8,BROAD_GAUGE_NON_ELECTRIFIED,112.4,NORMAL
SUPERFAST_EXPRESS,87.36,360.74,1549.2,-0.03,38.2,RED_STOP,1900.06,BROAD_GAUGE_NON_ELECTRIFIED,429.35,NORMAL
PREMIUM_SUPERFAST,94.56,362.15,971.54,-1.41,49.67,YELLOW,1828.46,DOUBLE_LINE_AUTOMATIC,538.55,NORMAL
FREIGHT_GOODS,27.26,395.0,1773.54,-2.67,24.81,YELLOW,156.24,BROAD_GAUGE_NON_ELECTRIFIED,61.91,NORMAL
FREIGHT_GOODS,67.12,510.53,913.82,-0.64,28.31,DOUBLE_YELLOW,2016.3,BROAD_GAUGE_ELECTRIFIED,272.91,NORMAL
PREMIUM_SUPERFAST,38.82,338.78,3444.34,-3.3,50.78,GREEN,1355.12,BROAD_GAUGE_ELECTRIFIED,118.51,NORMAL
SUPERFAST_EXPRESS,28.87,703.41,698.36,-2.02,44.06,YELLOW,1009.69,BROAD_GAUGE_ELECTRIFIED,66.07,NORMAL
PASSENGER_LOCAL,158.59,346.13,2226.56,-0.47,54.16,GREEN,1366.92,DOUBLE_LINE_AUTOMATIC,1360.03,WARNING
PREMIUM_SUPERFAST,65.13,692.7,2342.04,-0.57,44.86,RED_STOP,1550.51,BROAD_GAUGE_NON_ELECTRIFIED,257.35,NORMAL
PASSENGER_LOCAL,133.38,256.91,2068.05,-3.19,30.18,YELLOW,416.29,BROAD_GAUGE_ELECTRIFIED,1164.25,WARNING
SUPERFAST_EXPRESS,55.65,561.11,2452.78,0.62,33.9,DOUBLE_YELLOW,1072.67,DOUBLE_LINE_AUTOMATIC,187.99,NORMAL
SUPERFAST_EXPRESS,115.41,698.84,760.16,0.35,50.52,DOUBLE_YELLOW,872.19,DOUBLE_LINE_AUTOMATIC,722.49,NORMAL
FREIGHT_GOODS,126.43,292.81,2120.56,-2.95,34.82,GREEN,908.5,DOUBLE_LINE_AUTOMATIC,1033.18,NORMAL
SUPERFAST_EXPRESS,103.39,732.58,1290.36,3.1,21.49,DOUBLE_YELLOW,273.77,BROAD_GAUGE_NON_ELECTRIFIED,587.3,WARNING
FREIGHT_GOODS,86.02,449.09,3314.55,-2.8,29.6,GREEN,441.62,BROAD_GAUGE_NON_ELECTRIFIED,492.42,NORMAL
FREIGHT_GOODS,77.66,720.14,2762.42,2.48,33.23,GREEN,446.49,BROAD_GAUGE_NON_ELECTRIFIED,344.76,NORMAL
SUPERFAST_EXPRESS,68.84,572.25,3414.79,-3.5,14.35,YELLOW,964.4,DOUBLE_LINE_AUTOMATIC,340.3,NORMAL
FREIGHT_GOODS,150.13,365.87,516.42,2.68,43.47,YELLOW,2241.5,DOUBLE_LINE_AUTOMATIC,1191.27,NORMAL
SUPERFAST_EXPRESS,136.29,303.57,1283.91,-3.36,14.92,DOUBLE_YELLOW,554.77,BROAD_GAUGE_NON_ELECTRIFIED,1228.67,WARNING
FREIGHT_GOODS,155.1,367.05,1005.81,1.8,28.22,GREEN,1069.67,BROAD_GAUGE_ELECTRIFIED,1267.88,NORMAL
FREIGHT_GOODS,37.4,251.16,434.58,-0.97,46.21,YELLOW,813.44,BROAD_GAUGE_NON_ELECTRIFIED,97.78,NORMAL
SUPERFAST_EXPRESS,122.32,279.13,1151.21,1.67,31.04,RED_STOP,1979.09,DOUBLE_LINE_AUTOMATIC,806.52,NORMAL
PASSENGER_LOCAL,151.37,257.56,2504.21,-0.69,47.89,DOUBLE_YELLOW,172.81,DOUBLE_LINE_AUTOMATIC,1259.69,WARNING
PREMIUM_SUPERFAST,45.37,432.62,1116.38,-3.0,25.38,DOUBLE_YELLOW,531.53,DOUBLE_LINE_AUTOMATIC,153.73,NORMAL
SUPERFAST_EXPRESS,29.31,637.57,1977.91,1.87,53.09,RED_STOP,566.07,DOUBLE_LINE_AUTOMATIC,61.78,NORMAL
FREIGHT_GOODS,123.76,277.76,3152.24,-3.0,19.43,RED_STOP,2482.76,DOUBLE_LINE_AUTOMATIC,995.08,NORMAL
PREMIUM_SUPERFAST,100.43,271.68,2550.65,2.95,11.72,RED_STOP,1448.4,DOUBLE_LINE_AUTOMATIC,556.11,NORMAL
PASSENGER_LOCAL,137.86,553.89,1623.35,-3.14,49.26,YELLOW,390.45,BROAD_GAUGE_NON_ELECTRIFIED,1236.28,WARNING
SUPERFAST_EXPRESS,39.57,308.45,1554.65,-0.14,43.85,RED_STOP,716.89,DOUBLE_LINE_AUTOMATIC,103.67,NORMAL
FREIGHT_GOODS,131.34,253.69,1812.78,1.56,20.44,DOUBLE_YELLOW,461.16,DOUBLE_LINE_AUTOMATIC,923.07,WARNING
FREIGHT_GOODS,48.23,291.77,948.83,-0.75,54.31,YELLOW,355.28,DOUBLE_LINE_AUTOMATIC,151.16,NORMAL
SUPERFAST_EXPRESS,42.91,708.05,2365.4,-1.98,32.6,GREEN,2003.1,DOUBLE_LINE_AUTOMATIC,131.14,NORMAL
FREIGHT_GOODS,43.0,651.81,1528.87,1.81,52.8,RED_STOP,1264.59,DOUBLE_LINE_AUTOMATIC,119.02,NORMAL
PREMIUM_SUPERFAST,134.04,394.74,3042.33,1.99,32.73,DOUBLE_YELLOW,1596.46,BROAD_GAUGE_ELECTRIFIED,959.54,NORMAL
FREIGHT_GOODS,113.13,560.7,2745.31,2.96,31.23,RED_STOP,861.57,BROAD_GAUGE_NON_ELECTRIFIED,695.74,NORMAL
PREMIUM_SUPERFAST,93.23,495.5,2292.59,-0.87,30.21,GREEN,1406.55,BROAD_GAUGE_NON_ELECTRIFIED,507.91,NORMAL
PREMIUM_SUPERFAST,70.24,572.42,1529.03,0.04,25.07,YELLOW,681.04,BROAD_GAUGE_ELECTRIFIED,286.68,NORMAL
SUPERFAST_EXPRESS,142.81,575.47,1050.79,-0.96,34.02,GREEN,804.69,BROAD_GAUGE_ELECTRIFIED,1145.33,NORMAL
FREIGHT_GOODS,74.94,545.8,2806.07,-1.7,30.36,YELLOW,1647.98,DOUBLE_LINE_AUTOMATIC,355.1,NORMAL
PREMIUM_SUPERFAST,134.32,346.36,1907.87,1.76,11.65,DOUBLE_YELLOW,418.36,BROAD_GAUGE_NON_ELECTRIFIED,963.41,WARNING
FREIGHT_GOODS,81.48,221.45,1096.73,-1.12,21.72,DOUBLE_YELLOW,1562.19,BROAD_GAUGE_NON_ELECTRIFIED,400.9,NORMAL
PREMIUM_SUPERFAST,72.77,450.56,1005.04,-0.5,19.59,DOUBLE_YELLOW,2137.98,BROAD_GAUGE_ELECTRIFIED,314.22,NORMAL
PASSENGER_LOCAL,84.78,690.04,912.74,-0.67,49.03,GREEN,345.04,BROAD_GAUGE_NON_ELECTRIFIED,420.71,NORMAL
SUPERFAST_EXPRESS,62.19,513.22,2809.2,1.49,36.95,RED_STOP,2248.78,BROAD_GAUGE_NON_ELECTRIFIED,229.72,NORMAL
SUPERFAST_EXPRESS,124.67,657.82,1109.86,2.92,44.37,RED_STOP,244.64,DOUBLE_LINE_AUTOMATIC,836.06,CRITICAL
SUPERFAST_EXPRESS,90.38,745.39,2032.59,1.17,53.06,GREEN,904.83,DOUBLE_LINE_AUTOMATIC,456.7,NORMAL
PREMIUM_SUPERFAST,52.51,289.99,1799.79,-0.2,38.98,RED_STOP,1545.75,DOUBLE_LINE_AUTOMATIC,171.11,NORMAL
PASSENGER_LOCAL,145.94,580.48,2196.79,1.95,54.22,GREEN,1420.57,BROAD_GAUGE_NON_ELECTRIFIED,1128.48,WARNING
PREMIUM_SUPERFAST,73.74,570.86,3119.18,0.99,24.03,RED_STOP,286.16,BROAD_GAUGE_NON_ELECTRIFIED,313.47,CRITICAL
SUPERFAST_EXPRESS,96.1,738.98,3090.02,-3.08,18.38,YELLOW,2007.34,DOUBLE_LINE_AUTOMATIC,618.07,NORMAL
PREMIUM_SUPERFAST,146.91,742.08,1798.34,-2.83,28.15,DOUBLE_YELLOW,2434.23,DOUBLE_LINE_AUTOMATIC,1366.46,NORMAL
SUPERFAST_EXPRESS,107.39,577.67,447.64,-3.23,31.19,RED_STOP,494.01,BROAD_GAUGE_NON_ELECTRIFIED,771.71,CRITICAL
FREIGHT_GOODS,36.37,333.99,1721.98,-0.3,50.29,GREEN,2243.07,BROAD_GAUGE_NON_ELECTRIFIED,90.26,NORMAL
PREMIUM_SUPERFAST,151.58,639.21,2279.2,2.28,35.2,YELLOW,1414.18,BROAD_GAUGE_ELECTRIFIED,1213.26,WARNING
FREIGHT_GOODS,107.88,258.87,2129.07,-1.31,23.15,RED_STOP,2343.04,DOUBLE_LINE_AUTOMATIC,686.14,NORMAL
PREMIUM_SUPERFAST,66.89,629.38,2419.14,-0.81,43.42,RED_STOP,481.41,DOUBLE_LINE_AUTOMATIC,273.72,NORMAL
SUPERFAST_EXPRESS,39.5,700.61,877.63,2.87,32.76,GREEN,1990.45,DOUBLE_LINE_AUTOMATIC,102.67,NORMAL
FREIGHT_GOODS,131.16,410.56,2404.26,2.36,17.3,YELLOW,196.46,BROAD_GAUGE_NON_ELECTRIFIED,920.75,WARNING
PREMIUM_SUPERFAST,106.81,546.85,966.22,1.16,35.96,DOUBLE_YELLOW,2213.83,BROAD_GAUGE_NON_ELECTRIFIED,624.35,NORMAL
SUPERFAST_EXPRESS,94.68,436.58,2726.62,-1.63,51.01,GREEN,1701.69,BROAD_GAUGE_ELECTRIFIED,547.22,NORMAL
PREMIUM_SUPERFAST,145.14,440.77,1451.17,-2.68,47.92,RED_STOP,957.12,BROAD_GAUGE_ELECTRIFIED,1321.24,CRITICAL
FREIGHT_GOODS,130.4,370.7,2600.68,-3.39,36.41,DOUBLE_YELLOW,516.64,DOUBLE_LINE_AUTOMATIC,1130.9,WARNING
PREMIUM_SUPERFAST,41.23,619.17,548.38,-2.75,26.97,RED_STOP,2050.51,BROAD_GAUGE_ELECTRIFIED,127.66,NORMAL
PREMIUM_SUPERFAST,63.64,714.9,1664.37,-1.45,13.91,GREEN,1527.94,BROAD_GAUGE_NON_ELECTRIFIED,259.01,NORMAL
FREIGHT_GOODS,54.79,717.41,2585.61,0.36,31.13,YELLOW,933.02,BROAD_GAUGE_ELECTRIFIED,182.81,NORMAL
SUPERFAST_EXPRESS,124.15,296.13,1103.3,-3.05,43.84,DOUBLE_YELLOW,1137.4,BROAD_GAUGE_ELECTRIFIED,1004.77,WARNING
PREMIUM_SUPERFAST,24.69,681.11,2865.39,-2.55,26.21,GREEN,2075.03,BROAD_GAUGE_NON_ELECTRIFIED,52.12,NORMAL
PREMIUM_SUPERFAST,99.78,605.59,2355.42,-2.23,20.6,GREEN,880.37,DOUBLE_LINE_AUTOMATIC,627.33,NORMAL
PASSENGER_LOCAL,126.74,339.06,2221.44,0.92,51.91,DOUBLE_YELLOW,269.6,DOUBLE_LINE_AUTOMATIC,862.71,WARNING
PASSENGER_LOCAL,142.75,237.01,1496.0,0.81,46.97,YELLOW,2282.64,BROAD_GAUGE_ELECTRIFIED,1081.81,NORMAL
SUPERFAST_EXPRESS,67.89,347.4,1895.6,0.36,38.72,RED_STOP,998.99,BROAD_GAUGE_NON_ELECTRIFIED,269.43,NORMAL
FREIGHT_GOODS,134.98,701.71,2251.78,-1.75,16.16,DOUBLE_YELLOW,903.55,BROAD_GAUGE_NON_ELECTRIFIED,1079.98,WARNING
SUPERFAST_EXPRESS,35.49,548.25,1864.63,-0.9,16.52,GREEN,550.78,BROAD_GAUGE_ELECTRIFIED,89.01,NORMAL
SUPERFAST_EXPRESS,138.5,596.58,2564.77,-2.82,14.64,DOUBLE_YELLOW,2248.69,DOUBLE_LINE_AUTOMATIC,1219.51,NORMAL
SUPERFAST_EXPRESS,37.85,341.43,1744.46,-1.91,37.73,DOUBLE_YELLOW,582.89,DOUBLE_LINE_AUTOMATIC,104.76,NORMAL
PREMIUM_SUPERFAST,75.62,595.66,1027.05,2.78,15.2,YELLOW,1609.85,DOUBLE_LINE_AUTOMATIC,328.29,NORMAL
PREMIUM_SUPERFAST,131.62,215.47,1063.19,3.36,47.92,YELLOW,2207.87,BROAD_GAUGE_NON_ELECTRIFIED,926.87,NORMAL
SUPERFAST_EXPRESS,40.99,406.43,417.99,1.03,54.68,RED_STOP,135.54,BROAD_GAUGE_NON_ELECTRIFIED,109.49,NORMAL
SUPERFAST_EXPRESS,52.1,544.71,1332.97,2.92,26.49,DOUBLE_YELLOW,2080.54,BROAD_GAUGE_NON_ELECTRIFIED,167.06,NORMAL
PASSENGER_LOCAL,121.12,280.35,2721.64,1.0,30.42,YELLOW,1055.97,DOUBLE_LINE_AUTOMATIC,791.52,NORMAL
FREIGHT_GOODS,120.81,652.65,2861.9,-3.27,42.03,YELLOW,1662.04,BROAD_GAUGE_ELECTRIFIED,968.31,NORMAL
SUPERFAST_EXPRESS,109.76,329.27,1027.65,3.48,52.17,GREEN,962.39,BROAD_GAUGE_NON_ELECTRIFIED,657.21,NORMAL
PASSENGER_LOCAL,117.15,558.75,3373.04,-2.81,50.23,YELLOW,1754.01,BROAD_GAUGE_NON_ELECTRIFIED,884.08,NORMAL
SUPERFAST_EXPRESS,95.98,422.86,1957.45,1.28,12.59,DOUBLE_YELLOW,673.02,BROAD_GAUGE_ELECTRIFIED,510.93,NORMAL
FREIGHT_GOODS,55.25,527.82,3242.63,-1.73,17.61,DOUBLE_YELLOW,103.73,DOUBLE_LINE_AUTOMATIC,203.44,WARNING
SUPERFAST_EXPRESS,68.4,259.1,2590.97,-0.76,43.96,GREEN,2372.08,BROAD_GAUGE_NON_ELECTRIFIED,284.3,NORMAL
FREIGHT_GOODS,45.42,209.3,2639.54,1.02,41.0,GREEN,90.1,DOUBLE_LINE_AUTOMATIC,131.05,NORMAL
PREMIUM_SUPERFAST,147.18,700.26,663.64,-0.44,15.99,GREEN,2069.04,BROAD_GAUGE_NON_ELECTRIFIED,1176.77,NORMAL
FREIGHT_GOODS,101.67,348.3,1081.97,-1.75,32.59,DOUBLE_YELLOW,464.39,BROAD_GAUGE_NON_ELECTRIFIED,630.22,WARNING
SUPERFAST_EXPRESS,76.12,650.82,427.33,-1.16,45.14,DOUBLE_YELLOW,1010.94,BROAD_GAUGE_ELECTRIFIED,354.1,NORMAL
PASSENGER_LOCAL,84.68,749.64,2620.0,-1.11,19.85,RED_STOP,2065.11,BROAD_GAUGE_ELECTRIFIED,430.38,NORMAL
PREMIUM_SUPERFAST,152.62,316.29,1467.76,3.22,49.21,YELLOW,554.53,BROAD_GAUGE_ELECTRIFIED,1229.29,WARNING
PASSENGER_LOCAL,41.47,345.84,2838.62,2.09,12.38,GREEN,2170.98,BROAD_GAUGE_ELECTRIFIED,111.73,NORMAL
SUPERFAST_EXPRESS,102.07,564.57,1450.7,-0.29,45.2,YELLOW,1269.51,DOUBLE_LINE_AUTOMATIC,582.61,NORMAL
PREMIUM_SUPERFAST,90.82,731.0,2939.93,-2.1,37.71,YELLOW,947.08,DOUBLE_LINE_AUTOMATIC,521.03,NORMAL
PASSENGER_LOCAL,105.6,703.7,805.16,2.18,24.18,RED_STOP,1672.97,DOUBLE_LINE_AUTOMATIC,611.15,NORMAL
SUPERFAST_EXPRESS,22.54,476.58,937.46,-2.4,42.44,DOUBLE_YELLOW,886.4,BROAD_GAUGE_ELECTRIFIED,44.46,NORMAL
PASSENGER_LOCAL,142.1,637.31,1456.72,-2.03,45.21,YELLOW,900.86,BROAD_GAUGE_NON_ELECTRIFIED,1213.67,WARNING
FREIGHT_GOODS,150.5,274.66,1666.31,-0.94,52.03,GREEN,1847.14,DOUBLE_LINE_AUTOMATIC,1264.79,WARNING
FREIGHT_GOODS,99.12,737.59,1480.98,2.66,26.55,GREEN,809.09,BROAD_GAUGE_ELECTRIFIED,542.62,NORMAL
SUPERFAST_EXPRESS,117.53,730.39,2767.31,-2.58,40.87,DOUBLE_YELLOW,541.89,BROAD_GAUGE_ELECTRIFIED,875.7,WARNING
PASSENGER_LOCAL,149.15,290.05,700.55,-2.64,37.12,DOUBLE_YELLOW,2028.73,BROAD_GAUGE_ELECTRIFIED,1388.79,NORMAL
SUPERFAST_EXPRESS,119.01,364.68,1488.77,-0.04,33.63,DOUBLE_YELLOW,2023.16,DOUBLE_LINE_AUTOMATIC,767.53,NORMAL
PASSENGER_LOCAL,41.36,255.09,2995.44,-1.57,50.07,GREEN,1269.08,BROAD_GAUGE_NON_ELECTRIFIED,120.14,NORMAL
PREMIUM_SUPERFAST,100.68,349.44,607.07,0.48,10.14,DOUBLE_YELLOW,1340.31,DOUBLE_LINE_AUTOMATIC,558.75,NORMAL
SUPERFAST_EXPRESS,104.94,648.78,3321.26,-0.34,22.7,RED_STOP,1755.39,BROAD_GAUGE_ELECTRIFIED,615.43,NORMAL
SUPERFAST_EXPRESS,79.38,408.07,3457.58,-0.46,34.22,RED_STOP,1297.72,BROAD_GAUGE_ELECTRIFIED,367.89,NORMAL
PASSENGER_LOCAL,123.1,248.62,674.56,-2.72,18.02,GREEN,1071.75,BROAD_GAUGE_ELECTRIFIED,965.73,NORMAL
SUPERFAST_EXPRESS,150.81,388.22,1302.94,-2.51,50.85,RED_STOP,2487.49,DOUBLE_LINE_AUTOMATIC,1405.91,WARNING
PREMIUM_SUPERFAST,149.58,739.76,1554.44,2.25,39.14,YELLOW,411.72,BROAD_GAUGE_NON_ELECTRIFIED,1182.87,WARNING
PASSENGER_LOCAL,83.12,546.33,2806.81,2.7,31.5,DOUBLE_YELLOW,1502.18,DOUBLE_LINE_AUTOMATIC,390.89,NORMAL
PASSENGER_LOCAL,35.85,428.89,2247.37,-1.86,46.66,RED_STOP,2220.36,BROAD_GAUGE_ELECTRIFIED,95.03,NORMAL
PASSENGER_LOCAL,157.88,291.6,2397.53,-2.71,30.29,DOUBLE_YELLOW,1733.68,BROAD_GAUGE_ELECTRIFIED,1556.32,WARNING
PREMIUM_SUPERFAST,137.45,742.4,2748.28,-3.13,35.14,RED_STOP,2208.26,BROAD_GAUGE_ELECTRIFIED,1227.71,NORMAL
PREMIUM_SUPERFAST,37.45,651.47,765.73,0.76,10.12,DOUBLE_YELLOW,874.02,DOUBLE_LINE_AUTOMATIC,93.66,NORMAL
SUPERFAST_EXPRESS,148.92,354.81,2982.95,1.51,26.46,GREEN,716.38,DOUBLE_LINE_AUTOMATIC,1172.89,NORMAL
PASSENGER_LOCAL,141.79,238.54,2587.42,-0.89,16.25,YELLOW,2135.62,DOUBLE_LINE_AUTOMATIC,1125.07,NORMAL
PREMIUM_SUPERFAST,92.64,231.14,2189.76,1.26,41.04,DOUBLE_YELLOW,1015.58,BROAD_GAUGE_ELECTRIFIED,478.19,NORMAL
FREIGHT_GOODS,102.78,266.21,3158.18,1.49,31.56,YELLOW,1788.72,DOUBLE_LINE_AUTOMATIC,580.8,NORMAL
SUPERFAST_EXPRESS,75.86,519.42,2570.95,3.05,23.58,DOUBLE_YELLOW,411.98,BROAD_GAUGE_NON_ELECTRIFIED,330.21,NORMAL
PREMIUM_SUPERFAST,27.67,710.82,1025.27,-3.05,31.05,GREEN,1901.8,BROAD_GAUGE_NON_ELECTRIFIED,64.81,NORMAL
PREMIUM_SUPERFAST,66.93,473.21,1732.21,-2.15,19.43,YELLOW,1395.01,BROAD_GAUGE_NON_ELECTRIFIED,296.1,NORMAL
PREMIUM_SUPERFAST,132.4,663.62,1931.53,-3.02,51.63,RED_STOP,708.1,DOUBLE_LINE_AUTOMATIC,1134.03,CRITICAL
SUPERFAST_EXPRESS,20.65,445.24,571.17,2.58,12.43,YELLOW,1261.53,BROAD_GAUGE_ELECTRIFIED,34.9,NORMAL
PREMIUM_SUPERFAST,66.69,589.72,3359.38,2.05,48.94,DOUBLE_YELLOW,1757.51,BROAD_GAUGE_ELECTRIFIED,260.8,NORMAL
PREMIUM_SUPERFAST,75.74,602.53,798.59,0.52,33.01,YELLOW,79.12,BROAD_GAUGE_ELECTRIFIED,329.27,WARNING
FREIGHT_GOODS,95.24,295.68,2562.13,-2.91,37.85,GREEN,1611.79,BROAD_GAUGE_ELECTRIFIED,600.94,NORMAL
FREIGHT_GOODS,148.78,398.67,1969.32,-1.59,23.62,YELLOW,1376.9,BROAD_GAUGE_ELECTRIFIED,1288.33,WARNING
FREIGHT_GOODS,68.49,550.52,479.46,-1.42,53.5,YELLOW,589.7,DOUBLE_LINE_AUTOMATIC,295.73,NORMAL
PREMIUM_SUPERFAST,68.57,238.88,3266.72,0.43,22.68,YELLOW,1894.8,BROAD_GAUGE_NON_ELECTRIFIED,274.39,NORMAL
FREIGHT_GOODS,123.25,398.85,3040.69,-1.69,36.5,RED_STOP,793.48,DOUBLE_LINE_AUTOMATIC,904.89,CRITICAL
PASSENGER_LOCAL,83.31,494.14,2025.2,-2.99,54.7,YELLOW,728.31,BROAD_GAUGE_ELECTRIFIED,469.47,NORMAL
FREIGHT_GOODS,51.44,747.92,1109.72,1.62,49.65,DOUBLE_YELLOW,1204.48,DOUBLE_LINE_AUTOMATIC,163.36,NORMAL
FREIGHT_GOODS,83.34,460.99,777.03,-1.41,34.13,DOUBLE_YELLOW,1706.57,DOUBLE_LINE_AUTOMATIC,425.12,NORMAL
PREMIUM_SUPERFAST,39.72,648.83,1526.52,-0.33,54.57,YELLOW,2325.67,DOUBLE_LINE_AUTOMATIC,105.29,NORMAL
PASSENGER_LOCAL,44.69,437.64,1191.83,-2.61,41.56,YELLOW,396.33,BROAD_GAUGE_ELECTRIFIED,146.12,NORMAL
FREIGHT_GOODS,89.77,638.01,1970.74,2.12,19.39,RED_STOP,1021.35,BROAD_GAUGE_ELECTRIFIED,450.99,NORMAL
PREMIUM_SUPERFAST,78.65,527.48,3395.87,0.46,28.25,GREEN,214.12,BROAD_GAUGE_ELECTRIFIED,352.93,NORMAL
PASSENGER_LOCAL,148.08,687.63,2182.36,2.81,25.05,DOUBLE_YELLOW,1908.45,DOUBLE_LINE_AUTOMATIC,1160.28,NORMAL
FREIGHT_GOODS,70.74,426.02,3158.79,-0.03,25.48,RED_STOP,1146.95,DOUBLE_LINE_AUTOMATIC,290.89,NORMAL
PREMIUM_SUPERFAST,101.28,532.37,2417.72,3.09,44.22,DOUBLE_YELLOW,1781.98,BROAD_GAUGE_NON_ELECTRIFIED,565.04,NORMAL
PASSENGER_LOCAL,108.52,546.51,1873.26,2.74,36.29,DOUBLE_YELLOW,839.38,BROAD_GAUGE_NON_ELECTRIFIED,643.26,NORMAL
FREIGHT_GOODS,21.83,429.56,3049.28,0.54,11.71,YELLOW,2118.58,BROAD_GAUGE_ELECTRIFIED,38.15,NORMAL
PASSENGER_LOCAL,112.9,279.37,1861.24,3.04,49.49,DOUBLE_YELLOW,1360.33,BROAD_GAUGE_NON_ELECTRIFIED,693.05,NORMAL
PASSENGER_LOCAL,44.93,251.46,3092.75,-1.24,23.36,GREEN,2361.84,BROAD_GAUGE_ELECTRIFIED,136.69,NORMAL
PREMIUM_SUPERFAST,154.55,209.17,1303.89,-0.94,54.87,GREEN,243.1,BROAD_GAUGE_ELECTRIFIED,1331.16,WARNING
SUPERFAST_EXPRESS,40.81,680.44,799.32,-3.18,52.94,GREEN,1309.98,DOUBLE_LINE_AUTOMATIC,128.61,NORMAL
PASSENGER_LOCAL,78.05,330.06,3051.47,0.62,52.32,RED_STOP,1927.82,BROAD_GAUGE_NON_ELECTRIFIED,347.96,NORMAL
PASSENGER_LOCAL,31.95,316.33,2220.99,1.55,46.5,GREEN,1520.37,BROAD_GAUGE_ELECTRIFIED,71.41,NORMAL
PASSENGER_LOCAL,159.56,604.82,3156.19,1.91,19.93,GREEN,106.83,BROAD_GAUGE_ELECTRIFIED,1338.63,NORMAL
PASSENGER_LOCAL,90.31,376.01,3307.26,-2.45,33.97,DOUBLE_YELLOW,2432.23,BROAD_GAUGE_NON_ELECTRIFIED,527.17,NORMAL
PASSENGER_LOCAL,103.35,478.32,566.25,-0.39,20.09,RED_STOP,780.75,BROAD_GAUGE_NON_ELECTRIFIED,599.82,NORMAL
SUPERFAST_EXPRESS,29.39,289.38,1953.0,-2.26,21.69,YELLOW,660.73,BROAD_GAUGE_NON_ELECTRIFIED,68.93,NORMAL
PREMIUM_SUPERFAST,124.99,727.86,1562.39,1.13,37.49,RED_STOP,1239.87,BROAD_GAUGE_NON_ELECTRIFIED,840.26,NORMAL
SUPERFAST_EXPRESS,49.39,668.37,2340.16,-2.39,11.84,RED_STOP,1378.29,BROAD_GAUGE_NON_ELECTRIFIED,172.62,NORMAL
PREMIUM_SUPERFAST,145.73,675.08,2860.13,2.83,53.63,YELLOW,1927.41,BROAD_GAUGE_NON_ELECTRIFIED,1125.34,WARNING
SUPERFAST_EXPRESS,48.72,423.73,1269.83,-1.89,51.34,YELLOW,1013.52,BROAD_GAUGE_NON_ELECTRIFIED,163.59,NORMAL
PREMIUM_SUPERFAST,46.7,619.3,2126.07,-1.46,27.13,YELLOW,1127.9,BROAD_GAUGE_ELECTRIFIED,148.15,NORMAL
FREIGHT_GOODS,25.12,279.13,2597.06,2.46,33.19,DOUBLE_YELLOW,1360.65,DOUBLE_LINE_AUTOMATIC,47.87,NORMAL
PASSENGER_LOCAL,86.09,204.74,816.74,-0.29,30.98,DOUBLE_YELLOW,1016.25,BROAD_GAUGE_ELECTRIFIED,423.81,NORMAL
PREMIUM_SUPERFAST,99.08,210.99,2923.61,-3.33,49.7,DOUBLE_YELLOW,2290.64,BROAD_GAUGE_ELECTRIFIED,666.72,NORMAL
PREMIUM_SUPERFAST,29.2,522.63,2278.94,-0.04,40.99,GREEN,2135.57,DOUBLE_LINE_AUTOMATIC,61.49,NORMAL
PASSENGER_LOCAL,128.57,450.47,3343.57,-2.91,22.52,YELLOW,1164.69,DOUBLE_LINE_AUTOMATIC,1063.61,WARNING
FREIGHT_GOODS,83.46,484.91,1452.54,3.4,30.11,DOUBLE_YELLOW,50.48,DOUBLE_LINE_AUTOMATIC,393.88,WARNING
PASSENGER_LOCAL,93.41,204.1,735.25,0.62,29.3,DOUBLE_YELLOW,2257.29,BROAD_GAUGE_NON_ELECTRIFIED,485.7,NORMAL
PREMIUM_SUPERFAST,81.71,432.48,1970.15,-1.7,53.17,RED_STOP,354.62,BROAD_GAUGE_NON_ELECTRIFIED,417.07,CRITICAL
PREMIUM_SUPERFAST,76.11,594.94,666.01,0.45,17.89,DOUBLE_YELLOW,649.06,BROAD_GAUGE_NON_ELECTRIFIED,332.18,NORMAL
PASSENGER_LOCAL,98.35,443.48,3405.53,-2.96,14.03,YELLOW,423.29,BROAD_GAUGE_ELECTRIFIED,640.73,WARNING
SUPERFAST_EXPRESS,41.73,602.72,519.92,2.1,49.63,YELLOW,490.55,DOUBLE_LINE_AUTOMATIC,112.98,NORMAL
PASSENGER_LOCAL,45.47,328.16,2735.86,2.98,50.35,GREEN,2017.05,DOUBLE_LINE_AUTOMATIC,131.28,NORMAL
PREMIUM_SUPERFAST,140.65,647.23,2027.82,2.62,49.23,GREEN,1469.78,BROAD_GAUGE_ELECTRIFIED,1051.69,WARNING
PREMIUM_SUPERFAST,152.46,523.64,1542.72,-1.11,32.99,RED_STOP,2392.43,BROAD_GAUGE_NON_ELECTRIFIED,1310.14,NORMAL
PREMIUM_SUPERFAST,72.26,315.92,604.11,-1.22,39.69,GREEN,617.06,DOUBLE_LINE_AUTOMATIC,322.79,NORMAL
FREIGHT_GOODS,57.9,330.2,2328.72,-3.25,35.35,YELLOW,1239.81,BROAD_GAUGE_ELECTRIFIED,243.19,NORMAL
PASSENGER_LOCAL,110.16,545.42,2214.18,1.06,13.13,GREEN,2444.7,BROAD_GAUGE_NON_ELECTRIFIED,661.72,NORMAL
FREIGHT_GOODS,77.22,656.47,1270.74,0.24,36.81,GREEN,2074.79,BROAD_GAUGE_ELECTRIFIED,341.21,NORMAL
PASSENGER_LOCAL,23.55,428.6,3221.69,-0.28,10.61,DOUBLE_YELLOW,1835.11,BROAD_GAUGE_NON_ELECTRIFIED,43.6,NORMAL
FREIGHT_GOODS,41.86,342.07,1342.74,2.85,24.62,YELLOW,512.99,BROAD_GAUGE_ELECTRIFIED,113.58,NORMAL
SUPERFAST_EXPRESS,120.24,676.86,1794.15,-2.32,51.95,RED_STOP,1935.04,BROAD_GAUGE_NON_ELECTRIFIED,899.2,NORMAL
PREMIUM_SUPERFAST,112.25,568.1,2085.66,-3.43,23.68,GREEN,901.53,BROAD_GAUGE_ELECTRIFIED,851.54,NORMAL
PREMIUM_SUPERFAST,23.79,446.45,710.72,-2.99,52.29,GREEN,1349.82,BROAD_GAUGE_ELECTRIFIED,50.09,NORMAL
PASSENGER_LOCAL,51.08,468.35,3289.7,-1.94,21.26,RED_STOP,1542.44,BROAD_GAUGE_ELECTRIFIED,178.6,NORMAL
PREMIUM_SUPERFAST,52.35,312.34,1561.06,-3.27,24.16,RED_STOP,1542.94,BROAD_GAUGE_ELECTRIFIED,202.43,NORMAL
FREIGHT_GOODS,114.06,544.74,650.42,0.02,38.28,YELLOW,1829.98,DOUBLE_LINE_AUTOMATIC,706.66,NORMAL
SUPERFAST_EXPRESS,22.76,397.31,1600.6,-1.3,44.27,RED_STOP,1671.17,DOUBLE_LINE_AUTOMATIC,43.0,NORMAL
FREIGHT_GOODS,34.58,747.6,2260.63,-2.24,32.56,GREEN,217.51,DOUBLE_LINE_AUTOMATIC,91.03,NORMAL
FREIGHT_GOODS,131.99,464.1,1992.32,1.75,49.7,YELLOW,1170.5,DOUBLE_LINE_AUTOMATIC,931.79,WARNING
PASSENGER_LOCAL,45.0,467.24,2553.08,-2.07,11.81,YELLOW,1676.85,BROAD_GAUGE_ELECTRIFIED,143.39,NORMAL
PREMIUM_SUPERFAST,111.38,511.22,572.0,1.31,51.5,RED_STOP,775.18,DOUBLE_LINE_AUTOMATIC,675.66,NORMAL
FREIGHT_GOODS,53.35,704.22,1282.08,-1.06,18.83,YELLOW,816.99,DOUBLE_LINE_AUTOMATIC,183.97,NORMAL
PASSENGER_LOCAL,33.92,640.45,2939.61,0.08,49.79,GREEN,355.19,BROAD_GAUGE_ELECTRIFIED,79.05,NORMAL
FREIGHT_GOODS,54.04,448.12,647.67,3.04,28.04,GREEN,1075.61,DOUBLE_LINE_AUTOMATIC,178.39,NORMAL
FREIGHT_GOODS,121.12,595.28,3052.01,-3.24,47.47,GREEN,2467.73,DOUBLE_LINE_AUTOMATIC,971.08,NORMAL
FREIGHT_GOODS,139.8,522.43,684.88,0.0,40.22,YELLOW,749.03,BROAD_GAUGE_NON_ELECTRIFIED,1039.57,WARNING
PASSENGER_LOCAL,136.23,470.8,2986.81,2.48,17.92,RED_STOP,1352.02,DOUBLE_LINE_AUTOMATIC,989.61,NORMAL
SUPERFAST_EXPRESS,75.61,305.77,1518.44,0.62,51.31,GREEN,1870.93,BROAD_GAUGE_NON_ELECTRIFIED,328.17,NORMAL
FREIGHT_GOODS,113.53,455.16,2297.85,-1.56,21.05,DOUBLE_YELLOW,83.07,DOUBLE_LINE_AUTOMATIC,767.69,WARNING
FREIGHT_GOODS,48.7,335.2,873.95,-0.72,20.99,RED_STOP,2256.08,BROAD_GAUGE_ELECTRIFIED,153.54,NORMAL
PASSENGER_LOCAL,61.04,703.16,605.12,1.26,46.64,YELLOW,997.05,DOUBLE_LINE_AUTOMATIC,222.08,NORMAL
PREMIUM_SUPERFAST,145.49,384.47,1069.41,2.74,14.76,GREEN,2179.33,BROAD_GAUGE_ELECTRIFIED,1121.79,NORMAL
SUPERFAST_EXPRESS,21.82,723.75,796.35,-3.21,19.99,YELLOW,145.42,DOUBLE_LINE_AUTOMATIC,43.88,NORMAL
PASSENGER_LOCAL,31.97,493.18,1368.46,-3.0,32.67,GREEN,406.88,DOUBLE_LINE_AUTOMATIC,82.87,NORMAL
PREMIUM_SUPERFAST,49.1,547.35,1994.59,-1.22,47.37,YELLOW,840.2,BROAD_GAUGE_ELECTRIFIED,160.02,NORMAL
PASSENGER_LOCAL,23.71,498.62,2225.15,-1.87,16.64,DOUBLE_YELLOW,896.38,BROAD_GAUGE_ELECTRIFIED,47.18,NORMAL
PASSENGER_LOCAL,45.4,271.16,2848.59,-1.65,34.65,YELLOW,2127.1,BROAD_GAUGE_ELECTRIFIED,142.33,NORMAL
SUPERFAST_EXPRESS,101.63,406.7,2434.34,-1.95,42.01,YELLOW,77.44,BROAD_GAUGE_ELECTRIFIED,637.81,WARNING
SUPERFAST_EXPRESS,79.0,254.53,2287.15,-2.13,48.73,YELLOW,1620.72,BROAD_GAUGE_NON_ELECTRIFIED,402.03,NORMAL
SUPERFAST_EXPRESS,144.97,542.62,1676.52,-2.59,52.1,GREEN,371.72,BROAD_GAUGE_NON_ELECTRIFIED,1309.62,WARNING
SUPERFAST_EXPRESS,134.44,445.78,1868.81,3.04,45.31,RED_STOP,2066.88,BROAD_GAUGE_ELECTRIFIED,965.02,NORMAL
PREMIUM_SUPERFAST,67.85,627.89,1685.01,-2.49,39.38,YELLOW,1957.5,BROAD_GAUGE_NON_ELECTRIFIED,310.1,NORMAL
FREIGHT_GOODS,56.32,321.26,3010.71,-2.07,29.51,RED_STOP,1274.81,DOUBLE_LINE_AUTOMATIC,214.79,NORMAL
PASSENGER_LOCAL,73.16,290.51,1113.0,-1.78,15.04,GREEN,571.08,DOUBLE_LINE_AUTOMATIC,341.13,NORMAL
SUPERFAST_EXPRESS,102.64,423.48,417.73,3.03,41.94,YELLOW,1604.51,DOUBLE_LINE_AUTOMATIC,579.34,NORMAL
FREIGHT_GOODS,57.53,709.62,2419.09,1.79,54.67,GREEN,432.83,BROAD_GAUGE_NON_ELECTRIFIED,199.56,NORMAL
PREMIUM_SUPERFAST,107.38,590.73,1027.63,2.03,43.15,RED_STOP,515.56,BROAD_GAUGE_NON_ELECTRIFIED,630.64,CRITICAL
SUPERFAST_EXPRESS,77.32,430.41,3159.36,-2.77,10.75,GREEN,1585.39,DOUBLE_LINE_AUTOMATIC,402.26,NORMAL
PASSENGER_LOCAL,97.29,484.5,3063.04,2.35,32.33,GREEN,2478.51,BROAD_GAUGE_ELECTRIFIED,524.0,NORMAL
FREIGHT_GOODS,81.06,246.32,637.85,-0.64,37.66,RED_STOP,2233.1,DOUBLE_LINE_AUTOMATIC,386.41,NORMAL
SUPERFAST_EXPRESS,61.23,741.52,729.8,-1.66,41.04,GREEN,1503.11,BROAD_GAUGE_NON_ELECTRIFIED,244.22,NORMAL
PASSENGER_LOCAL,152.78,566.52,1935.03,0.53,42.39,RED_STOP,1369.42,DOUBLE_LINE_AUTOMATIC,1231.81,NORMAL
FREIGHT_GOODS,126.9,356.97,2288.59,2.26,35.11,RED_STOP,2496.04,DOUBLE_LINE_AUTOMATIC,864.79,NORMAL
PASSENGER_LOCAL,39.62,522.19,1252.22,1.95,20.05,YELLOW,1391.12,BROAD_GAUGE_NON_ELECTRIFIED,103.2,NORMAL
PREMIUM_SUPERFAST,141.59,260.22,2622.07,2.73,52.4,YELLOW,1079.29,BROAD_GAUGE_NON_ELECTRIFIED,1065.07,WARNING
SUPERFAST_EXPRESS,88.24,731.21,2244.24,3.0,41.35,GREEN,2278.41,BROAD_GAUGE_NON_ELECTRIFIED,436.78,NORMAL
SUPERFAST_EXPRESS,145.24,296.13,1406.95,-1.83,20.66,GREEN,623.75,BROAD_GAUGE_NON_ELECTRIFIED,1249.75,NORMAL
PASSENGER_LOCAL,131.98,556.42,478.65,-0.53,24.5,GREEN,288.94,DOUBLE_LINE_AUTOMATIC,960.62,NORMAL
FREIGHT_GOODS,79.53,335.0,2725.47,-3.4,51.49,DOUBLE_YELLOW,1603.52,BROAD_GAUGE_NON_ELECTRIFIED,442.49,NORMAL
SUPERFAST_EXPRESS,23.15,594.66,1065.74,2.66,49.94,DOUBLE_YELLOW,284.83,BROAD_GAUGE_ELECTRIFIED,41.91,NORMAL
PASSENGER_LOCAL,57.61,627.25,2986.87,-2.42,28.23,YELLOW,964.21,BROAD_GAUGE_NON_ELECTRIFIED,228.59,NORMAL
PREMIUM_SUPERFAST,95.83,570.38,1702.9,2.53,11.72,RED_STOP,1087.76,BROAD_GAUGE_NON_ELECTRIFIED,509.41,NORMAL
SUPERFAST_EXPRESS,108.69,537.97,2188.94,-1.19,12.18,DOUBLE_YELLOW,1391.47,DOUBLE_LINE_AUTOMATIC,691.11,NORMAL
PASSENGER_LOCAL,56.1,690.86,3106.14,-0.92,22.78,DOUBLE_YELLOW,2479.57,BROAD_GAUGE_ELECTRIFIED,200.05,NORMAL
FREIGHT_GOODS,39.51,243.24,3077.23,-3.23,38.31,RED_STOP,591.41,BROAD_GAUGE_ELECTRIFIED,121.73,NORMAL
SUPERFAST_EXPRESS,136.89,382.0,1551.71,-1.21,36.29,GREEN,970.6,BROAD_GAUGE_ELECTRIFIED,1072.81,NORMAL
SUPERFAST_EXPRESS,157.82,336.56,1047.56,2.72,38.52,GREEN,373.99,BROAD_GAUGE_NON_ELECTRIFIED,1310.69,NORMAL
PREMIUM_SUPERFAST,93.6,743.41,2802.95,-3.32,42.28,DOUBLE_YELLOW,1538.65,DOUBLE_LINE_AUTOMATIC,598.13,NORMAL
PASSENGER_LOCAL,44.04,414.16,1742.55,-0.66,10.86,DOUBLE_YELLOW,1832.8,DOUBLE_LINE_AUTOMATIC,128.09,NORMAL
FREIGHT_GOODS,58.12,602.94,995.33,-3.28,14.73,RED_STOP,1231.09,BROAD_GAUGE_NON_ELECTRIFIED,245.3,NORMAL
PREMIUM_SUPERFAST,22.57,576.6,3203.72,-0.9,26.18,RED_STOP,652.29,BROAD_GAUGE_ELECTRIFIED,41.72,NORMAL
PREMIUM_SUPERFAST,148.0,316.64,1014.12,-2.29,16.97,DOUBLE_YELLOW,1571.18,BROAD_GAUGE_ELECTRIFIED,1335.71,WARNING
PREMIUM_SUPERFAST,36.49,331.45,480.0,-1.73,13.39,RED_STOP,1370.94,DOUBLE_LINE_AUTOMATIC,97.34,NORMAL
PASSENGER_LOCAL,100.71,354.71,462.87,2.64,38.84,GREEN,469.41,BROAD_GAUGE_NON_ELECTRIFIED,559.09,NORMAL
PASSENGER_LOCAL,58.37,426.12,2329.18,-0.45,46.69,YELLOW,1043.92,BROAD_GAUGE_ELECTRIFIED,209.56,NORMAL
SUPERFAST_EXPRESS,97.58,328.88,2451.19,-1.58,43.87,DOUBLE_YELLOW,1116.23,BROAD_GAUGE_NON_ELECTRIFIED,577.45,NORMAL
PASSENGER_LOCAL,111.2,210.81,1364.23,0.63,46.77,YELLOW,2457.41,DOUBLE_LINE_AUTOMATIC,673.54,NORMAL
PREMIUM_SUPERFAST,136.16,683.67,1392.03,-2.51,39.96,RED_STOP,2130.75,BROAD_GAUGE_NON_ELECTRIFIED,1154.68,NORMAL
PASSENGER_LOCAL,48.9,731.09,1452.43,-1.68,43.09,YELLOW,1849.21,BROAD_GAUGE_NON_ELECTRIFIED,162.84,NORMAL
FREIGHT_GOODS,21.54,387.86,2508.49,0.32,22.23,DOUBLE_YELLOW,2227.5,BROAD_GAUGE_NON_ELECTRIFIED,37.33,NORMAL
SUPERFAST_EXPRESS,39.16,386.18,580.21,-1.84,54.69,RED_STOP,1851.94,BROAD_GAUGE_NON_ELECTRIFIED,110.76,NORMAL
PREMIUM_SUPERFAST,146.0,203.9,3280.26,1.25,18.24,YELLOW,2263.33,BROAD_GAUGE_ELECTRIFIED,1129.4,NORMAL
SUPERFAST_EXPRESS,142.34,574.14,1089.82,-0.06,19.65,GREEN,183.66,DOUBLE_LINE_AUTOMATIC,1079.64,NORMAL
PASSENGER_LOCAL,103.64,653.99,3498.99,1.9,23.0,DOUBLE_YELLOW,1167.36,BROAD_GAUGE_ELECTRIFIED,589.95,NORMAL
SUPERFAST_EXPRESS,104.07,280.63,931.72,3.14,53.89,DOUBLE_YELLOW,1879.9,BROAD_GAUGE_ELECTRIFIED,594.6,NORMAL
SUPERFAST_EXPRESS,113.11,287.82,2791.79,-2.69,54.47,DOUBLE_YELLOW,1479.07,BROAD_GAUGE_ELECTRIFIED,820.13,NORMAL
PASSENGER_LOCAL,44.55,634.55,1092.58,-1.16,45.77,DOUBLE_YELLOW,479.16,BROAD_GAUGE_ELECTRIFIED,134.12,NORMAL
SUPERFAST_EXPRESS,148.02,538.96,650.63,-1.26,38.31,RED_STOP,884.21,DOUBLE_LINE_AUTOMATIC,1249.93,CRITICAL
PASSENGER_LOCAL,78.63,224.67,3112.29,-2.44,33.4,GREEN,828.55,DOUBLE_LINE_AUTOMATIC,406.44,NORMAL
PREMIUM_SUPERFAST,73.64,542.4,3062.13,2.17,53.68,GREEN,690.3,BROAD_GAUGE_ELECTRIFIED,312.65,NORMAL
SUPERFAST_EXPRESS,92.65,369.9,1651.07,1.82,41.3,YELLOW,890.68,BROAD_GAUGE_NON_ELECTRIFIED,478.29,NORMAL
FREIGHT_GOODS,26.58,402.8,2577.43,-0.11,52.51,DOUBLE_YELLOW,1311.39,BROAD_GAUGE_NON_ELECTRIFIED,52.75,NORMAL
FREIGHT_GOODS,43.28,623.35,2126.9,0.26,24.24,DOUBLE_YELLOW,2144.43,BROAD_GAUGE_NON_ELECTRIFIED,120.39,NORMAL
PREMIUM_SUPERFAST,123.32,646.01,3044.16,-3.08,25.02,YELLOW,1867.98,BROAD_GAUGE_NON_ELECTRIFIED,994.17,NORMAL
PASSENGER_LOCAL,31.59,420.2,1376.67,0.39,48.46,RED_STOP,2096.36,BROAD_GAUGE_NON_ELECTRIFIED,70.07,NORMAL
PASSENGER_LOCAL,104.44,720.93,2023.38,2.04,16.74,GREEN,2214.83,DOUBLE_LINE_AUTOMATIC,598.57,NORMAL
SUPERFAST_EXPRESS,54.35,423.55,1904.65,0.52,52.57,DOUBLE_YELLOW,1069.57,BROAD_GAUGE_NON_ELECTRIFIED,180.19,NORMAL
SUPERFAST_EXPRESS,74.5,624.51,1497.11,-1.64,32.84,YELLOW,897.76,DOUBLE_LINE_AUTOMATIC,350.04,NORMAL
FREIGHT_GOODS,60.42,466.13,3163.51,1.17,51.69,GREEN,191.18,BROAD_GAUGE_NON_ELECTRIFIED,217.99,NORMAL
FREIGHT_GOODS,69.79,693.64,914.22,-0.97,25.16,YELLOW,2329.7,BROAD_GAUGE_NON_ELECTRIFIED,298.54,NORMAL
PASSENGER_LOCAL,120.67,699.27,863.48,0.31,42.22,YELLOW,211.27,BROAD_GAUGE_ELECTRIFIED,785.98,WARNING
FREIGHT_GOODS,61.6,248.08,2188.42,-0.09,31.73,RED_STOP,1865.78,BROAD_GAUGE_ELECTRIFIED,226.75,NORMAL
PASSENGER_LOCAL,99.3,715.07,2438.23,-0.83,38.21,GREEN,976.37,BROAD_GAUGE_ELECTRIFIED,570.52,NORMAL
PREMIUM_SUPERFAST,86.65,654.04,1003.32,1.53,32.7,DOUBLE_YELLOW,2374.51,DOUBLE_LINE_AUTOMATIC,422.23,NORMAL
PREMIUM_SUPERFAST,112.91,635.22,1611.22,2.69,53.52,GREEN,1078.02,DOUBLE_LINE_AUTOMATIC,693.26,NORMAL
FREIGHT_GOODS,151.16,310.5,3334.35,-3.46,41.14,RED_STOP,2050.69,BROAD_GAUGE_ELECTRIFIED,1511.25,NORMAL
SUPERFAST_EXPRESS,122.56,642.82,1164.51,3.04,21.31,DOUBLE_YELLOW,742.5,BROAD_GAUGE_ELECTRIFIED,809.5,WARNING
FREIGHT_GOODS,50.09,667.57,2471.92,0.08,50.94,GREEN,782.77,BROAD_GAUGE_NON_ELECTRIFIED,155.79,NORMAL
FREIGHT_GOODS,24.37,359.03,2694.46,1.41,23.23,RED_STOP,1509.02,DOUBLE_LINE_AUTOMATIC,45.55,NORMAL
FREIGHT_GOODS,56.72,723.74,1789.2,2.49,26.72,DOUBLE_YELLOW,2495.06,BROAD_GAUGE_NON_ELECTRIFIED,194.52,NORMAL
SUPERFAST_EXPRESS,103.31,227.42,3306.33,-0.23,14.6,DOUBLE_YELLOW,1318.05,BROAD_GAUGE_NON_ELECTRIFIED,593.98,NORMAL
FREIGHT_GOODS,27.2,282.45,2683.64,2.34,50.5,YELLOW,2343.96,BROAD_GAUGE_ELECTRIFIED,54.57,NORMAL
SUPERFAST_EXPRESS,89.49,495.67,1819.57,-2.26,22.88,YELLOW,1976.31,BROAD_GAUGE_NON_ELECTRIFIED,511.79,NORMAL
FREIGHT_GOODS,103.56,516.69,2164.94,-2.39,21.65,RED_STOP,1999.87,BROAD_GAUGE_NON_ELECTRIFIED,679.73,NORMAL
SUPERFAST_EXPRESS,66.79,554.83,2547.1,1.1,51.41,DOUBLE_YELLOW,1118.1,BROAD_GAUGE_ELECTRIFIED,261.54,NORMAL
SUPERFAST_EXPRESS,127.93,209.33,2235.79,2.59,46.25,GREEN,997.03,BROAD_GAUGE_ELECTRIFIED,878.07,NORMAL
SUPERFAST_EXPRESS,34.92,728.2,3123.96,2.75,16.35,DOUBLE_YELLOW,520.21,BROAD_GAUGE_NON_ELECTRIFIED,83.07,NORMAL
SUPERFAST_EXPRESS,30.52,224.52,1506.35,1.01,44.62,RED_STOP,2411.66,BROAD_GAUGE_NON_ELECTRIFIED,66.11,NORMAL
SUPERFAST_EXPRESS,121.95,278.68,1329.65,0.18,51.09,GREEN,2400.51,BROAD_GAUGE_NON_ELECTRIFIED,801.84,NORMAL
PREMIUM_SUPERFAST,89.37,207.71,1062.9,-1.18,13.53,DOUBLE_YELLOW,1880.32,DOUBLE_LINE_AUTOMATIC,477.9,NORMAL
PASSENGER_LOCAL,116.38,511.77,517.13,3.36,47.13,GREEN,775.82,BROAD_GAUGE_NON_ELECTRIFIED,733.95,NORMAL
PASSENGER_LOCAL,80.88,712.75,533.34,-1.26,34.63,YELLOW,650.69,BROAD_GAUGE_ELECTRIFIED,398.61,NORMAL
SUPERFAST_EXPRESS,54.5,566.27,3097.17,1.71,40.11,GREEN,2472.1,BROAD_GAUGE_NON_ELECTRIFIED,181.07,NORMAL
PASSENGER_LOCAL,134.67,652.46,2503.02,0.22,32.18,YELLOW,213.03,DOUBLE_LINE_AUTOMATIC,968.19,WARNING
SUPERFAST_EXPRESS,131.92,207.3,2447.65,0.76,41.4,GREEN,2116.73,BROAD_GAUGE_NON_ELECTRIFIED,930.85,NORMAL
FREIGHT_GOODS,117.26,498.11,2305.39,-0.75,11.53,YELLOW,920.87,DOUBLE_LINE_AUTOMATIC,776.9,WARNING
PREMIUM_SUPERFAST,58.1,452.76,3032.58,3.25,44.32,RED_STOP,1076.23,DOUBLE_LINE_AUTOMATIC,203.14,NORMAL
FREIGHT_GOODS,102.63,474.43,1888.83,0.5,11.5,GREEN,2088.35,BROAD_GAUGE_ELECTRIFIED,579.25,NORMAL
FREIGHT_GOODS,70.54,239.72,3098.27,3.06,30.49,DOUBLE_YELLOW,271.98,BROAD_GAUGE_NON_ELECTRIFIED,288.92,WARNING
SUPERFAST_EXPRESS,32.82,576.44,1514.28,-3.45,16.79,RED_STOP,917.72,DOUBLE_LINE_AUTOMATIC,89.01,NORMAL
FREIGHT_GOODS,148.42,476.77,3272.79,0.51,47.06,RED_STOP,2382.46,BROAD_GAUGE_NON_ELECTRIFIED,1165.46,NORMAL
PREMIUM_SUPERFAST,39.15,620.83,2565.84,1.52,24.11,GREEN,1762.71,DOUBLE_LINE_AUTOMATIC,101.12,NORMAL
FREIGHT_GOODS,153.03,466.91,1197.25,1.72,30.43,RED_STOP,1899.6,BROAD_GAUGE_ELECTRIFIED,1235.67,NORMAL
PREMIUM_SUPERFAST,82.44,282.16,2148.66,2.83,29.29,YELLOW,1905.89,BROAD_GAUGE_ELECTRIFIED,385.01,NORMAL
PREMIUM_SUPERFAST,45.92,556.54,2052.39,-3.47,44.76,YELLOW,198.4,BROAD_GAUGE_NON_ELECTRIFIED,161.72,NORMAL
SUPERFAST_EXPRESS,95.87,294.81,827.49,-3.5,31.65,GREEN,547.86,BROAD_GAUGE_NON_ELECTRIFIED,633.77,NORMAL
PREMIUM_SUPERFAST,142.21,679.82,2232.85,-0.19,45.5,RED_STOP,1253.59,BROAD_GAUGE_NON_ELECTRIFIED,1086.07,NORMAL
FREIGHT_GOODS,122.51,537.21,1375.84,-3.29,13.31,DOUBLE_YELLOW,951.97,BROAD_GAUGE_NON_ELECTRIFIED,996.61,WARNING
SUPERFAST_EXPRESS,132.92,286.46,562.28,3.32,18.62,GREEN,1056.74,BROAD_GAUGE_NON_ELECTRIFIED,944.32,NORMAL
PREMIUM_SUPERFAST,112.23,729.29,3340.83,-1.95,34.82,GREEN,1964.55,DOUBLE_LINE_AUTOMATIC,769.44,NORMAL
PREMIUM_SUPERFAST,116.92,485.1,2388.62,-0.19,52.62,RED_STOP,85.96,BROAD_GAUGE_NON_ELECTRIFIED,748.41,CRITICAL
PASSENGER_LOCAL,138.89,240.09,3118.45,-3.07,13.36,YELLOW,1668.21,DOUBLE_LINE_AUTOMATIC,1247.75,NORMAL
SUPERFAST_EXPRESS,54.95,544.76,2495.77,0.15,11.94,RED_STOP,50.27,DOUBLE_LINE_AUTOMATIC,183.8,CRITICAL
PASSENGER_LOCAL,88.52,339.26,1506.65,-0.84,17.04,DOUBLE_YELLOW,204.49,DOUBLE_LINE_AUTOMATIC,460.3,WARNING
PREMIUM_SUPERFAST,50.97,642.03,1989.33,-3.19,38.85,DOUBLE_YELLOW,1050.3,BROAD_GAUGE_NON_ELECTRIFIED,191.85,NORMAL
PASSENGER_LOCAL,158.27,649.8,2494.81,-1.15,27.95,DOUBLE_YELLOW,2110.32,BROAD_GAUGE_ELECTRIFIED,1411.9,NORMAL
FREIGHT_GOODS,152.17,738.42,3376.78,-0.76,47.15,DOUBLE_YELLOW,405.24,BROAD_GAUGE_ELECTRIFIED,1278.02,WARNING
FREIGHT_GOODS,25.52,476.03,1186.38,3.43,13.24,GREEN,1408.82,BROAD_GAUGE_NON_ELECTRIFIED,49.13,NORMAL
PREMIUM_SUPERFAST,118.78,450.23,3112.43,-2.04,18.84,DOUBLE_YELLOW,1712.34,BROAD_GAUGE_NON_ELECTRIFIED,862.58,NORMAL
PASSENGER_LOCAL,149.53,614.41,3264.64,0.31,23.5,DOUBLE_YELLOW,612.36,BROAD_GAUGE_NON_ELECTRIFIED,1182.19,WARNING
PASSENGER_LOCAL,45.28,272.86,2478.29,3.41,38.2,DOUBLE_YELLOW,1305.21,DOUBLE_LINE_AUTOMATIC,130.32,NORMAL
SUPERFAST_EXPRESS,99.51,500.8,3286.93,2.04,40.83,RED_STOP,2282.95,BROAD_GAUGE_ELECTRIFIED,546.67,NORMAL
FREIGHT_GOODS,148.17,500.44,1633.42,3.45,15.59,YELLOW,1304.96,BROAD_GAUGE_ELECTRIFIED,1161.63,WARNING
FREIGHT_GOODS,24.75,249.21,3354.35,3.28,52.47,YELLOW,435.44,BROAD_GAUGE_ELECTRIFIED,46.74,NORMAL
SUPERFAST_EXPRESS,117.64,429.89,2578.63,-0.07,25.35,YELLOW,1588.15,BROAD_GAUGE_ELECTRIFIED,752.15,NORMAL
FREIGHT_GOODS,61.63,669.31,530.22,1.37,42.09,DOUBLE_YELLOW,1500.89,DOUBLE_LINE_AUTOMATIC,225.96,NORMAL
PASSENGER_LOCAL,149.42,670.88,3211.31,-2.73,33.59,RED_STOP,116.04,BROAD_GAUGE_NON_ELECTRIFIED,1401.58,CRITICAL
PASSENGER_LOCAL,155.95,254.58,1901.87,-0.41,20.02,GREEN,271.96,DOUBLE_LINE_AUTOMATIC,1312.12,NORMAL
FREIGHT_GOODS,152.2,249.9,1827.01,2.16,48.08,RED_STOP,434.11,BROAD_GAUGE_NON_ELECTRIFIED,1222.78,CRITICAL
SUPERFAST_EXPRESS,86.39,344.48,2156.05,0.04,46.82,GREEN,383.91,BROAD_GAUGE_NON_ELECTRIFIED,419.91,NORMAL
PREMIUM_SUPERFAST,140.69,681.12,863.09,1.42,27.82,RED_STOP,685.69,BROAD_GAUGE_ELECTRIFIED,1052.2,CRITICAL
PREMIUM_SUPERFAST,138.24,270.9,1854.41,1.72,36.49,YELLOW,1162.56,BROAD_GAUGE_ELECTRIFIED,1017.56,WARNING
PREMIUM_SUPERFAST,64.67,596.0,2976.49,-1.73,21.6,YELLOW,960.7,BROAD_GAUGE_NON_ELECTRIFIED,271.01,NORMAL
PREMIUM_SUPERFAST,136.05,255.64,448.0,2.63,41.04,DOUBLE_YELLOW,2232.09,BROAD_GAUGE_NON_ELECTRIFIED,987.09,NORMAL
PASSENGER_LOCAL,25.18,542.73,1246.04,-0.28,23.91,YELLOW,1549.67,BROAD_GAUGE_ELECTRIFIED,48.61,NORMAL
PREMIUM_SUPERFAST,103.48,395.84,407.61,-2.03,47.98,YELLOW,2196.55,BROAD_GAUGE_ELECTRIFIED,663.22,NORMAL
PASSENGER_LOCAL,52.2,633.9,1688.71,2.56,19.78,YELLOW,1341.25,BROAD_GAUGE_ELECTRIFIED,167.66,NORMAL
PASSENGER_LOCAL,36.88,328.53,2657.78,-0.58,10.67,RED_STOP,270.18,BROAD_GAUGE_ELECTRIFIED,93.65,NORMAL
PREMIUM_SUPERFAST,30.77,551.56,2876.19,1.75,22.08,YELLOW,1185.05,BROAD_GAUGE_ELECTRIFIED,67.04,NORMAL
PREMIUM_SUPERFAST,117.48,329.63,3330.09,0.34,18.6,GREEN,2063.98,DOUBLE_LINE_AUTOMATIC,747.17,NORMAL
PREMIUM_SUPERFAST,67.58,592.51,2286.36,-0.83,32.87,DOUBLE_YELLOW,525.55,DOUBLE_LINE_AUTOMATIC,279.2,NORMAL
FREIGHT_GOODS,121.47,680.52,1189.34,2.17,19.17,RED_STOP,273.47,DOUBLE_LINE_AUTOMATIC,795.88,CRITICAL
FREIGHT_GOODS,29.15,269.74,3264.86,0.59,44.34,GREEN,857.12,BROAD_GAUGE_ELECTRIFIED,61.22,NORMAL
SUPERFAST_EXPRESS,64.14,676.63,2803.48,-0.77,20.86,RED_STOP,1002.8,BROAD_GAUGE_NON_ELECTRIFIED,252.92,NORMAL
PASSENGER_LOCAL,95.53,526.47,2180.73,-2.73,41.81,YELLOW,800.33,BROAD_GAUGE_NON_ELECTRIFIED,597.08,NORMAL
PREMIUM_SUPERFAST,130.7,269.91,2556.48,2.77,36.03,RED_STOP,381.34,BROAD_GAUGE_ELECTRIFIED,914.59,CRITICAL
FREIGHT_GOODS,64.63,435.15,3265.38,-3.25,54.38,RED_STOP,664.56,DOUBLE_LINE_AUTOMATIC,297.66,NORMAL
SUPERFAST_EXPRESS,107.62,288.47,2608.42,2.54,55.0,DOUBLE_YELLOW,1721.59,BROAD_GAUGE_NON_ELECTRIFIED,633.34,NORMAL
PASSENGER_LOCAL,144.04,585.19,1541.96,-0.98,49.13,RED_STOP,995.52,BROAD_GAUGE_ELECTRIFIED,1165.84,CRITICAL
PASSENGER_LOCAL,106.22,617.38,2610.39,0.98,44.2,RED_STOP,1599.75,DOUBLE_LINE_AUTOMATIC,617.88,NORMAL
PASSENGER_LOCAL,52.61,258.19,524.86,2.96,27.39,DOUBLE_YELLOW,1363.94,DOUBLE_LINE_AUTOMATIC,170.04,NORMAL
FREIGHT_GOODS,23.42,478.38,1597.89,-2.44,43.9,RED_STOP,1395.18,DOUBLE_LINE_AUTOMATIC,47.46,NORMAL
PREMIUM_SUPERFAST,141.81,648.04,1659.6,0.47,53.05,RED_STOP,658.95,DOUBLE_LINE_AUTOMATIC,1068.35,CRITICAL
PREMIUM_SUPERFAST,22.98,714.89,917.2,1.85,11.05,GREEN,1327.78,DOUBLE_LINE_AUTOMATIC,41.42,NORMAL
PASSENGER_LOCAL,142.46,482.43,471.56,1.8,34.21,GREEN,107.81,DOUBLE_LINE_AUTOMATIC,1077.63,NORMAL
PASSENGER_LOCAL,94.05,722.65,813.48,0.18,19.81,RED_STOP,1107.77,DOUBLE_LINE_AUTOMATIC,491.9,NORMAL
SUPERFAST_EXPRESS,151.47,494.63,2429.33,0.87,35.1,RED_STOP,1452.93,DOUBLE_LINE_AUTOMATIC,1211.62,NORMAL
SUPERFAST_EXPRESS,131.83,416.8,2887.1,1.8,30.99,YELLOW,495.89,DOUBLE_LINE_AUTOMATIC,929.66,WARNING
PASSENGER_LOCAL,159.71,666.51,3463.43,2.39,35.91,GREEN,678.57,DOUBLE_LINE_AUTOMATIC,1341.02,NORMAL
SUPERFAST_EXPRESS,69.1,471.14,1473.73,1.83,34.79,YELLOW,587.85,BROAD_GAUGE_ELECTRIFIED,278.25,NORMAL
FREIGHT_GOODS,127.41,459.55,2258.08,-1.02,53.2,RED_STOP,222.87,BROAD_GAUGE_NON_ELECTRIFIED,924.7,CRITICAL
PASSENGER_LOCAL,76.27,469.67,3305.15,3.48,34.85,YELLOW,902.25,BROAD_GAUGE_ELECTRIFIED,333.5,NORMAL
SUPERFAST_EXPRESS,87.18,665.73,917.83,-0.46,48.08,YELLOW,2448.47,BROAD_GAUGE_NON_ELECTRIFIED,437.91,NORMAL
PASSENGER_LOCAL,107.85,657.57,2624.7,-3.33,24.39,DOUBLE_YELLOW,917.01,BROAD_GAUGE_ELECTRIFIED,783.2,WARNING
PREMIUM_SUPERFAST,142.31,421.94,2740.43,-0.96,29.71,DOUBLE_YELLOW,1178.31,BROAD_GAUGE_NON_ELECTRIFIED,1138.02,WARNING
FREIGHT_GOODS,157.77,383.31,675.82,-2.61,31.17,RED_STOP,1650.06,BROAD_GAUGE_NON_ELECTRIFIED,1543.49,NORMAL
PASSENGER_LOCAL,127.56,470.56,3069.87,-2.65,22.54,GREEN,1638.82,BROAD_GAUGE_NON_ELECTRIFIED,1029.02,NORMAL
PREMIUM_SUPERFAST,78.49,515.02,2920.63,-1.53,27.09,RED_STOP,2377.24,BROAD_GAUGE_ELECTRIFIED,382.98,NORMAL
PASSENGER_LOCAL,78.99,331.09,503.55,-3.13,36.93,GREEN,2151.03,BROAD_GAUGE_NON_ELECTRIFIED,428.83,NORMAL
PREMIUM_SUPERFAST,123.26,636.68,682.36,1.32,36.11,DOUBLE_YELLOW,1995.18,DOUBLE_LINE_AUTOMATIC,818.3,NORMAL
SUPERFAST_EXPRESS,53.43,467.57,552.29,-2.98,38.64,GREEN,2381.49,BROAD_GAUGE_NON_ELECTRIFIED,206.3,NORMAL
PREMIUM_SUPERFAST,35.47,383.73,1437.7,-2.08,25.83,YELLOW,615.38,BROAD_GAUGE_ELECTRIFIED,94.34,NORMAL
FREIGHT_GOODS,69.65,258.75,1978.8,-2.85,24.21,YELLOW,1561.78,BROAD_GAUGE_ELECTRIFIED,332.99,NORMAL
FREIGHT_GOODS,60.21,331.36,2050.28,-3.06,37.52,DOUBLE_YELLOW,2223.63,DOUBLE_LINE_AUTOMATIC,257.97,NORMAL
SUPERFAST_EXPRESS,61.48,722.1,1229.77,-1.63,15.98,RED_STOP,1579.14,BROAD_GAUGE_NON_ELECTRIFIED,245.62,NORMAL
PASSENGER_LOCAL,52.71,367.8,3225.95,0.5,21.39,GREEN,2444.68,BROAD_GAUGE_ELECTRIFIED,170.56,NORMAL
FREIGHT_GOODS,25.89,292.87,1541.61,3.25,11.9,RED_STOP,295.86,BROAD_GAUGE_NON_ELECTRIFIED,50.31,NORMAL
SUPERFAST_EXPRESS,22.5,453.37,541.21,2.63,13.27,GREEN,1126.36,DOUBLE_LINE_AUTOMATIC,40.05,NORMAL
FREIGHT_GOODS,158.28,368.9,1330.7,2.63,20.95,DOUBLE_YELLOW,2444.54,DOUBLE_LINE_AUTOMATIC,1318.1,NORMAL
SUPERFAST_EXPRESS,79.89,219.34,2046.44,-2.27,10.88,YELLOW,979.94,BROAD_GAUGE_ELECTRIFIED,414.08,NORMAL
FREIGHT_GOODS,73.81,377.73,1665.49,-1.65,21.04,YELLOW,1861.91,BROAD_GAUGE_NON_ELECTRIFIED,344.07,NORMAL
SUPERFAST_EXPRESS,115.15,499.26,1248.91,-2.97,39.47,GREEN,124.49,DOUBLE_LINE_AUTOMATIC,864.88,NORMAL
FREIGHT_GOODS,50.56,503.44,807.1,1.95,12.75,RED_STOP,1752.35,DOUBLE_LINE_AUTOMATIC,158.37,NORMAL
PASSENGER_LOCAL,152.99,396.11,2939.41,-3.01,29.65,DOUBLE_YELLOW,2339.84,BROAD_GAUGE_ELECTRIFIED,1496.78,NORMAL
PREMIUM_SUPERFAST,130.09,446.02,3488.05,0.4,51.09,DOUBLE_YELLOW,987.63,DOUBLE_LINE_AUTOMATIC,906.45,WARNING
FREIGHT_GOODS,32.52,731.03,1421.58,-1.76,45.61,RED_STOP,102.18,BROAD_GAUGE_ELECTRIFIED,79.9,NORMAL
SUPERFAST_EXPRESS,78.46,407.54,1583.03,-1.8,23.74,YELLOW,118.38,DOUBLE_LINE_AUTOMATIC,388.91,WARNING
PASSENGER_LOCAL,143.08,342.02,2315.92,3.44,51.62,RED_STOP,2235.46,DOUBLE_LINE_AUTOMATIC,1086.57,WARNING
FREIGHT_GOODS,152.26,333.91,2627.17,1.8,24.83,YELLOW,1820.16,BROAD_GAUGE_ELECTRIFIED,1223.79,NORMAL
SUPERFAST_EXPRESS,85.44,451.77,1615.29,2.36,13.26,GREEN,311.38,BROAD_GAUGE_ELECTRIFIED,411.34,NORMAL
PREMIUM_SUPERFAST,105.88,617.74,3205.28,0.5,54.73,DOUBLE_YELLOW,183.75,BROAD_GAUGE_NON_ELECTRIFIED,614.13,WARNING
SUPERFAST_EXPRESS,43.38,313.29,2136.01,2.6,49.15,GREEN,2021.82,DOUBLE_LINE_AUTOMATIC,120.9,NORMAL
FREIGHT_GOODS,158.76,590.11,1796.21,1.02,30.97,RED_STOP,2034.16,BROAD_GAUGE_NON_ELECTRIFIED,1325.81,NORMAL
SUPERFAST_EXPRESS,52.43,211.63,2404.69,3.12,39.99,RED_STOP,345.28,BROAD_GAUGE_NON_ELECTRIFIED,169.0,NORMAL
SUPERFAST_EXPRESS,151.98,430.41,3353.69,-1.53,40.21,GREEN,788.72,BROAD_GAUGE_ELECTRIFIED,1337.32,NORMAL
PREMIUM_SUPERFAST,110.95,626.73,2863.11,0.67,18.75,RED_STOP,1961.06,DOUBLE_LINE_AUTOMATIC,670.7,NORMAL
FREIGHT_GOODS,105.08,386.3,524.04,1.33,19.0,RED_STOP,1337.26,BROAD_GAUGE_ELECTRIFIED,605.5,NORMAL
FREIGHT_GOODS,91.78,510.06,1430.16,-0.75,31.13,RED_STOP,2393.63,DOUBLE_LINE_AUTOMATIC,489.89,NORMAL
PREMIUM_SUPERFAST,52.29,312.74,1858.69,2.66,51.02,DOUBLE_YELLOW,1228.6,BROAD_GAUGE_ELECTRIFIED,168.19,NORMAL
PASSENGER_LOCAL,44.71,608.1,1375.0,3.36,10.45,DOUBLE_YELLOW,1708.55,DOUBLE_LINE_AUTOMATIC,127.47,NORMAL
SUPERFAST_EXPRESS,50.87,228.75,2570.58,-0.04,45.21,YELLOW,1298.97,BROAD_GAUGE_NON_ELECTRIFIED,160.45,NORMAL
SUPERFAST_EXPRESS,46.1,668.9,2961.43,-0.77,12.59,DOUBLE_YELLOW,2360.27,DOUBLE_LINE_AUTOMATIC,139.66,NORMAL
SUPERFAST_EXPRESS,129.14,309.01,2667.17,-0.2,31.52,GREEN,1026.71,DOUBLE_LINE_AUTOMATIC,903.96,NORMAL
FREIGHT_GOODS,69.02,680.92,3466.93,2.47,38.7,GREEN,613.0,BROAD_GAUGE_ELECTRIFIED,277.65,NORMAL
FREIGHT_GOODS,28.1,393.89,1244.9,1.02,40.9,DOUBLE_YELLOW,850.25,DOUBLE_LINE_AUTOMATIC,57.59,NORMAL
SUPERFAST_EXPRESS,155.67,597.48,3112.47,-3.19,12.63,GREEN,2139.3,DOUBLE_LINE_AUTOMATIC,1567.47,NORMAL
FREIGHT_GOODS,143.73,375.57,2776.53,0.3,28.84,RED_STOP,1269.95,DOUBLE_LINE_AUTOMATIC,1096.07,NORMAL
PREMIUM_SUPERFAST,149.89,698.25,1522.75,-3.38,36.27,DOUBLE_YELLOW,917.92,DOUBLE_LINE_AUTOMATIC,1477.55,WARNING
PREMIUM_SUPERFAST,159.29,269.65,2675.79,1.95,12.97,YELLOW,1383.44,BROAD_GAUGE_NON_ELECTRIFIED,1334.21,WARNING
FREIGHT_GOODS,44.35,298.19,722.64,-1.2,16.08,YELLOW,376.41,BROAD_GAUGE_ELECTRIFIED,133.33,NORMAL
SUPERFAST_EXPRESS,75.47,471.17,2846.93,-0.2,39.86,DOUBLE_YELLOW,63.13,DOUBLE_LINE_AUTOMATIC,330.52,WARNING
SUPERFAST_EXPRESS,126.15,245.07,2050.22,2.09,33.47,GREEN,737.43,BROAD_GAUGE_ELECTRIFIED,855.1,NORMAL
SUPERFAST_EXPRESS,117.44,307.79,1306.1,-3.17,17.28,DOUBLE_YELLOW,1532.26,BROAD_GAUGE_NON_ELECTRIFIED,911.38,NORMAL
SUPERFAST_EXPRESS,41.55,719.07,2432.91,-2.39,34.09,DOUBLE_YELLOW,1793.62,BROAD_GAUGE_NON_ELECTRIFIED,126.71,NORMAL
FREIGHT_GOODS,134.22,737.07,2389.02,-0.71,51.07,YELLOW,2075.2,DOUBLE_LINE_AUTOMATIC,1002.54,WARNING
PASSENGER_LOCAL,51.42,406.94,1049.41,-1.89,10.7,RED_STOP,2320.33,BROAD_GAUGE_ELECTRIFIED,180.31,NORMAL
PASSENGER_LOCAL,51.33,707.81,494.23,-1.13,38.92,RED_STOP,1059.68,BROAD_GAUGE_ELECTRIFIED,172.43,NORMAL
SUPERFAST_EXPRESS,95.18,499.65,1744.23,3.49,13.31,DOUBLE_YELLOW,1864.27,BROAD_GAUGE_ELECTRIFIED,502.95,NORMAL
SUPERFAST_EXPRESS,103.01,348.36,2165.49,2.28,10.29,YELLOW,232.95,BROAD_GAUGE_NON_ELECTRIFIED,583.27,WARNING
SUPERFAST_EXPRESS,101.21,586.32,3117.48,2.69,16.78,YELLOW,190.95,BROAD_GAUGE_NON_ELECTRIFIED,564.3,WARNING
PASSENGER_LOCAL,32.81,562.4,3277.47,3.06,29.03,DOUBLE_YELLOW,355.76,DOUBLE_LINE_AUTOMATIC,74.69,NORMAL
PREMIUM_SUPERFAST,142.84,744.02,2039.3,-1.11,46.11,DOUBLE_YELLOW,1148.99,BROAD_GAUGE_ELECTRIFIED,1156.81,WARNING
PASSENGER_LOCAL,57.18,345.78,2736.79,-1.42,22.68,DOUBLE_YELLOW,567.64,BROAD_GAUGE_ELECTRIFIED,212.77,NORMAL
FREIGHT_GOODS,38.13,569.63,1761.84,-1.86,38.16,RED_STOP,752.97,BROAD_GAUGE_NON_ELECTRIFIED,105.84,NORMAL
PASSENGER_LOCAL,144.42,228.61,2712.85,2.31,28.5,DOUBLE_YELLOW,1637.31,DOUBLE_LINE_AUTOMATIC,1106.2,NORMAL
FREIGHT_GOODS,153.79,262.51,1034.88,1.26,20.54,YELLOW,928.38,DOUBLE_LINE_AUTOMATIC,1247.41,WARNING
SUPERFAST_EXPRESS,140.7,202.16,1550.3,-1.85,33.14,DOUBLE_YELLOW,1415.56,DOUBLE_LINE_AUTOMATIC,1176.94,NORMAL
FREIGHT_GOODS,133.33,749.7,2366.11,-0.86,45.89,YELLOW,1060.39,BROAD_GAUGE_NON_ELECTRIFIED,998.68,WARNING
SUPERFAST_EXPRESS,111.73,641.25,456.29,0.05,47.46,YELLOW,463.97,BROAD_GAUGE_ELECTRIFIED,679.66,WARNING
PREMIUM_SUPERFAST,97.12,632.7,2639.63,0.2,48.09,GREEN,231.35,DOUBLE_LINE_AUTOMATIC,522.32,NORMAL
SUPERFAST_EXPRESS,32.18,480.35,2990.16,2.72,25.24,YELLOW,628.77,DOUBLE_LINE_AUTOMATIC,72.28,NORMAL
SUPERFAST_EXPRESS,77.18,365.04,1637.34,-0.84,45.71,GREEN,191.37,BROAD_GAUGE_ELECTRIFIED,356.73,NORMAL
PREMIUM_SUPERFAST,72.18,283.2,1788.62,2.86,19.55,DOUBLE_YELLOW,1565.6,DOUBLE_LINE_AUTOMATIC,301.35,NORMAL
SUPERFAST_EXPRESS,56.37,356.57,3038.97,-0.41,43.23,GREEN,1999.51,BROAD_GAUGE_NON_ELECTRIFIED,196.39,NORMAL
SUPERFAST_EXPRESS,121.28,406.78,2804.53,1.72,52.68,RED_STOP,882.36,DOUBLE_LINE_AUTOMATIC,793.55,NORMAL
SUPERFAST_EXPRESS,89.42,615.97,1293.26,3.01,10.62,RED_STOP,998.42,BROAD_GAUGE_ELECTRIFIED,447.73,NORMAL
PASSENGER_LOCAL,31.35,496.81,1404.33,2.85,29.82,RED_STOP,2049.67,BROAD_GAUGE_NON_ELECTRIFIED,69.15,NORMAL
FREIGHT_GOODS,50.83,242.62,2504.52,-3.1,39.15,DOUBLE_YELLOW,595.4,DOUBLE_LINE_AUTOMATIC,189.83,NORMAL
SUPERFAST_EXPRESS,115.66,209.92,2145.91,-2.06,41.58,YELLOW,341.94,BROAD_GAUGE_ELECTRIFIED,820.73,WARNING
PASSENGER_LOCAL,30.66,256.28,902.91,-0.16,17.92,RED_STOP,1277.74,BROAD_GAUGE_ELECTRIFIED,67.08,NORMAL
SUPERFAST_EXPRESS,139.17,425.77,1360.78,-0.48,53.75,GREEN,1633.17,BROAD_GAUGE_ELECTRIFIED,1059.51,WARNING
FREIGHT_GOODS,89.32,713.26,3189.95,0.99,37.69,DOUBLE_YELLOW,1519.15,BROAD_GAUGE_ELECTRIFIED,446.78,NORMAL
SUPERFAST_EXPRESS,87.28,550.57,2533.34,3.11,17.4,DOUBLE_YELLOW,1798.99,DOUBLE_LINE_AUTOMATIC,428.0,NORMAL
FREIGHT_GOODS,102.94,641.0,3456.52,-2.71,10.92,GREEN,189.04,DOUBLE_LINE_AUTOMATIC,686.83,NORMAL
PASSENGER_LOCAL,135.46,456.51,2777.74,-0.34,45.25,GREEN,1099.09,BROAD_GAUGE_NON_ELECTRIFIED,997.95,NORMAL
PASSENGER_LOCAL,68.69,398.92,3320.12,-2.15,13.59,DOUBLE_YELLOW,634.5,BROAD_GAUGE_NON_ELECTRIFIED,310.65,NORMAL
SUPERFAST_EXPRESS,114.92,259.62,1070.18,2.76,16.35,DOUBLE_YELLOW,1909.85,BROAD_GAUGE_ELECTRIFIED,716.72,NORMAL
PREMIUM_SUPERFAST,99.2,681.76,2791.6,3.25,35.87,YELLOW,2188.19,BROAD_GAUGE_ELECTRIFIED,543.48,NORMAL
FREIGHT_GOODS,57.38,630.74,462.67,-0.15,37.16,DOUBLE_YELLOW,739.27,BROAD_GAUGE_NON_ELECTRIFIED,200.15,NORMAL
SUPERFAST_EXPRESS,143.01,292.46,2479.36,-2.77,40.91,GREEN,283.28,DOUBLE_LINE_AUTOMATIC,1292.26,NORMAL
PASSENGER_LOCAL,131.64,481.74,1854.78,2.0,27.71,DOUBLE_YELLOW,670.9,DOUBLE_LINE_AUTOMATIC,927.11,WARNING
SUPERFAST_EXPRESS,112.18,468.06,1474.96,1.38,44.83,DOUBLE_YELLOW,304.82,DOUBLE_LINE_AUTOMATIC,684.82,WARNING
FREIGHT_GOODS,139.08,543.8,3073.45,-1.02,53.85,GREEN,839.93,BROAD_GAUGE_ELECTRIFIED,1092.78,WARNING
SUPERFAST_EXPRESS,141.42,720.4,3048.23,2.71,22.2,YELLOW,1368.59,BROAD_GAUGE_NON_ELECTRIFIED,1062.71,NORMAL
FREIGHT_GOODS,119.17,518.87,469.14,3.33,41.64,DOUBLE_YELLOW,2435.52,BROAD_GAUGE_NON_ELECTRIFIED,767.64,NORMAL
PASSENGER_LOCAL,137.18,497.12,2289.47,0.4,51.78,RED_STOP,1028.46,BROAD_GAUGE_NON_ELECTRIFIED,1002.81,WARNING
PREMIUM_SUPERFAST,117.65,227.68,1540.28,0.46,40.88,RED_STOP,589.1,DOUBLE_LINE_AUTOMATIC,749.16,CRITICAL
PREMIUM_SUPERFAST,115.22,234.6,1688.55,-1.42,40.65,GREEN,458.66,BROAD_GAUGE_NON_ELECTRIFIED,782.46,NORMAL
PASSENGER_LOCAL,106.61,303.04,2979.33,0.59,20.07,GREEN,473.95,BROAD_GAUGE_NON_ELECTRIFIED,622.1,NORMAL
PASSENGER_LOCAL,125.38,217.86,1360.5,-0.42,34.08,GREEN,521.86,DOUBLE_LINE_AUTOMATIC,865.74,NORMAL
SUPERFAST_EXPRESS,42.2,608.84,3323.45,-1.38,35.31,RED_STOP,1917.55,BROAD_GAUGE_ELECTRIFIED,123.35,NORMAL
PASSENGER_LOCAL,143.32,597.83,956.86,-3.03,41.51,GREEN,199.52,BROAD_GAUGE_ELECTRIFIED,1321.53,NORMAL
PASSENGER_LOCAL,142.06,274.83,2454.44,-1.73,54.86,RED_STOP,2493.64,DOUBLE_LINE_AUTOMATIC,1189.93,WARNING
FREIGHT_GOODS,24.09,659.84,2483.53,-2.12,11.51,YELLOW,1330.58,BROAD_GAUGE_NON_ELECTRIFIED,48.99,NORMAL
SUPERFAST_EXPRESS,135.61,285.13,1181.81,0.29,12.94,GREEN,1383.47,BROAD_GAUGE_ELECTRIFIED,981.1,NORMAL
FREIGHT_GOODS,38.04,365.65,1406.73,0.71,13.51,DOUBLE_YELLOW,926.03,BROAD_GAUGE_ELECTRIFIED,96.21,NORMAL
SUPERFAST_EXPRESS,66.92,336.94,2987.88,0.76,43.43,YELLOW,1741.13,BROAD_GAUGE_ELECTRIFIED,262.41,NORMAL
SUPERFAST_EXPRESS,124.09,404.77,2761.6,-0.78,16.14,RED_STOP,1205.07,DOUBLE_LINE_AUTOMATIC,866.97,NORMAL
PREMIUM_SUPERFAST,42.51,340.07,1420.2,-0.55,38.01,GREEN,856.2,BROAD_GAUGE_ELECTRIFIED,119.76,NORMAL
PREMIUM_SUPERFAST,134.52,468.92,2055.27,2.34,24.61,DOUBLE_YELLOW,699.59,BROAD_GAUGE_NON_ELECTRIFIED,966.02,WARNING
PASSENGER_LOCAL,136.5,424.07,591.21,-0.17,30.58,RED_STOP,2317.85,DOUBLE_LINE_AUTOMATIC,1002.76,NORMAL
SUPERFAST_EXPRESS,91.05,742.61,1047.11,3.41,19.7,YELLOW,762.92,DOUBLE_LINE_AUTOMATIC,462.98,NORMAL
PASSENGER_LOCAL,20.89,230.76,1906.04,-0.42,48.97,DOUBLE_YELLOW,1119.16,BROAD_GAUGE_ELECTRIFIED,36.13,NORMAL
FREIGHT_GOODS,60.19,278.2,666.52,1.05,36.38,YELLOW,908.34,BROAD_GAUGE_NON_ELECTRIFIED,216.48,NORMAL
PASSENGER_LOCAL,106.37,229.05,3014.33,-3.15,52.51,GREEN,261.14,DOUBLE_LINE_AUTOMATIC,753.14,NORMAL
FREIGHT_GOODS,157.37,544.21,2625.82,1.07,35.86,DOUBLE_YELLOW,505.54,BROAD_GAUGE_ELECTRIFIED,1303.54,WARNING
PREMIUM_SUPERFAST,108.45,229.98,3325.26,2.46,15.58,GREEN,514.28,BROAD_GAUGE_NON_ELECTRIFIED,642.55,NORMAL
PREMIUM_SUPERFAST,56.37,660.04,2549.75,3.1,17.69,RED_STOP,1749.44,BROAD_GAUGE_NON_ELECTRIFIED,192.4,NORMAL
FREIGHT_GOODS,108.76,481.57,3315.24,3.48,54.51,RED_STOP,1046.13,DOUBLE_LINE_AUTOMATIC,645.98,NORMAL
FREIGHT_GOODS,95.6,489.85,2118.99,-1.52,42.65,YELLOW,1965.82,BROAD_GAUGE_ELECTRIFIED,553.54,NORMAL
FREIGHT_GOODS,129.18,508.88,2260.68,0.53,12.22,GREEN,1786.93,BROAD_GAUGE_NON_ELECTRIFIED,894.45,NORMAL
PASSENGER_LOCAL,34.98,293.95,3428.61,-0.34,41.67,GREEN,520.52,DOUBLE_LINE_AUTOMATIC,84.59,NORMAL
FREIGHT_GOODS,126.54,308.73,2390.6,0.45,28.55,DOUBLE_YELLOW,1429.15,DOUBLE_LINE_AUTOMATIC,860.13,NORMAL
SUPERFAST_EXPRESS,95.78,375.35,495.44,-2.4,23.82,RED_STOP,1870.13,DOUBLE_LINE_AUTOMATIC,586.88,NORMAL
FREIGHT_GOODS,154.82,526.42,2643.79,2.49,16.93,GREEN,1600.96,DOUBLE_LINE_AUTOMATIC,1263.42,NORMAL
PREMIUM_SUPERFAST,67.86,315.56,3206.95,2.87,47.8,GREEN,1520.04,DOUBLE_LINE_AUTOMATIC,269.22,NORMAL
FREIGHT_GOODS,108.57,263.98,2866.3,-0.35,12.87,GREEN,1862.05,BROAD_GAUGE_NON_ELECTRIFIED,656.62,NORMAL
PREMIUM_SUPERFAST,150.48,733.56,2209.88,-1.54,23.04,RED_STOP,189.11,DOUBLE_LINE_AUTOMATIC,1312.64,CRITICAL
PREMIUM_SUPERFAST,34.35,212.09,2481.04,-2.51,23.79,RED_STOP,1841.98,BROAD_GAUGE_ELECTRIFIED,91.37,NORMAL
PASSENGER_LOCAL,151.21,641.48,3469.59,1.29,17.24,RED_STOP,718.01,BROAD_GAUGE_ELECTRIFIED,1207.68,CRITICAL
FREIGHT_GOODS,116.3,633.42,681.05,-1.31,32.87,YELLOW,1451.09,BROAD_GAUGE_NON_ELECTRIFIED,791.48,NORMAL
PREMIUM_SUPERFAST,29.5,363.47,2468.46,2.87,10.53,RED_STOP,643.65,DOUBLE_LINE_AUTOMATIC,62.44,NORMAL
SUPERFAST_EXPRESS,62.13,274.59,1278.53,1.2,23.54,RED_STOP,2105.1,DOUBLE_LINE_AUTOMATIC,229.33,NORMAL
FREIGHT_GOODS,119.14,280.1,2384.28,1.02,52.01,RED_STOP,1227.37,BROAD_GAUGE_NON_ELECTRIFIED,767.31,NORMAL
FREIGHT_GOODS,29.43,583.59,2283.63,0.42,23.97,DOUBLE_YELLOW,1625.21,DOUBLE_LINE_AUTOMATIC,62.2,NORMAL
PREMIUM_SUPERFAST,101.5,553.54,875.72,-3.18,26.22,DOUBLE_YELLOW,1995.5,DOUBLE_LINE_AUTOMATIC,690.58,NORMAL
PASSENGER_LOCAL,68.42,630.51,1040.91,3.02,31.29,GREEN,2243.52,BROAD_GAUGE_ELECTRIFIED,273.3,NORMAL
PASSENGER_LOCAL,106.93,715.61,2327.05,0.9,35.28,DOUBLE_YELLOW,1843.55,DOUBLE_LINE_AUTOMATIC,625.65,NORMAL
FREIGHT_GOODS,26.4,580.56,797.51,3.46,46.39,YELLOW,414.48,BROAD_GAUGE_NON_ELECTRIFIED,51.96,NORMAL
FREIGHT_GOODS,142.02,285.72,1222.06,0.26,18.56,YELLOW,2143.6,BROAD_GAUGE_ELECTRIFIED,1071.24,NORMAL
PASSENGER_LOCAL,156.29,333.89,2989.26,1.47,49.23,GREEN,1565.52,BROAD_GAUGE_NON_ELECTRIFIED,1286.49,WARNING
PASSENGER_LOCAL,155.64,663.21,1413.98,-3.11,44.09,GREEN,1543.15,BROAD_GAUGE_NON_ELECTRIFIED,1557.8,NORMAL
SUPERFAST_EXPRESS,124.95,315.12,1912.99,0.92,42.52,YELLOW,2307.28,DOUBLE_LINE_AUTOMATIC,839.7,NORMAL
FREIGHT_GOODS,38.21,239.89,3317.54,1.85,13.91,YELLOW,659.64,DOUBLE_LINE_AUTOMATIC,96.95,NORMAL
FREIGHT_GOODS,126.16,586.8,1104.16,1.95,10.97,YELLOW,636.99,BROAD_GAUGE_ELECTRIFIED,855.14,WARNING
FREIGHT_GOODS,23.44,421.39,1607.84,1.89,36.73,GREEN,1307.32,BROAD_GAUGE_NON_ELECTRIFIED,42.78,NORMAL
PASSENGER_LOCAL,23.1,706.02,2280.02,-1.92,48.84,YELLOW,1889.61,BROAD_GAUGE_NON_ELECTRIFIED,45.27,NORMAL
PREMIUM_SUPERFAST,65.31,557.64,2741.55,3.33,36.3,GREEN,1145.74,DOUBLE_LINE_AUTOMATIC,251.02,NORMAL
SUPERFAST_EXPRESS,88.41,249.73,3195.13,3.47,19.6,YELLOW,1603.03,BROAD_GAUGE_NON_ELECTRIFIED,438.34,NORMAL
PASSENGER_LOCAL,127.86,721.32,3237.97,-2.97,14.07,YELLOW,1158.69,BROAD_GAUGE_NON_ELECTRIFIED,1056.91,WARNING
PASSENGER_LOCAL,115.66,342.21,2807.58,3.06,41.48,DOUBLE_YELLOW,1545.45,BROAD_GAUGE_NON_ELECTRIFIED,725.46,NORMAL
SUPERFAST_EXPRESS,82.43,385.47,1107.83,-1.47,42.48,YELLOW,2064.54,BROAD_GAUGE_NON_ELECTRIFIED,418.13,NORMAL
FREIGHT_GOODS,58.31,421.24,476.91,1.32,17.76,GREEN,492.17,BROAD_GAUGE_NON_ELECTRIFIED,204.45,NORMAL
PREMIUM_SUPERFAST,159.6,228.17,1589.7,-1.13,11.27,YELLOW,1753.68,BROAD_GAUGE_ELECTRIFIED,1432.83,NORMAL
SUPERFAST_EXPRESS,79.67,473.08,838.8,3.27,28.37,RED_STOP,1979.19,BROAD_GAUGE_NON_ELECTRIFIED,361.39,NORMAL
PREMIUM_SUPERFAST,83.19,267.83,2602.2,-2.79,36.22,DOUBLE_YELLOW,1145.42,BROAD_GAUGE_NON_ELECTRIFIED,462.03,NORMAL
FREIGHT_GOODS,42.91,420.53,2449.5,-0.02,41.77,YELLOW,841.92,BROAD_GAUGE_ELECTRIFIED,118.67,NORMAL
PREMIUM_SUPERFAST,131.27,392.89,536.31,-0.5,46.45,YELLOW,83.18,DOUBLE_LINE_AUTOMATIC,949.22,WARNING
FREIGHT_GOODS,117.12,625.06,2993.44,-1.22,37.47,RED_STOP,2002.91,DOUBLE_LINE_AUTOMATIC,797.29,NORMAL
PASSENGER_LOCAL,50.91,641.74,1171.1,1.02,14.99,RED_STOP,853.45,BROAD_GAUGE_ELECTRIFIED,160.33,NORMAL
FREIGHT_GOODS,31.53,284.38,1739.9,-2.58,40.72,RED_STOP,925.41,BROAD_GAUGE_ELECTRIFIED,79.08,NORMAL
SUPERFAST_EXPRESS,115.27,401.6,2470.59,1.52,54.29,RED_STOP,873.22,DOUBLE_LINE_AUTOMATIC,720.83,NORMAL
SUPERFAST_EXPRESS,111.63,405.34,1731.2,3.36,50.75,RED_STOP,1271.91,BROAD_GAUGE_NON_ELECTRIFIED,678.49,NORMAL
FREIGHT_GOODS,58.26,283.28,1767.99,2.13,49.23,RED_STOP,1771.12,BROAD_GAUGE_NON_ELECTRIFIED,204.12,NORMAL
FREIGHT_GOODS,153.12,639.15,603.45,2.52,23.6,YELLOW,1941.06,BROAD_GAUGE_ELECTRIFIED,1237.03,NORMAL
PASSENGER_LOCAL,41.15,588.98,1644.48,-0.98,43.79,GREEN,1011.8,BROAD_GAUGE_NON_ELECTRIFIED,115.57,NORMAL
PASSENGER_LOCAL,80.53,304.71,2771.03,-1.23,48.3,YELLOW,1674.6,BROAD_GAUGE_ELECTRIFIED,394.59,NORMAL
FREIGHT_GOODS,152.11,401.7,3237.05,0.12,40.52,YELLOW,1815.68,DOUBLE_LINE_AUTOMATIC,1221.38,NORMAL
PREMIUM_SUPERFAST,78.76,258.19,1681.84,-3.18,21.28,YELLOW,777.45,BROAD_GAUGE_NON_ELECTRIFIED,428.06,NORMAL
PASSENGER_LOCAL,109.39,545.51,1713.12,3.12,52.92,DOUBLE_YELLOW,286.72,DOUBLE_LINE_AUTOMATIC,653.08,WARNING
SUPERFAST_EXPRESS,75.66,266.75,2578.14,-2.49,30.29,GREEN,2241.93,BROAD_GAUGE_NON_ELECTRIFIED,379.6,NORMAL
PASSENGER_LOCAL,58.39,742.26,3322.59,2.82,15.84,GREEN,1708.93,BROAD_GAUGE_NON_ELECTRIFIED,204.97,NORMAL
PASSENGER_LOCAL,157.76,629.38,1227.89,-2.91,14.94,DOUBLE_YELLOW,1637.87,BROAD_GAUGE_NON_ELECTRIFIED,1577.11,WARNING
PASSENGER_LOCAL,77.31,414.63,1764.45,2.26,39.14,GREEN,194.31,BROAD_GAUGE_ELECTRIFIED,341.9,NORMAL
PASSENGER_LOCAL,145.17,518.21,2867.52,-2.44,29.7,DOUBLE_YELLOW,2053.79,DOUBLE_LINE_AUTOMATIC,1299.74,NORMAL
FREIGHT_GOODS,52.19,701.24,2290.05,-3.23,14.25,YELLOW,1436.83,BROAD_GAUGE_ELECTRIFIED,200.89,NORMAL
PASSENGER_LOCAL,49.83,504.75,742.82,1.54,43.32,GREEN,2127.32,BROAD_GAUGE_ELECTRIFIED,154.37,NORMAL
PREMIUM_SUPERFAST,24.36,295.97,2345.97,-1.54,45.97,YELLOW,2437.67,DOUBLE_LINE_AUTOMATIC,48.57,NORMAL
PASSENGER_LOCAL,111.23,408.29,978.91,1.5,42.64,RED_STOP,2394.9,DOUBLE_LINE_AUTOMATIC,673.93,NORMAL
PASSENGER_LOCAL,71.59,663.73,1981.67,0.39,19.1,YELLOW,2147.42,BROAD_GAUGE_ELECTRIFIED,296.9,NORMAL
SUPERFAST_EXPRESS,141.01,554.32,2040.22,-2.74,41.04,GREEN,76.82,BROAD_GAUGE_ELECTRIFIED,1254.83,NORMAL
PASSENGER_LOCAL,86.25,557.9,3116.23,3.02,10.48,YELLOW,2220.03,BROAD_GAUGE_ELECTRIFIED,418.64,NORMAL
SUPERFAST_EXPRESS,155.55,676.75,1833.73,-0.33,23.73,YELLOW,233.9,DOUBLE_LINE_AUTOMATIC,1299.69,WARNING
SUPERFAST_EXPRESS,45.97,691.69,1266.27,1.64,27.95,DOUBLE_YELLOW,2135.43,BROAD_GAUGE_ELECTRIFIED,133.85,NORMAL
FREIGHT_GOODS,141.61,705.89,1116.0,0.01,47.59,GREEN,736.43,DOUBLE_LINE_AUTOMATIC,1065.38,NORMAL
SUPERFAST_EXPRESS,128.72,252.17,3110.18,0.73,27.57,YELLOW,1544.67,BROAD_GAUGE_ELECTRIFIED,888.47,NORMAL
SUPERFAST_EXPRESS,127.93,499.27,930.13,-1.38,10.51,DOUBLE_YELLOW,143.27,DOUBLE_LINE_AUTOMATIC,952.62,WARNING
PREMIUM_SUPERFAST,138.27,607.28,1720.19,-2.1,25.86,GREEN,1939.4,BROAD_GAUGE_ELECTRIFIED,1157.12,NORMAL
PREMIUM_SUPERFAST,126.54,616.31,980.24,0.3,32.45,RED_STOP,323.68,BROAD_GAUGE_NON_ELECTRIFIED,860.12,CRITICAL
SUPERFAST_EXPRESS,107.67,533.69,2797.24,-0.42,52.71,YELLOW,1056.19,BROAD_GAUGE_NON_ELECTRIFIED,648.86,NORMAL
FREIGHT_GOODS,38.37,291.73,1870.56,-0.77,52.35,YELLOW,2052.74,DOUBLE_LINE_AUTOMATIC,101.25,NORMAL
PREMIUM_SUPERFAST,24.55,638.58,1488.55,1.21,18.14,YELLOW,1753.61,DOUBLE_LINE_AUTOMATIC,46.13,NORMAL
PREMIUM_SUPERFAST,148.92,596.06,1519.41,1.33,18.33,YELLOW,64.8,BROAD_GAUGE_NON_ELECTRIFIED,1172.9,WARNING
FREIGHT_GOODS,106.33,247.37,3041.86,-3.18,17.35,YELLOW,1037.43,DOUBLE_LINE_AUTOMATIC,754.26,NORMAL
PASSENGER_LOCAL,131.52,455.1,2116.7,-1.13,45.5,RED_STOP,152.72,DOUBLE_LINE_AUTOMATIC,988.76,CRITICAL
PREMIUM_SUPERFAST,87.41,295.69,2625.39,-0.62,10.27,RED_STOP,1700.07,BROAD_GAUGE_NON_ELECTRIFIED,443.99,NORMAL
SUPERFAST_EXPRESS,36.42,385.61,3180.82,-2.82,15.72,GREEN,2423.92,BROAD_GAUGE_ELECTRIFIED,102.97,NORMAL
SUPERFAST_EXPRESS,37.53,209.94,3195.4,-1.85,34.21,GREEN,1655.39,DOUBLE_LINE_AUTOMATIC,102.84,NORMAL
SUPERFAST_EXPRESS,115.98,420.18,1418.38,-3.14,21.14,DOUBLE_YELLOW,599.71,DOUBLE_LINE_AUTOMATIC,887.52,WARNING
FREIGHT_GOODS,80.24,502.43,3352.6,3.47,14.16,DOUBLE_YELLOW,920.32,BROAD_GAUGE_ELECTRIFIED,366.24,NORMAL
SUPERFAST_EXPRESS,48.07,540.77,477.12,1.66,26.19,DOUBLE_YELLOW,2442.79,BROAD_GAUGE_ELECTRIFIED,144.84,NORMAL
PASSENGER_LOCAL,88.82,564.92,1568.19,-2.89,22.34,RED_STOP,598.93,DOUBLE_LINE_AUTOMATIC,525.96,NORMAL
FREIGHT_GOODS,28.99,659.96,3176.98,-3.36,33.0,GREEN,1425.75,DOUBLE_LINE_AUTOMATIC,71.42,NORMAL
PREMIUM_SUPERFAST,101.48,318.5,1251.37,1.54,54.07,GREEN,1031.11,BROAD_GAUGE_ELECTRIFIED,567.06,NORMAL
FREIGHT_GOODS,57.66,266.27,1246.55,-0.43,15.59,RED_STOP,1932.37,DOUBLE_LINE_AUTOMATIC,204.75,NORMAL
SUPERFAST_EXPRESS,131.66,668.35,1338.13,2.01,26.77,GREEN,2175.1,BROAD_GAUGE_ELECTRIFIED,927.36,NORMAL
FREIGHT_GOODS,63.45,286.14,2298.17,2.96,51.94,YELLOW,885.05,BROAD_GAUGE_ELECTRIFIED,238.22,NORMAL
FREIGHT_GOODS,83.73,736.12,1758.83,0.7,49.46,GREEN,1667.97,DOUBLE_LINE_AUTOMATIC,396.25,NORMAL
FREIGHT_GOODS,21.63,663.4,2652.88,-2.19,27.74,GREEN,1395.17,DOUBLE_LINE_AUTOMATIC,41.15,NORMAL
FREIGHT_GOODS,30.14,475.48,3174.22,1.98,41.45,YELLOW,732.19,BROAD_GAUGE_ELECTRIFIED,64.75,NORMAL
PASSENGER_LOCAL,74.95,739.78,2490.02,3.19,13.95,DOUBLE_YELLOW,716.25,DOUBLE_LINE_AUTOMATIC,322.95,NORMAL
FREIGHT_GOODS,87.19,253.56,1033.85,0.56,42.06,DOUBLE_YELLOW,1369.65,BROAD_GAUGE_ELECTRIFIED,427.18,NORMAL
SUPERFAST_EXPRESS,104.0,366.69,3291.31,1.27,53.78,DOUBLE_YELLOW,427.31,BROAD_GAUGE_NON_ELECTRIFIED,593.86,WARNING
PREMIUM_SUPERFAST,60.83,551.02,1219.93,-1.14,34.19,RED_STOP,2036.48,BROAD_GAUGE_NON_ELECTRIFIED,234.37,NORMAL
PASSENGER_LOCAL,117.3,392.5,864.67,-0.83,32.43,YELLOW,219.06,BROAD_GAUGE_ELECTRIFIED,781.25,WARNING
FREIGHT_GOODS,140.42,710.6,678.9,1.64,18.43,YELLOW,281.71,BROAD_GAUGE_ELECTRIFIED,1048.37,WARNING
PREMIUM_SUPERFAST,129.18,236.09,2146.49,2.99,38.52,RED_STOP,888.45,DOUBLE_LINE_AUTOMATIC,894.46,CRITICAL
PASSENGER_LOCAL,25.55,502.18,752.66,0.9,36.57,YELLOW,339.32,BROAD_GAUGE_ELECTRIFIED,49.21,NORMAL
SUPERFAST_EXPRESS,87.27,524.98,830.21,2.03,39.34,GREEN,1215.47,BROAD_GAUGE_ELECTRIFIED,427.9,NORMAL
SUPERFAST_EXPRESS,34.69,559.0,1330.09,-2.3,11.17,DOUBLE_YELLOW,1029.21,DOUBLE_LINE_AUTOMATIC,91.86,NORMAL
PREMIUM_SUPERFAST,53.89,340.62,1273.12,-2.02,34.69,YELLOW,1818.43,DOUBLE_LINE_AUTOMATIC,197.65,NORMAL
FREIGHT_GOODS,158.13,400.51,2273.14,0.22,36.77,YELLOW,2384.86,BROAD_GAUGE_NON_ELECTRIFIED,1315.74,NORMAL
PREMIUM_SUPERFAST,39.95,664.02,2931.91,-2.26,19.34,DOUBLE_YELLOW,1896.22,BROAD_GAUGE_ELECTRIFIED,117.39,NORMAL
PASSENGER_LOCAL,89.84,307.22,2760.18,0.94,19.37,RED_STOP,489.65,BROAD_GAUGE_ELECTRIFIED,451.67,NORMAL
PREMIUM_SUPERFAST,106.54,654.78,1213.7,-1.46,22.43,DOUBLE_YELLOW,2342.03,BROAD_GAUGE_NON_ELECTRIFIED,676.3,NORMAL
PREMIUM_SUPERFAST,118.35,509.46,1160.46,2.04,42.03,RED_STOP,1010.73,BROAD_GAUGE_ELECTRIFIED,757.61,NORMAL
FREIGHT_GOODS,98.35,619.2,3393.95,2.16,37.28,RED_STOP,1211.76,DOUBLE_LINE_AUTOMATIC,534.78,NORMAL
SUPERFAST_EXPRESS,21.37,592.48,425.53,-0.25,48.06,GREEN,1082.86,BROAD_GAUGE_ELECTRIFIED,37.21,NORMAL
FREIGHT_GOODS,65.7,314.13,3127.13,-2.23,23.3,DOUBLE_YELLOW,737.34,DOUBLE_LINE_AUTOMATIC,287.61,NORMAL
SUPERFAST_EXPRESS,92.48,512.85,1019.16,1.03,51.04,YELLOW,2242.86,BROAD_GAUGE_ELECTRIFIED,476.67,NORMAL
FREIGHT_GOODS,32.3,677.25,3336.58,3.45,43.47,RED_STOP,863.99,BROAD_GAUGE_NON_ELECTRIFIED,72.75,NORMAL
SUPERFAST_EXPRESS,69.09,437.66,1461.15,0.86,27.78,GREEN,1467.56,DOUBLE_LINE_AUTOMATIC,278.16,NORMAL
FREIGHT_GOODS,24.65,731.62,1765.09,-3.25,14.29,DOUBLE_YELLOW,638.08,DOUBLE_LINE_AUTOMATIC,53.88,NORMAL
SUPERFAST_EXPRESS,31.0,448.72,2592.07,-3.38,21.56,RED_STOP,2003.57,BROAD_GAUGE_NON_ELECTRIFIED,80.28,NORMAL
SUPERFAST_EXPRESS,75.57,278.53,2221.77,-1.26,53.05,GREEN,1946.79,DOUBLE_LINE_AUTOMATIC,351.37,NORMAL
SUPERFAST_EXPRESS,38.58,414.19,1385.61,-2.13,23.97,YELLOW,775.96,BROAD_GAUGE_NON_ELECTRIFIED,109.59,NORMAL
SUPERFAST_EXPRESS,99.46,723.44,2116.88,2.19,24.85,RED_STOP,1719.81,BROAD_GAUGE_ELECTRIFIED,546.08,NORMAL
FREIGHT_GOODS,116.53,375.85,2665.19,2.41,18.53,RED_STOP,1774.49,BROAD_GAUGE_NON_ELECTRIFIED,735.73,NORMAL
PASSENGER_LOCAL,132.08,677.45,531.24,-1.69,46.31,YELLOW,1428.15,BROAD_GAUGE_ELECTRIFIED,1032.39,NORMAL
SUPERFAST_EXPRESS,48.02,684.69,434.72,-1.22,22.4,YELLOW,1521.47,DOUBLE_LINE_AUTOMATIC,153.74,NORMAL
SUPERFAST_EXPRESS,43.45,392.6,1820.01,-1.85,24.86,YELLOW,1457.41,DOUBLE_LINE_AUTOMATIC,133.08,NORMAL
SUPERFAST_EXPRESS,34.64,245.79,808.69,2.86,28.65,RED_STOP,250.57,BROAD_GAUGE_NON_ELECTRIFIED,81.92,NORMAL
SUPERFAST_EXPRESS,109.1,598.51,2459.47,0.02,29.52,GREEN,1692.15,BROAD_GAUGE_ELECTRIFIED,649.78,NORMAL
SUPERFAST_EXPRESS,118.91,371.33,1063.56,1.09,28.51,GREEN,1200.95,BROAD_GAUGE_NON_ELECTRIFIED,764.42,NORMAL
PREMIUM_SUPERFAST,24.42,630.61,1741.84,-0.59,32.67,YELLOW,1124.22,DOUBLE_LINE_AUTOMATIC,46.83,NORMAL
PREMIUM_SUPERFAST,151.07,443.46,1012.78,0.92,46.65,GREEN,2157.0,DOUBLE_LINE_AUTOMATIC,1205.51,NORMAL
SUPERFAST_EXPRESS,27.28,466.9,2100.3,-0.8,46.87,YELLOW,106.91,BROAD_GAUGE_ELECTRIFIED,56.71,NORMAL
SUPERFAST_EXPRESS,95.78,627.85,759.77,-1.12,45.92,YELLOW,665.72,BROAD_GAUGE_ELECTRIFIED,542.31,NORMAL
SUPERFAST_EXPRESS,119.27,410.3,471.63,0.94,14.55,DOUBLE_YELLOW,347.44,DOUBLE_LINE_AUTOMATIC,768.83,WARNING
PASSENGER_LOCAL,141.94,443.72,558.51,0.64,45.99,GREEN,136.59,DOUBLE_LINE_AUTOMATIC,1070.1,NORMAL
FREIGHT_GOODS,119.97,406.9,3358.2,-1.45,15.41,RED_STOP,725.41,BROAD_GAUGE_ELECTRIFIED,846.36,CRITICAL
SUPERFAST_EXPRESS,132.24,402.04,841.09,-2.45,15.61,DOUBLE_YELLOW,2471.77,BROAD_GAUGE_NON_ELECTRIFIED,1088.02,NORMAL
PASSENGER_LOCAL,67.52,489.27,2596.28,-0.92,52.65,YELLOW,712.06,BROAD_GAUGE_NON_ELECTRIFIED,280.18,NORMAL
PASSENGER_LOCAL,134.08,644.84,610.57,-0.59,46.87,DOUBLE_YELLOW,1676.08,BROAD_GAUGE_ELECTRIFIED,993.42,NORMAL
SUPERFAST_EXPRESS,31.22,398.97,735.3,0.9,34.86,YELLOW,339.83,BROAD_GAUGE_ELECTRIFIED,68.67,NORMAL
FREIGHT_GOODS,145.27,488.34,1977.52,2.9,49.37,YELLOW,1524.53,BROAD_GAUGE_ELECTRIFIED,1118.66,WARNING
PREMIUM_SUPERFAST,96.66,568.9,1841.1,-3.25,54.52,YELLOW,2461.98,DOUBLE_LINE_AUTOMATIC,632.44,NORMAL
SUPERFAST_EXPRESS,134.42,348.19,3349.9,-1.79,37.48,GREEN,765.0,BROAD_GAUGE_NON_ELECTRIFIED,1074.81,NORMAL
SUPERFAST_EXPRESS,83.32,352.64,3328.99,-2.14,37.58,YELLOW,2127.79,BROAD_GAUGE_ELECTRIFIED,444.5,NORMAL
PREMIUM_SUPERFAST,110.1,713.38,2816.79,0.02,43.95,YELLOW,2494.05,BROAD_GAUGE_NON_ELECTRIFIED,661.06,NORMAL
FREIGHT_GOODS,93.7,597.94,2266.52,-0.49,20.45,GREEN,1491.96,DOUBLE_LINE_AUTOMATIC,501.87,NORMAL
PREMIUM_SUPERFAST,122.42,517.45,1810.38,1.6,17.52,GREEN,808.03,DOUBLE_LINE_AUTOMATIC,807.78,NORMAL
SUPERFAST_EXPRESS,31.43,556.25,1504.15,-1.8,44.18,YELLOW,1700.15,BROAD_GAUGE_ELECTRIFIED,75.51,NORMAL
SUPERFAST_EXPRESS,28.45,216.11,3335.97,0.66,25.52,GREEN,2119.88,BROAD_GAUGE_ELECTRIFIED,58.79,NORMAL
PASSENGER_LOCAL,54.59,539.96,2269.02,2.69,16.08,RED_STOP,469.81,BROAD_GAUGE_ELECTRIFIED,181.65,NORMAL
PREMIUM_SUPERFAST,42.34,480.23,2195.12,2.87,24.17,RED_STOP,1158.66,BROAD_GAUGE_ELECTRIFIED,115.84,NORMAL
PASSENGER_LOCAL,142.05,500.16,1118.89,3.21,26.14,YELLOW,832.01,BROAD_GAUGE_NON_ELECTRIFIED,1071.74,WARNING
PASSENGER_LOCAL,50.69,397.68,544.76,1.91,53.44,DOUBLE_YELLOW,744.23,BROAD_GAUGE_ELECTRIFIED,159.11,NORMAL
PASSENGER_LOCAL,156.62,244.81,3330.08,2.84,41.41,GREEN,2159.01,BROAD_GAUGE_NON_ELECTRIFIED,1291.74,NORMAL
PASSENGER_LOCAL,67.17,306.34,1372.58,-1.86,33.89,DOUBLE_YELLOW,1083.05,DOUBLE_LINE_AUTOMATIC,292.78,NORMAL
PREMIUM_SUPERFAST,45.5,722.91,1772.03,-2.12,53.6,RED_STOP,880.74,DOUBLE_LINE_AUTOMATIC,146.64,NORMAL
PREMIUM_SUPERFAST,130.56,424.78,755.38,-3.45,50.64,YELLOW,1528.6,BROAD_GAUGE_NON_ELECTRIFIED,1139.04,WARNING
PREMIUM_SUPERFAST,112.22,456.68,2994.47,1.45,33.04,RED_STOP,587.53,BROAD_GAUGE_NON_ELECTRIFIED,685.24,CRITICAL
SUPERFAST_EXPRESS,89.75,228.99,485.66,3.06,50.76,GREEN,613.24,BROAD_GAUGE_ELECTRIFIED,450.76,NORMAL
FREIGHT_GOODS,97.75,220.66,2985.37,-2.19,28.19,GREEN,1324.71,BROAD_GAUGE_ELECTRIFIED,601.82,NORMAL
PASSENGER_LOCAL,120.69,594.45,834.88,0.96,20.37,YELLOW,1052.72,BROAD_GAUGE_ELECTRIFIED,786.24,NORMAL
SUPERFAST_EXPRESS,51.98,495.95,3148.35,1.73,20.47,GREEN,772.71,DOUBLE_LINE_AUTOMATIC,166.42,NORMAL
PREMIUM_SUPERFAST,159.49,479.79,2662.3,2.99,39.8,GREEN,182.18,BROAD_GAUGE_NON_ELECTRIFIED,1337.41,NORMAL
PREMIUM_SUPERFAST,156.47,333.72,910.48,1.03,32.55,GREEN,1325.9,BROAD_GAUGE_NON_ELECTRIFIED,1289.37,NORMAL
SUPERFAST_EXPRESS,111.05,609.61,2154.04,3.29,39.65,DOUBLE_YELLOW,2050.69,BROAD_GAUGE_NON_ELECTRIFIED,671.79,NORMAL
PASSENGER_LOCAL,47.94,292.53,1369.23,-1.09,40.87,YELLOW,2135.87,BROAD_GAUGE_NON_ELECTRIFIED,152.18,NORMAL
PREMIUM_SUPERFAST,115.23,304.46,952.52,-1.05,11.0,YELLOW,626.83,BROAD_GAUGE_ELECTRIFIED,765.37,WARNING
PASSENGER_LOCAL,30.11,453.39,3063.46,0.3,12.43,YELLOW,1519.12,BROAD_GAUGE_ELECTRIFIED,64.62,NORMAL
PASSENGER_LOCAL,24.29,357.45,1650.92,-0.82,33.97,GREEN,2146.91,BROAD_GAUGE_NON_ELECTRIFIED,46.85,NORMAL
FREIGHT_GOODS,56.08,336.1,1635.49,-3.49,18.6,GREEN,1051.38,BROAD_GAUGE_ELECTRIFIED,232.89,NORMAL
PREMIUM_SUPERFAST,84.77,554.88,926.65,1.62,38.46,GREEN,2333.74,DOUBLE_LINE_AUTOMATIC,405.39,NORMAL
SUPERFAST_EXPRESS,141.56,558.03,1587.5,1.76,34.85,YELLOW,2262.3,BROAD_GAUGE_ELECTRIFIED,1064.68,NORMAL
FREIGHT_GOODS,121.8,653.48,3102.01,1.73,36.36,DOUBLE_YELLOW,559.93,DOUBLE_LINE_AUTOMATIC,800.06,WARNING
PASSENGER_LOCAL,123.98,429.74,1525.7,-1.08,23.61,RED_STOP,684.46,DOUBLE_LINE_AUTOMATIC,881.27,CRITICAL
SUPERFAST_EXPRESS,79.57,240.2,3349.97,0.16,38.79,YELLOW,492.08,BROAD_GAUGE_NON_ELECTRIFIED,360.58,NORMAL
FREIGHT_GOODS,68.43,350.52,3333.56,-0.98,47.33,YELLOW,530.33,BROAD_GAUGE_NON_ELECTRIFIED,288.09,NORMAL
FREIGHT_GOODS,71.95,739.0,849.19,-3.39,54.91,DOUBLE_YELLOW,2274.26,BROAD_GAUGE_ELECTRIFIED,366.63,NORMAL
FREIGHT_GOODS,158.27,527.94,949.66,0.44,47.73,RED_STOP,2331.29,BROAD_GAUGE_NON_ELECTRIFIED,1317.94,NORMAL
PASSENGER_LOCAL,25.62,590.36,3074.29,-2.63,35.09,RED_STOP,177.15,DOUBLE_LINE_AUTOMATIC,55.67,NORMAL
PASSENGER_LOCAL,141.38,204.05,1617.56,-2.94,18.7,GREEN,1504.33,DOUBLE_LINE_AUTOMATIC,1279.17,NORMAL
PREMIUM_SUPERFAST,101.01,485.01,413.56,1.79,40.67,RED_STOP,1432.37,BROAD_GAUGE_ELECTRIFIED,562.24,NORMAL
FREIGHT_GOODS,81.41,220.64,1249.0,-3.43,52.19,GREEN,1006.84,DOUBLE_LINE_AUTOMATIC,463.44,NORMAL
SUPERFAST_EXPRESS,121.54,513.08,2252.65,3.21,19.53,YELLOW,1597.66,BROAD_GAUGE_NON_ELECTRIFIED,796.74,NORMAL
PASSENGER_LOCAL,88.13,706.42,2877.72,0.11,21.52,DOUBLE_YELLOW,2371.05,BROAD_GAUGE_ELECTRIFIED,435.8,NORMAL
FREIGHT_GOODS,142.28,732.63,813.5,3.38,16.71,YELLOW,467.12,BROAD_GAUGE_ELECTRIFIED,1075.05,WARNING
SUPERFAST_EXPRESS,146.1,497.3,742.68,-3.09,43.15,RED_STOP,345.01,BROAD_GAUGE_ELECTRIFIED,1377.58,CRITICAL
PASSENGER_LOCAL,79.04,452.01,3258.49,0.58,28.3,YELLOW,131.81,BROAD_GAUGE_NON_ELECTRIFIED,356.18,WARNING
SUPERFAST_EXPRESS,58.76,719.76,2728.56,-1.05,12.82,DOUBLE_YELLOW,941.39,DOUBLE_LINE_AUTOMATIC,219.04,NORMAL
SUPERFAST_EXPRESS,102.93,570.49,2228.32,2.4,49.37,DOUBLE_YELLOW,877.19,BROAD_GAUGE_NON_ELECTRIFIED,582.4,NORMAL
PREMIUM_SUPERFAST,147.73,235.69,2784.48,-0.97,35.1,GREEN,1105.51,BROAD_GAUGE_ELECTRIFIED,1223.11,NORMAL
PASSENGER_LOCAL,49.49,456.15,1729.45,-1.68,24.9,YELLOW,1283.11,DOUBLE_LINE_AUTOMATIC,166.33,NORMAL
PASSENGER_LOCAL,107.22,332.13,2751.21,2.5,25.48,DOUBLE_YELLOW,1906.67,BROAD_GAUGE_ELECTRIFIED,628.81,NORMAL
PASSENGER_LOCAL,108.42,458.39,1552.59,-0.88,23.06,DOUBLE_YELLOW,1010.68,BROAD_GAUGE_NON_ELECTRIFIED,675.05,NORMAL
PASSENGER_LOCAL,122.64,450.51,1156.69,-3.38,30.5,DOUBLE_YELLOW,860.0,BROAD_GAUGE_ELECTRIFIED,1004.86,WARNING
PREMIUM_SUPERFAST,38.42,520.18,2659.94,-0.77,25.17,DOUBLE_YELLOW,2075.85,BROAD_GAUGE_NON_ELECTRIFIED,101.45,NORMAL
PREMIUM_SUPERFAST,120.22,396.22,1700.98,1.08,34.66,RED_STOP,2132.0,BROAD_GAUGE_ELECTRIFIED,780.42,NORMAL
FREIGHT_GOODS,147.26,290.35,3442.27,-1.72,44.81,YELLOW,620.28,BROAD_GAUGE_ELECTRIFIED,1274.05,WARNING
PASSENGER_LOCAL,45.16,477.05,1483.4,-0.48,40.35,YELLOW,820.95,BROAD_GAUGE_ELECTRIFIED,132.71,NORMAL
SUPERFAST_EXPRESS,53.26,656.61,3257.36,-3.1,23.25,YELLOW,2071.54,BROAD_GAUGE_NON_ELECTRIFIED,206.67,NORMAL
PREMIUM_SUPERFAST,156.0,565.21,3292.18,0.62,33.79,RED_STOP,244.55,BROAD_GAUGE_NON_ELECTRIFIED,1281.87,CRITICAL
SUPERFAST_EXPRESS,45.34,386.1,1149.74,1.79,47.81,RED_STOP,848.32,BROAD_GAUGE_NON_ELECTRIFIED,130.61,NORMAL
SUPERFAST_EXPRESS,139.61,714.54,2874.49,-0.61,13.07,DOUBLE_YELLOW,1148.46,BROAD_GAUGE_NON_ELECTRIFIED,1074.02,WARNING
SUPERFAST_EXPRESS,88.92,701.71,1742.53,-0.56,13.52,RED_STOP,508.33,BROAD_GAUGE_NON_ELECTRIFIED,456.83,NORMAL
FREIGHT_GOODS,54.61,315.14,3244.33,-2.88,35.03,GREEN,490.79,DOUBLE_LINE_AUTOMATIC,213.36,NORMAL
FREIGHT_GOODS,141.9,221.68,1795.39,-2.09,38.76,RED_STOP,1090.91,BROAD_GAUGE_ELECTRIFIED,1215.28,CRITICAL
PASSENGER_LOCAL,82.34,607.72,2707.34,-2.42,19.51,DOUBLE_YELLOW,1898.58,BROAD_GAUGE_NON_ELECTRIFIED,442.36,NORMAL
PREMIUM_SUPERFAST,92.07,655.19,1847.6,-0.13,43.53,YELLOW,2108.57,DOUBLE_LINE_AUTOMATIC,476.08,NORMAL
PASSENGER_LOCAL,70.29,732.33,1106.18,0.2,39.08,RED_STOP,2449.13,DOUBLE_LINE_AUTOMATIC,287.1,NORMAL
FREIGHT_GOODS,103.01,689.41,1017.99,3.14,51.55,YELLOW,231.26,BROAD_GAUGE_ELECTRIFIED,583.29,WARNING
FREIGHT_GOODS,42.89,530.29,1718.84,-2.99,17.6,YELLOW,580.87,BROAD_GAUGE_ELECTRIFIED,138.88,NORMAL
SUPERFAST_EXPRESS,74.75,491.53,2742.03,0.7,43.81,GREEN,1903.74,BROAD_GAUGE_ELECTRIFIED,321.38,NORMAL
PASSENGER_LOCAL,155.72,215.31,2275.72,0.19,13.76,GREEN,1374.47,BROAD_GAUGE_NON_ELECTRIFIED,1277.51,NORMAL
SUPERFAST_EXPRESS,56.14,335.66,2534.75,0.11,35.44,RED_STOP,852.82,BROAD_GAUGE_ELECTRIFIED,190.97,NORMAL
FREIGHT_GOODS,111.94,452.79,1275.21,2.61,34.84,YELLOW,553.69,BROAD_GAUGE_ELECTRIFIED,682.06,WARNING
PASSENGER_LOCAL,65.53,545.68,1892.45,-2.06,27.48,DOUBLE_YELLOW,737.17,BROAD_GAUGE_ELECTRIFIED,283.19,NORMAL
PASSENGER_LOCAL,128.29,506.49,537.63,-3.21,48.01,YELLOW,1101.76,DOUBLE_LINE_AUTOMATIC,1082.3,WARNING
PREMIUM_SUPERFAST,38.32,608.45,2934.35,1.21,10.2,YELLOW,484.02,BROAD_GAUGE_NON_ELECTRIFIED,97.44,NORMAL
FREIGHT_GOODS,155.77,353.87,3468.67,-1.08,33.41,GREEN,2412.35,BROAD_GAUGE_ELECTRIFIED,1363.44,NORMAL
FREIGHT_GOODS,83.53,510.72,1661.33,-3.38,19.77,GREEN,313.59,DOUBLE_LINE_AUTOMATIC,484.51,NORMAL
PREMIUM_SUPERFAST,53.05,248.48,433.99,-1.74,43.46,GREEN,2464.66,BROAD_GAUGE_NON_ELECTRIFIED,189.11,NORMAL
FREIGHT_GOODS,30.29,427.52,926.36,-1.33,11.94,GREEN,2112.64,BROAD_GAUGE_ELECTRIFIED,69.31,NORMAL
SUPERFAST_EXPRESS,43.77,612.59,2422.83,0.82,47.42,RED_STOP,1086.72,DOUBLE_LINE_AUTOMATIC,122.77,NORMAL
SUPERFAST_EXPRESS,92.77,581.37,2297.45,-2.29,47.71,RED_STOP,1862.55,BROAD_GAUGE_NON_ELECTRIFIED,548.84,NORMAL
SUPERFAST_EXPRESS,67.18,744.85,2842.38,-0.61,47.48,YELLOW,1695.21,BROAD_GAUGE_ELECTRIFIED,272.91,NORMAL
PASSENGER_LOCAL,136.04,352.84,1187.04,-0.12,16.87,RED_STOP,572.55,BROAD_GAUGE_ELECTRIFIED,993.92,CRITICAL
SUPERFAST_EXPRESS,80.32,474.0,2767.26,-0.29,38.37,DOUBLE_YELLOW,880.72,DOUBLE_LINE_AUTOMATIC,372.58,NORMAL
FREIGHT_GOODS,54.82,381.24,2532.75,3.32,10.65,YELLOW,1307.15,BROAD_GAUGE_ELECTRIFIED,183.0,NORMAL
PREMIUM_SUPERFAST,106.4,442.33,1400.72,-3.18,48.16,YELLOW,1612.72,DOUBLE_LINE_AUTOMATIC,755.35,NORMAL
SUPERFAST_EXPRESS,118.95,671.32,2091.01,3.16,42.53,DOUBLE_YELLOW,1380.09,DOUBLE_LINE_AUTOMATIC,764.93,NORMAL
SUPERFAST_EXPRESS,43.39,576.31,856.55,0.57,33.9,YELLOW,1208.82,DOUBLE_LINE_AUTOMATIC,120.91,NORMAL
PASSENGER_LOCAL,43.47,685.34,1802.95,2.07,42.88,DOUBLE_YELLOW,1135.72,BROAD_GAUGE_NON_ELECTRIFIED,121.3,NORMAL
FREIGHT_GOODS,25.13,311.93,3131.71,-0.49,14.24,GREEN,1270.75,DOUBLE_LINE_AUTOMATIC,48.88,NORMAL
PREMIUM_SUPERFAST,123.1,680.35,1705.69,-0.32,33.79,GREEN,1114.16,BROAD_GAUGE_NON_ELECTRIFIED,831.29,NORMAL
FREIGHT_GOODS,112.93,232.87,3002.66,2.66,23.11,GREEN,1376.26,BROAD_GAUGE_ELECTRIFIED,693.48,NORMAL
SUPERFAST_EXPRESS,86.45,688.73,2229.79,2.77,53.77,DOUBLE_YELLOW,2225.56,BROAD_GAUGE_NON_ELECTRIFIED,420.44,NORMAL
FREIGHT_GOODS,138.18,380.99,994.82,-1.83,48.57,RED_STOP,1600.43,DOUBLE_LINE_AUTOMATIC,1135.68,WARNING
PREMIUM_SUPERFAST,132.79,373.02,2201.43,-2.11,43.0,RED_STOP,1820.42,BROAD_GAUGE_ELECTRIFIED,1071.49,NORMAL
SUPERFAST_EXPRESS,101.95,481.65,1968.55,-0.03,52.02,YELLOW,1513.83,DOUBLE_LINE_AUTOMATIC,572.87,NORMAL
FREIGHT_GOODS,141.56,717.38,1635.79,2.8,25.61,GREEN,1625.39,DOUBLE_LINE_AUTOMATIC,1064.67,NORMAL
PREMIUM_SUPERFAST,48.82,226.28,770.85,-1.24,50.54,GREEN,1466.96,BROAD_GAUGE_ELECTRIFIED,158.52,NORMAL
SUPERFAST_EXPRESS,35.67,393.73,1691.8,1.06,24.64,YELLOW,115.82,DOUBLE_LINE_AUTOMATIC,86.13,NORMAL
SUPERFAST_EXPRESS,57.76,671.11,625.56,1.46,42.98,GREEN,2499.02,BROAD_GAUGE_NON_ELECTRIFIED,201.03,NORMAL
FREIGHT_GOODS,27.99,417.83,706.18,1.95,43.14,GREEN,132.34,BROAD_GAUGE_ELECTRIFIED,57.23,NORMAL
PASSENGER_LOCAL,94.36,309.54,1689.34,0.45,10.83,DOUBLE_YELLOW,1018.11,BROAD_GAUGE_ELECTRIFIED,494.95,NORMAL
PASSENGER_LOCAL,151.12,433.64,1346.68,-0.68,26.25,YELLOW,307.53,BROAD_GAUGE_ELECTRIFIED,1255.45,WARNING
PREMIUM_SUPERFAST,25.51,412.05,3269.19,3.27,10.87,DOUBLE_YELLOW,287.47,DOUBLE_LINE_AUTOMATIC,49.09,NORMAL
FREIGHT_GOODS,37.1,703.48,1564.69,0.78,54.87,GREEN,1994.14,DOUBLE_LINE_AUTOMATIC,92.12,NORMAL
PREMIUM_SUPERFAST,83.31,619.06,2749.36,1.6,15.5,GREEN,1093.52,BROAD_GAUGE_ELECTRIFIED,392.55,NORMAL
FREIGHT_GOODS,150.74,477.81,2043.77,-1.09,34.43,YELLOW,2012.79,BROAD_GAUGE_NON_ELECTRIFIED,1280.25,NORMAL
PREMIUM_SUPERFAST,64.26,743.6,2582.67,1.19,45.58,GREEN,718.33,DOUBLE_LINE_AUTOMATIC,243.78,NORMAL
PREMIUM_SUPERFAST,91.01,455.9,1206.36,-1.7,19.06,RED_STOP,678.33,DOUBLE_LINE_AUTOMATIC,510.02,NORMAL
FREIGHT_GOODS,25.82,232.03,3319.91,-1.78,31.83,DOUBLE_YELLOW,665.52,DOUBLE_LINE_AUTOMATIC,54.12,NORMAL
PASSENGER_LOCAL,40.77,344.25,2043.27,1.5,37.33,DOUBLE_YELLOW,1559.56,BROAD_GAUGE_NON_ELECTRIFIED,108.46,NORMAL
PREMIUM_SUPERFAST,158.13,439.84,2977.1,0.15,17.21,RED_STOP,2046.75,DOUBLE_LINE_AUTOMATIC,1315.66,NORMAL
FREIGHT_GOODS,155.12,286.3,1531.64,1.28,45.03,YELLOW,1158.04,DOUBLE_LINE_AUTOMATIC,1268.08,WARNING
FREIGHT_GOODS,20.69,721.16,710.66,-1.61,23.47,YELLOW,979.16,BROAD_GAUGE_NON_ELECTRIFIED,37.33,NORMAL
FREIGHT_GOODS,153.25,621.77,2488.51,0.69,19.5,GREEN,2435.27,BROAD_GAUGE_NON_ELECTRIFIED,1239.08,NORMAL
SUPERFAST_EXPRESS,109.48,347.56,424.05,-0.39,35.12,YELLOW,336.05,DOUBLE_LINE_AUTOMATIC,668.55,WARNING
FREIGHT_GOODS,141.51,524.94,1873.41,0.68,28.46,RED_STOP,1242.25,BROAD_GAUGE_ELECTRIFIED,1063.97,NORMAL
FREIGHT_GOODS,83.66,596.8,997.69,-1.46,51.41,YELLOW,1050.79,BROAD_GAUGE_ELECTRIFIED,429.65,NORMAL
SUPERFAST_EXPRESS,92.18,717.7,2344.86,1.51,49.6,GREEN,290.41,BROAD_GAUGE_NON_ELECTRIFIED,473.82,NORMAL
SUPERFAST_EXPRESS,88.44,684.9,3436.2,2.14,31.75,RED_STOP,707.09,DOUBLE_LINE_AUTOMATIC,438.6,NORMAL
PASSENGER_LOCAL,113.36,483.36,1839.65,-1.68,26.17,GREEN,119.68,BROAD_GAUGE_NON_ELECTRIFIED,771.19,NORMAL
FREIGHT_GOODS,39.55,626.06,2934.24,-1.4,24.65,DOUBLE_YELLOW,2198.54,BROAD_GAUGE_NON_ELECTRIFIED,110.11,NORMAL
PREMIUM_SUPERFAST,24.2,509.18,1974.13,1.13,22.04,DOUBLE_YELLOW,1539.23,BROAD_GAUGE_ELECTRIFIED,45.04,NORMAL
SUPERFAST_EXPRESS,63.11,503.99,1937.1,1.37,34.5,YELLOW,2046.8,BROAD_GAUGE_NON_ELECTRIFIED,235.9,NORMAL
SUPERFAST_EXPRESS,118.66,263.11,3284.31,1.43,46.22,RED_STOP,1327.81,BROAD_GAUGE_NON_ELECTRIFIED,761.37,NORMAL
PASSENGER_LOCAL,48.26,269.38,3158.89,1.28,23.98,RED_STOP,1518.8,DOUBLE_LINE_AUTOMATIC,145.83,NORMAL
PASSENGER_LOCAL,114.28,491.24,2835.98,-0.75,18.55,RED_STOP,1767.09,DOUBLE_LINE_AUTOMATIC,740.18,NORMAL
PASSENGER_LOCAL,155.79,347.87,1318.39,-0.74,31.4,GREEN,2274.63,BROAD_GAUGE_NON_ELECTRIFIED,1335.04,NORMAL
FREIGHT_GOODS,33.15,211.57,2089.53,-1.72,13.11,RED_STOP,274.79,BROAD_GAUGE_NON_ELECTRIFIED,82.37,NORMAL
FREIGHT_GOODS,114.16,597.56,1094.08,-2.4,41.56,YELLOW,860.82,DOUBLE_LINE_AUTOMATIC,818.86,WARNING
FREIGHT_GOODS,82.13,217.87,1776.14,1.35,33.33,DOUBLE_YELLOW,1787.11,BROAD_GAUGE_ELECTRIFIED,382.29,NORMAL
SUPERFAST_EXPRESS,141.54,527.4,1901.06,-2.85,32.34,YELLOW,2397.96,DOUBLE_LINE_AUTOMATIC,1273.6,NORMAL
PASSENGER_LOCAL,44.8,496.56,2978.08,3.06,23.52,DOUBLE_YELLOW,2452.98,DOUBLE_LINE_AUTOMATIC,127.91,NORMAL
SUPERFAST_EXPRESS,116.97,732.85,3177.69,2.29,50.71,DOUBLE_YELLOW,1613.35,DOUBLE_LINE_AUTOMATIC,741.02,NORMAL
PREMIUM_SUPERFAST,137.34,466.32,1685.32,2.5,14.07,YELLOW,524.32,DOUBLE_LINE_AUTOMATIC,1004.96,WARNING
FREIGHT_GOODS,152.25,234.98,454.88,2.85,49.14,DOUBLE_YELLOW,342.06,DOUBLE_LINE_AUTOMATIC,1223.53,WARNING
SUPERFAST_EXPRESS,115.65,503.43,3071.5,-0.64,26.95,DOUBLE_YELLOW,2367.81,BROAD_GAUGE_ELECTRIFIED,752.25,NORMAL
PREMIUM_SUPERFAST,89.6,662.6,940.26,2.43,49.63,GREEN,1113.12,DOUBLE_LINE_AUTOMATIC,449.42,NORMAL
SUPERFAST_EXPRESS,106.5,748.27,2327.83,-2.39,42.79,YELLOW,527.3,DOUBLE_LINE_AUTOMATIC,717.15,WARNING
PREMIUM_SUPERFAST,141.65,436.69,477.41,-3.35,14.69,YELLOW,2338.04,BROAD_GAUGE_ELECTRIFIED,1322.04,NORMAL
SUPERFAST_EXPRESS,99.89,376.16,1638.47,1.99,47.42,YELLOW,306.08,BROAD_GAUGE_NON_ELECTRIFIED,550.51,WARNING
SUPERFAST_EXPRESS,24.25,698.66,3456.48,-2.98,40.7,DOUBLE_YELLOW,1837.45,BROAD_GAUGE_ELECTRIFIED,51.7,NORMAL
FREIGHT_GOODS,150.33,305.18,712.15,3.42,11.45,RED_STOP,1581.89,DOUBLE_LINE_AUTOMATIC,1194.29,NORMAL
SUPERFAST_EXPRESS,116.53,538.49,1713.45,1.22,16.02,RED_STOP,264.95,BROAD_GAUGE_NON_ELECTRIFIED,735.83,CRITICAL
SUPERFAST_EXPRESS,114.71,423.14,1352.16,1.77,38.6,DOUBLE_YELLOW,879.93,BROAD_GAUGE_ELECTRIFIED,714.25,NORMAL
PASSENGER_LOCAL,50.19,222.6,3205.77,-1.78,39.82,RED_STOP,417.33,BROAD_GAUGE_NON_ELECTRIFIED,171.56,NORMAL
SUPERFAST_EXPRESS,112.24,391.01,3094.95,1.22,43.6,RED_STOP,1531.02,BROAD_GAUGE_ELECTRIFIED,685.52,NORMAL
FREIGHT_GOODS,75.14,345.88,1136.87,-3.2,42.41,DOUBLE_YELLOW,1218.93,BROAD_GAUGE_ELECTRIFIED,392.47,NORMAL
SUPERFAST_EXPRESS,111.17,577.35,651.68,2.36,39.68,YELLOW,60.47,BROAD_GAUGE_NON_ELECTRIFIED,673.24,WARNING
FREIGHT_GOODS,34.92,721.83,2344.13,-2.31,44.48,GREEN,2440.49,BROAD_GAUGE_NON_ELECTRIFIED,93.01,NORMAL
PASSENGER_LOCAL,112.1,347.43,1442.74,1.38,35.88,YELLOW,906.48,BROAD_GAUGE_NON_ELECTRIFIED,683.85,NORMAL
FREIGHT_GOODS,159.92,646.31,2483.46,-1.93,21.74,YELLOW,682.6,BROAD_GAUGE_NON_ELECTRIFIED,1513.39,WARNING
PASSENGER_LOCAL,26.75,230.45,499.57,-3.02,51.06,YELLOW,594.99,DOUBLE_LINE_AUTOMATIC,61.11,NORMAL
PASSENGER_LOCAL,156.8,495.97,813.54,-0.13,10.82,GREEN,439.1,BROAD_GAUGE_ELECTRIFIED,1304.32,NORMAL
PASSENGER_LOCAL,76.97,238.8,2527.75,-2.31,26.5,YELLOW,2497.89,DOUBLE_LINE_AUTOMATIC,387.46,NORMAL
PASSENGER_LOCAL,141.91,713.72,1058.35,1.61,42.8,RED_STOP,773.02,BROAD_GAUGE_ELECTRIFIED,1069.67,CRITICAL
PASSENGER_LOCAL,129.53,621.49,3058.52,-1.84,29.22,GREEN,1043.51,DOUBLE_LINE_AUTOMATIC,1004.08,NORMAL
FREIGHT_GOODS,99.38,561.87,581.63,-1.1,11.12,RED_STOP,2184.82,DOUBLE_LINE_AUTOMATIC,580.59,NORMAL
PASSENGER_LOCAL,123.38,653.14,1067.99,0.47,12.97,GREEN,1622.62,BROAD_GAUGE_ELECTRIFIED,819.83,NORMAL
PASSENGER_LOCAL,142.99,556.14,3495.54,-1.51,39.19,RED_STOP,953.3,DOUBLE_LINE_AUTOMATIC,1187.75,CRITICAL
PASSENGER_LOCAL,76.58,732.92,1742.54,-0.85,53.42,YELLOW,2250.9,BROAD_GAUGE_NON_ELECTRIFIED,351.94,NORMAL
PASSENGER_LOCAL,65.78,592.68,2579.19,2.21,34.83,YELLOW,1886.82,BROAD_GAUGE_NON_ELECTRIFIED,254.38,NORMAL
PASSENGER_LOCAL,113.46,708.56,966.26,-2.25,32.8,YELLOW,608.36,DOUBLE_LINE_AUTOMATIC,801.0,WARNING
PREMIUM_SUPERFAST,133.1,484.42,2290.59,-2.92,24.32,RED_STOP,1627.16,DOUBLE_LINE_AUTOMATIC,1137.84,NORMAL
SUPERFAST_EXPRESS,126.72,264.39,2650.93,-1.2,21.55,RED_STOP,2309.88,BROAD_GAUGE_ELECTRIFIED,925.27,NORMAL
SUPERFAST_EXPRESS,131.69,490.5,1374.88,-0.53,10.94,DOUBLE_YELLOW,1266.33,BROAD_GAUGE_ELECTRIFIED,956.46,NORMAL
PASSENGER_LOCAL,80.98,269.78,2969.58,0.3,22.28,RED_STOP,1847.35,DOUBLE_LINE_AUTOMATIC,372.5,NORMAL
PASSENGER_LOCAL,134.5,525.87,2270.59,-0.89,30.21,GREEN,2429.2,BROAD_GAUGE_ELECTRIFIED,1017.34,NORMAL
PREMIUM_SUPERFAST,36.83,465.37,1606.28,2.03,18.91,YELLOW,1741.51,BROAD_GAUGE_NON_ELECTRIFIED,90.99,NORMAL
PASSENGER_LOCAL,96.23,542.42,2128.69,-3.22,13.93,GREEN,300.97,BROAD_GAUGE_NON_ELECTRIFIED,626.11,NORMAL
PREMIUM_SUPERFAST,20.81,205.53,2187.96,-0.48,42.3,DOUBLE_YELLOW,649.17,BROAD_GAUGE_NON_ELECTRIFIED,35.97,NORMAL
SUPERFAST_EXPRESS,65.44,307.16,913.16,-0.82,50.26,DOUBLE_YELLOW,1507.99,BROAD_GAUGE_ELECTRIFIED,263.2,NORMAL
FREIGHT_GOODS,71.3,470.23,1648.47,1.03,52.15,RED_STOP,725.11,BROAD_GAUGE_ELECTRIFIED,294.71,NORMAL
SUPERFAST_EXPRESS,75.46,722.78,1464.63,3.26,37.81,YELLOW,2395.98,BROAD_GAUGE_ELECTRIFIED,327.04,NORMAL
FREIGHT_GOODS,117.37,410.98,1642.8,0.07,12.37,GREEN,1043.11,BROAD_GAUGE_ELECTRIFIED,745.79,NORMAL
FREIGHT_GOODS,74.4,433.4,2759.44,3.41,43.34,DOUBLE_YELLOW,1170.21,DOUBLE_LINE_AUTOMATIC,318.6,NORMAL
FREIGHT_GOODS,82.82,593.08,1895.87,-1.38,14.95,DOUBLE_YELLOW,1768.93,DOUBLE_LINE_AUTOMATIC,419.6,NORMAL
PASSENGER_LOCAL,53.26,532.09,3314.98,-3.28,40.14,GREEN,1334.41,DOUBLE_LINE_AUTOMATIC,209.08,NORMAL
PREMIUM_SUPERFAST,72.26,364.41,1310.4,-2.34,45.07,DOUBLE_YELLOW,986.26,DOUBLE_LINE_AUTOMATIC,345.09,NORMAL
FREIGHT_GOODS,51.82,425.95,1688.68,-0.73,42.66,GREEN,237.76,BROAD_GAUGE_NON_ELECTRIFIED,171.7,NORMAL
PREMIUM_SUPERFAST,30.25,319.73,2839.57,-1.29,52.83,YELLOW,1511.29,BROAD_GAUGE_ELECTRIFIED,68.98,NORMAL
SUPERFAST_EXPRESS,104.48,731.31,2092.68,-2.82,43.22,RED_STOP,2175.57,BROAD_GAUGE_NON_ELECTRIFIED,711.69,NORMAL
FREIGHT_GOODS,113.55,271.85,2095.79,-0.47,41.19,GREEN,1730.12,BROAD_GAUGE_ELECTRIFIED,719.52,NORMAL
SUPERFAST_EXPRESS,106.73,404.51,565.35,-1.13,21.78,YELLOW,984.66,DOUBLE_LINE_AUTOMATIC,665.32,NORMAL
PREMIUM_SUPERFAST,84.89,214.21,1635.66,-2.64,51.61,GREEN,362.93,BROAD_GAUGE_NON_ELECTRIFIED,475.19,NORMAL
PREMIUM_SUPERFAST,73.17,321.98,1239.27,-1.43,18.08,DOUBLE_YELLOW,2050.03,BROAD_GAUGE_ELECTRIFIED,334.29,NORMAL
SUPERFAST_EXPRESS,140.87,629.26,3497.94,2.71,50.72,YELLOW,2357.28,DOUBLE_LINE_AUTOMATIC,1054.78,WARNING
PREMIUM_SUPERFAST,92.67,310.65,1355.9,-1.39,24.07,GREEN,1001.27,BROAD_GAUGE_ELECTRIFIED,517.78,NORMAL
SUPERFAST_EXPRESS,87.09,244.03,3141.94,1.5,15.86,YELLOW,1835.17,BROAD_GAUGE_ELECTRIFIED,426.21,NORMAL
PREMIUM_SUPERFAST,23.59,460.95,2496.32,0.78,47.2,GREEN,1056.37,DOUBLE_LINE_AUTOMATIC,43.22,NORMAL
PASSENGER_LOCAL,67.77,205.48,1456.84,-0.51,10.11,GREEN,1280.55,BROAD_GAUGE_NON_ELECTRIFIED,275.87,NORMAL
SUPERFAST_EXPRESS,73.23,246.62,2084.96,-1.83,47.44,YELLOW,2099.37,BROAD_GAUGE_ELECTRIFIED,342.78,NORMAL
FREIGHT_GOODS,75.84,644.19,3005.66,-0.92,21.8,YELLOW,254.39,DOUBLE_LINE_AUTOMATIC,346.87,WARNING
FREIGHT_GOODS,101.22,624.31,3138.44,0.64,49.81,YELLOW,1349.32,BROAD_GAUGE_ELECTRIFIED,564.43,NORMAL
FREIGHT_GOODS,94.7,703.33,897.22,-1.04,41.12,DOUBLE_YELLOW,575.82,BROAD_GAUGE_ELECTRIFIED,528.51,WARNING
PREMIUM_SUPERFAST,105.11,669.98,1452.68,-2.0,39.98,RED_STOP,882.52,BROAD_GAUGE_ELECTRIFIED,681.68,NORMAL
SUPERFAST_EXPRESS,127.08,575.75,1439.19,-2.68,26.44,GREEN,1628.85,BROAD_GAUGE_NON_ELECTRIFIED,1024.14,NORMAL
PREMIUM_SUPERFAST,133.82,228.78,530.34,2.66,12.67,GREEN,116.71,BROAD_GAUGE_NON_ELECTRIFIED,956.51,NORMAL
FREIGHT_GOODS,120.54,630.57,2254.54,-0.42,47.35,YELLOW,1504.87,BROAD_GAUGE_NON_ELECTRIFIED,803.17,NORMAL
PASSENGER_LOCAL,153.77,665.03,3049.94,0.88,17.69,GREEN,744.43,BROAD_GAUGE_NON_ELECTRIFIED,1247.13,NORMAL
FREIGHT_GOODS,22.55,639.5,1582.88,-0.07,26.75,RED_STOP,1690.24,DOUBLE_LINE_AUTOMATIC,40.29,NORMAL
FREIGHT_GOODS,47.41,479.66,2694.11,2.61,37.02,RED_STOP,396.87,BROAD_GAUGE_NON_ELECTRIFIED,141.31,NORMAL
FREIGHT_GOODS,21.06,328.1,2345.87,0.33,31.7,GREEN,1852.74,BROAD_GAUGE_ELECTRIFIED,36.01,NORMAL
PASSENGER_LOCAL,110.65,664.93,1564.51,-0.13,18.94,GREEN,1631.82,DOUBLE_LINE_AUTOMATIC,672.25,NORMAL
PASSENGER_LOCAL,145.72,599.94,837.29,2.97,16.33,YELLOW,2429.54,BROAD_GAUGE_ELECTRIFIED,1125.29,NORMAL
SUPERFAST_EXPRESS,54.09,739.42,2598.9,1.54,15.55,RED_STOP,2282.53,BROAD_GAUGE_NON_ELECTRIFIED,178.64,NORMAL
PASSENGER_LOCAL,149.78,285.63,3049.15,-2.72,48.84,GREEN,744.09,BROAD_GAUGE_ELECTRIFIED,1407.5,WARNING
SUPERFAST_EXPRESS,28.44,324.12,2526.15,-2.26,11.42,RED_STOP,116.93,BROAD_GAUGE_ELECTRIFIED,65.15,NORMAL
PASSENGER_LOCAL,150.82,316.49,455.42,2.01,53.97,GREEN,1655.65,BROAD_GAUGE_ELECTRIFIED,1201.72,WARNING
SUPERFAST_EXPRESS,69.23,635.9,1070.32,2.35,18.93,DOUBLE_YELLOW,1527.07,BROAD_GAUGE_ELECTRIFIED,279.19,NORMAL
FREIGHT_GOODS,34.2,302.8,615.39,0.32,14.96,RED_STOP,117.2,BROAD_GAUGE_NON_ELECTRIFIED,80.15,NORMAL
PASSENGER_LOCAL,88.02,236.66,2168.2,0.38,35.96,DOUBLE_YELLOW,350.56,BROAD_GAUGE_ELECTRIFIED,434.77,WARNING
PREMIUM_SUPERFAST,55.95,749.21,2745.08,0.92,13.6,YELLOW,1482.52,BROAD_GAUGE_ELECTRIFIED,189.81,NORMAL
PREMIUM_SUPERFAST,59.88,213.65,742.8,-0.43,37.11,RED_STOP,2283.98,BROAD_GAUGE_ELECTRIFIED,219.25,NORMAL
SUPERFAST_EXPRESS,63.02,659.38,2998.85,1.26,48.28,GREEN,2270.93,BROAD_GAUGE_ELECTRIFIED,235.3,NORMAL
PASSENGER_LOCAL,132.42,400.95,2122.08,-2.74,12.16,GREEN,421.14,BROAD_GAUGE_NON_ELECTRIFIED,1112.44,NORMAL
PASSENGER_LOCAL,95.48,662.89,2538.9,3.23,45.99,DOUBLE_YELLOW,992.21,BROAD_GAUGE_ELECTRIFIED,505.97,NORMAL
PREMIUM_SUPERFAST,63.58,505.04,3411.35,1.75,27.75,RED_STOP,155.85,DOUBLE_LINE_AUTOMATIC,239.12,CRITICAL
PASSENGER_LOCAL,105.45,695.9,659.41,0.92,17.18,RED_STOP,1199.72,DOUBLE_LINE_AUTOMATIC,609.44,NORMAL
PASSENGER_LOCAL,120.26,709.41,3193.79,-1.29,17.92,RED_STOP,1895.05,BROAD_GAUGE_ELECTRIFIED,841.93,NORMAL
SUPERFAST_EXPRESS,58.17,205.0,790.92,-2.37,51.34,YELLOW,1985.43,BROAD_GAUGE_ELECTRIFIED,231.98,NORMAL
FREIGHT_GOODS,77.9,241.48,1618.17,-0.63,14.98,RED_STOP,1272.52,BROAD_GAUGE_NON_ELECTRIFIED,358.81,NORMAL
PREMIUM_SUPERFAST,37.06,337.7,3039.46,1.13,49.01,YELLOW,284.88,DOUBLE_LINE_AUTOMATIC,91.99,NORMAL
FREIGHT_GOODS,45.36,568.12,3209.39,0.94,34.49,GREEN,984.34,BROAD_GAUGE_NON_ELECTRIFIED,130.73,NORMAL
PASSENGER_LOCAL,115.36,688.55,1969.75,-0.82,11.76,DOUBLE_YELLOW,2333.65,BROAD_GAUGE_ELECTRIFIED,756.58,NORMAL
PASSENGER_LOCAL,45.4,452.97,2241.72,0.79,30.9,DOUBLE_YELLOW,612.55,DOUBLE_LINE_AUTOMATIC,130.93,NORMAL
SUPERFAST_EXPRESS,93.52,533.84,2595.26,2.2,46.79,RED_STOP,833.4,DOUBLE_LINE_AUTOMATIC,486.75,NORMAL
FREIGHT_GOODS,119.27,303.67,2981.55,-3.32,42.68,DOUBLE_YELLOW,1879.73,BROAD_GAUGE_NON_ELECTRIFIED,948.14,NORMAL
FREIGHT_GOODS,34.96,642.73,776.68,-0.35,32.0,RED_STOP,1847.27,BROAD_GAUGE_ELECTRIFIED,84.53,NORMAL
SUPERFAST_EXPRESS,99.42,732.03,2911.21,1.81,48.7,GREEN,2284.9,DOUBLE_LINE_AUTOMATIC,545.76,NORMAL
FREIGHT_GOODS,55.92,347.73,1891.96,0.32,15.42,GREEN,1000.89,BROAD_GAUGE_NON_ELECTRIFIED,189.63,NORMAL
SUPERFAST_EXPRESS,154.81,472.15,1796.93,1.06,50.95,GREEN,1310.77,DOUBLE_LINE_AUTOMATIC,1263.28,WARNING
SUPERFAST_EXPRESS,87.7,247.36,1714.09,0.12,48.09,DOUBLE_YELLOW,1195.11,BROAD_GAUGE_ELECTRIFIED,431.78,NORMAL
PASSENGER_LOCAL,132.84,507.53,1978.56,3.44,41.87,RED_STOP,2322.99,BROAD_GAUGE_ELECTRIFIED,943.24,NORMAL
PASSENGER_LOCAL,97.03,476.53,3329.66,-3.12,46.8,YELLOW,1934.86,BROAD_GAUGE_ELECTRIFIED,631.32,NORMAL
PASSENGER_LOCAL,26.08,279.44,2099.43,-0.06,34.47,GREEN,2087.03,BROAD_GAUGE_NON_ELECTRIFIED,51.03,NORMAL
SUPERFAST_EXPRESS,108.64,443.14,3354.85,-2.86,40.38,GREEN,376.09,BROAD_GAUGE_ELECTRIFIED,768.54,NORMAL
PASSENGER_LOCAL,153.2,383.76,958.9,-2.38,35.23,YELLOW,1990.02,BROAD_GAUGE_NON_ELECTRIFIED,1436.12,NORMAL
PREMIUM_SUPERFAST,104.23,487.01,2644.82,-0.82,25.99,YELLOW,1110.8,DOUBLE_LINE_AUTOMATIC,624.5,NORMAL
PREMIUM_SUPERFAST,134.69,522.11,2917.94,-2.41,35.6,DOUBLE_YELLOW,107.18,BROAD_GAUGE_ELECTRIFIED,1123.59,WARNING
PASSENGER_LOCAL,143.79,204.67,2505.3,3.25,21.59,GREEN,197.22,BROAD_GAUGE_NON_ELECTRIFIED,1096.92,NORMAL
SUPERFAST_EXPRESS,51.93,618.55,2281.46,3.13,29.81,DOUBLE_YELLOW,1710.87,BROAD_GAUGE_NON_ELECTRIFIED,166.12,NORMAL
PREMIUM_SUPERFAST,49.69,592.16,2150.92,-1.15,22.63,GREEN,961.43,BROAD_GAUGE_NON_ELECTRIFIED,162.76,NORMAL
PASSENGER_LOCAL,105.54,401.46,3068.88,0.98,15.53,DOUBLE_YELLOW,2176.88,BROAD_GAUGE_ELECTRIFIED,610.43,NORMAL
PREMIUM_SUPERFAST,77.54,229.11,2947.1,0.24,24.48,DOUBLE_YELLOW,1848.97,BROAD_GAUGE_NON_ELECTRIFIED,343.83,NORMAL
PREMIUM_SUPERFAST,137.58,615.21,779.1,2.21,48.34,YELLOW,103.12,BROAD_GAUGE_ELECTRIFIED,1008.37,WARNING
PREMIUM_SUPERFAST,146.0,725.35,3030.62,0.89,27.15,RED_STOP,1732.88,BROAD_GAUGE_ELECTRIFIED,1129.41,NORMAL
FREIGHT_GOODS,69.48,332.08,1683.61,-3.5,43.66,RED_STOP,521.26,DOUBLE_LINE_AUTOMATIC,346.19,NORMAL
PREMIUM_SUPERFAST,53.16,377.94,1186.46,1.84,17.88,RED_STOP,1085.33,DOUBLE_LINE_AUTOMATIC,173.21,NORMAL
PASSENGER_LOCAL,129.27,301.1,3096.28,1.73,29.1,GREEN,1580.6,BROAD_GAUGE_ELECTRIFIED,895.7,NORMAL
PREMIUM_SUPERFAST,58.47,517.31,1739.28,0.07,15.17,YELLOW,2188.16,DOUBLE_LINE_AUTOMATIC,205.49,NORMAL
PASSENGER_LOCAL,135.17,285.16,2905.93,2.82,16.24,YELLOW,1167.44,BROAD_GAUGE_NON_ELECTRIFIED,974.93,WARNING
PREMIUM_SUPERFAST,79.32,395.91,1216.55,2.86,37.78,YELLOW,2030.8,BROAD_GAUGE_ELECTRIFIED,358.53,NORMAL
PREMIUM_SUPERFAST,113.46,583.36,412.18,0.17,37.34,GREEN,1968.27,DOUBLE_LINE_AUTOMATIC,699.57,NORMAL
FREIGHT_GOODS,33.37,508.06,1935.92,0.76,19.6,DOUBLE_YELLOW,1065.62,BROAD_GAUGE_NON_ELECTRIFIED,76.89,NORMAL
PREMIUM_SUPERFAST,107.34,412.55,710.71,3.48,31.35,DOUBLE_YELLOW,1277.4,BROAD_GAUGE_ELECTRIFIED,630.19,NORMAL
PASSENGER_LOCAL,83.25,431.14,2738.57,-1.41,48.85,RED_STOP,1766.19,BROAD_GAUGE_NON_ELECTRIFIED,424.27,NORMAL
FREIGHT_GOODS,102.13,509.16,1255.83,-1.23,17.84,RED_STOP,126.31,BROAD_GAUGE_ELECTRIFIED,615.69,CRITICAL
FREIGHT_GOODS,43.52,203.23,1775.3,-2.22,10.86,GREEN,2232.49,DOUBLE_LINE_AUTOMATIC,136.29,NORMAL
PREMIUM_SUPERFAST,123.16,243.18,669.8,2.77,39.34,GREEN,1936.05,BROAD_GAUGE_NON_ELECTRIFIED,817.06,NORMAL
PREMIUM_SUPERFAST,140.79,684.69,1288.64,1.71,12.41,RED_STOP,661.07,DOUBLE_LINE_AUTOMATIC,1053.71,CRITICAL
SUPERFAST_EXPRESS,50.34,242.83,2822.62,-2.76,54.1,DOUBLE_YELLOW,2453.89,BROAD_GAUGE_NON_ELECTRIFIED,182.67,NORMAL
PREMIUM_SUPERFAST,33.4,588.74,869.92,3.37,37.43,DOUBLE_YELLOW,489.51,BROAD_GAUGE_NON_ELECTRIFIED,76.99,NORMAL
SUPERFAST_EXPRESS,23.31,706.02,2406.19,1.62,31.17,YELLOW,2289.51,BROAD_GAUGE_NON_ELECTRIFIED,42.39,NORMAL
PASSENGER_LOCAL,109.88,348.88,3244.02,2.45,29.35,RED_STOP,844.96,BROAD_GAUGE_NON_ELECTRIFIED,658.51,NORMAL
PREMIUM_SUPERFAST,104.99,403.77,2507.49,-3.16,35.79,RED_STOP,1919.71,DOUBLE_LINE_AUTOMATIC,735.51,NORMAL
PREMIUM_SUPERFAST,96.54,512.91,2914.17,0.03,14.08,DOUBLE_YELLOW,1168.12,BROAD_GAUGE_NON_ELECTRIFIED,516.48,NORMAL
SUPERFAST_EXPRESS,52.47,684.94,737.81,1.39,51.85,YELLOW,1854.35,DOUBLE_LINE_AUTOMATIC,169.22,NORMAL
SUPERFAST_EXPRESS,74.73,718.05,1177.27,0.3,38.15,RED_STOP,431.67,BROAD_GAUGE_NON_ELECTRIFIED,321.19,NORMAL
FREIGHT_GOODS,103.23,606.76,3173.07,1.17,18.28,DOUBLE_YELLOW,710.29,BROAD_GAUGE_ELECTRIFIED,585.56,NORMAL
FREIGHT_GOODS,89.55,247.64,2616.83,2.23,35.32,DOUBLE_YELLOW,294.65,BROAD_GAUGE_ELECTRIFIED,448.89,WARNING
PREMIUM_SUPERFAST,158.29,568.03,2382.62,-0.88,16.0,DOUBLE_YELLOW,2169.6,BROAD_GAUGE_NON_ELECTRIFIED,1388.54,NORMAL
PASSENGER_LOCAL,39.1,425.67,2457.68,2.44,10.79,YELLOW,775.92,BROAD_GAUGE_ELECTRIFIED,100.89,NORMAL
FREIGHT_GOODS,117.32,458.89,1684.02,-2.36,38.37,YELLOW,1751.47,BROAD_GAUGE_NON_ELECTRIFIED,860.07,NORMAL
FREIGHT_GOODS,76.6,227.03,538.13,-1.6,39.18,DOUBLE_YELLOW,2059.54,DOUBLE_LINE_AUTOMATIC,367.72,NORMAL
FREIGHT_GOODS,79.95,305.08,2831.77,-3.2,36.27,YELLOW,2258.47,BROAD_GAUGE_ELECTRIFIED,440.72,NORMAL
SUPERFAST_EXPRESS,120.46,634.78,2504.01,-0.95,18.26,YELLOW,310.43,BROAD_GAUGE_NON_ELECTRIFIED,827.6,WARNING
PREMIUM_SUPERFAST,116.94,449.68,1865.69,-0.84,37.15,YELLOW,2237.89,BROAD_GAUGE_NON_ELECTRIFIED,777.27,NORMAL
SUPERFAST_EXPRESS,158.78,365.91,3189.25,2.14,12.54,YELLOW,533.27,DOUBLE_LINE_AUTOMATIC,1326.01,WARNING
PASSENGER_LOCAL,37.98,411.21,1442.09,1.07,37.42,GREEN,1855.41,DOUBLE_LINE_AUTOMATIC,95.92,NORMAL
SUPERFAST_EXPRESS,34.58,669.92,1312.4,-0.44,34.93,RED_STOP,1835.68,BROAD_GAUGE_NON_ELECTRIFIED,83.3,NORMAL
PREMIUM_SUPERFAST,121.41,611.95,3105.67,1.06,39.49,RED_STOP,70.83,BROAD_GAUGE_NON_ELECTRIFIED,795.14,CRITICAL
SUPERFAST_EXPRESS,100.97,349.77,2870.66,-3.13,50.3,YELLOW,590.53,BROAD_GAUGE_NON_ELECTRIFIED,681.42,WARNING
PASSENGER_LOCAL,58.38,264.63,1996.44,-2.24,48.27,DOUBLE_YELLOW,1255.18,BROAD_GAUGE_NON_ELECTRIFIED,231.65,NORMAL
PREMIUM_SUPERFAST,31.12,338.6,805.28,0.89,54.13,RED_STOP,1079.09,BROAD_GAUGE_NON_ELECTRIFIED,68.31,NORMAL
PREMIUM_SUPERFAST,31.99,706.42,1066.72,0.99,53.93,YELLOW,2300.51,BROAD_GAUGE_NON_ELECTRIFIED,71.58,NORMAL
PREMIUM_SUPERFAST,145.19,519.87,2434.31,1.92,44.75,RED_STOP,931.37,DOUBLE_LINE_AUTOMATIC,1117.37,CRITICAL
PREMIUM_SUPERFAST,46.86,493.41,1593.63,-0.68,53.04,DOUBLE_YELLOW,2345.61,BROAD_GAUGE_ELECTRIFIED,143.14,NORMAL
PASSENGER_LOCAL,65.27,528.02,2993.07,1.56,49.03,YELLOW,1175.6,BROAD_GAUGE_NON_ELECTRIFIED,250.79,NORMAL
PREMIUM_SUPERFAST,51.73,401.32,3344.86,1.29,42.74,DOUBLE_YELLOW,2412.66,BROAD_GAUGE_NON_ELECTRIFIED,164.98,NORMAL
PASSENGER_LOCAL,69.7,643.91,2897.47,3.24,13.39,RED_STOP,1856.52,DOUBLE_LINE_AUTOMATIC,282.68,NORMAL
PASSENGER_LOCAL,29.72,487.81,1570.39,-1.99,12.21,GREEN,2081.87,BROAD_GAUGE_ELECTRIFIED,69.3,NORMAL
SUPERFAST_EXPRESS,92.67,264.21,2844.93,0.36,47.69,DOUBLE_YELLOW,306.95,DOUBLE_LINE_AUTOMATIC,478.48,WARNING
SUPERFAST_EXPRESS,29.47,270.99,1489.47,0.71,32.03,YELLOW,1486.05,DOUBLE_LINE_AUTOMATIC,62.33,NORMAL
PREMIUM_SUPERFAST,132.05,495.27,918.01,3.49,46.66,YELLOW,399.62,BROAD_GAUGE_NON_ELECTRIFIED,932.61,WARNING
FREIGHT_GOODS,52.72,715.11,503.52,-2.09,24.08,DOUBLE_YELLOW,779.17,BROAD_GAUGE_NON_ELECTRIFIED,190.8,NORMAL
FREIGHT_GOODS,95.6,369.59,1595.72,0.16,27.89,GREEN,1577.74,DOUBLE_LINE_AUTOMATIC,507.15,NORMAL
PREMIUM_SUPERFAST,143.21,678.25,3201.03,-1.08,41.51,RED_STOP,1829.25,BROAD_GAUGE_NON_ELECTRIFIED,1159.89,NORMAL
PASSENGER_LOCAL,111.12,620.25,1140.86,0.18,51.19,RED_STOP,146.0,BROAD_GAUGE_NON_ELECTRIFIED,672.67,CRITICAL
SUPERFAST_EXPRESS,94.61,336.3,1040.19,-1.88,13.95,RED_STOP,1350.81,BROAD_GAUGE_NON_ELECTRIFIED,554.72,NORMAL
PREMIUM_SUPERFAST,65.41,219.99,3406.44,-3.17,48.77,RED_STOP,1435.02,BROAD_GAUGE_ELECTRIFIED,302.64,NORMAL
PREMIUM_SUPERFAST,66.62,256.02,477.51,0.51,45.69,RED_STOP,243.13,BROAD_GAUGE_ELECTRIFIED,260.3,CRITICAL
PASSENGER_LOCAL,113.73,600.67,2835.92,-1.15,24.2,YELLOW,1276.69,BROAD_GAUGE_NON_ELECTRIFIED,750.99,NORMAL
SUPERFAST_EXPRESS,159.18,309.82,1396.25,-2.23,25.98,YELLOW,1798.91,DOUBLE_LINE_AUTOMATIC,1530.0,WARNING
FREIGHT_GOODS,112.66,404.2,516.21,-1.23,12.09,DOUBLE_YELLOW,180.41,BROAD_GAUGE_ELECTRIFIED,741.38,WARNING
FREIGHT_GOODS,98.09,475.93,3245.19,-3.16,10.71,DOUBLE_YELLOW,1912.66,DOUBLE_LINE_AUTOMATIC,646.09,NORMAL
PREMIUM_SUPERFAST,122.29,599.01,832.89,3.15,31.47,RED_STOP,1462.24,BROAD_GAUGE_NON_ELECTRIFIED,806.14,NORMAL
PREMIUM_SUPERFAST,85.13,262.28,2110.52,0.57,14.3,RED_STOP,2091.41,DOUBLE_LINE_AUTOMATIC,408.6,NORMAL
PREMIUM_SUPERFAST,28.42,423.5,1249.57,2.2,18.73,RED_STOP,584.25,DOUBLE_LINE_AUTOMATIC,58.69,NORMAL
PREMIUM_SUPERFAST,98.72,466.79,602.1,-0.54,48.1,GREEN,2091.52,BROAD_GAUGE_ELECTRIFIED,554.92,NORMAL
PREMIUM_SUPERFAST,154.07,497.45,554.76,2.82,35.7,DOUBLE_YELLOW,281.67,DOUBLE_LINE_AUTOMATIC,1251.71,WARNING
FREIGHT_GOODS,44.54,650.1,758.23,-0.12,38.51,YELLOW,1039.38,DOUBLE_LINE_AUTOMATIC,127.32,NORMAL
PREMIUM_SUPERFAST,116.6,294.42,621.24,0.52,18.44,RED_STOP,538.74,BROAD_GAUGE_ELECTRIFIED,736.63,CRITICAL
SUPERFAST_EXPRESS,48.13,644.31,2757.73,-0.06,47.29,DOUBLE_YELLOW,2196.25,BROAD_GAUGE_NON_ELECTRIFIED,145.54,NORMAL
PASSENGER_LOCAL,95.02,581.08,1905.26,1.63,49.06,GREEN,1777.05,DOUBLE_LINE_AUTOMATIC,501.36,NORMAL
FREIGHT_GOODS,33.53,505.73,1462.97,0.47,33.55,GREEN,112.14,BROAD_GAUGE_NON_ELECTRIFIED,77.52,NORMAL
PASSENGER_LOCAL,83.05,584.74,1696.94,-1.6,51.07,RED_STOP,73.33,BROAD_GAUGE_NON_ELECTRIFIED,427.24,CRITICAL
PASSENGER_LOCAL,125.86,426.61,3279.73,-2.48,48.02,YELLOW,763.56,BROAD_GAUGE_NON_ELECTRIFIED,991.58,WARNING
PREMIUM_SUPERFAST,68.66,276.12,3223.33,0.74,42.91,DOUBLE_YELLOW,401.04,BROAD_GAUGE_ELECTRIFIED,275.02,NORMAL
PASSENGER_LOCAL,113.09,566.17,2618.6,-0.08,43.03,YELLOW,1594.25,BROAD_GAUGE_NON_ELECTRIFIED,698.21,NORMAL
SUPERFAST_EXPRESS,131.36,488.57,3142.52,-2.83,14.74,RED_STOP,1676.3,DOUBLE_LINE_AUTOMATIC,1102.09,NORMAL
PREMIUM_SUPERFAST,149.8,551.66,1390.91,-0.73,22.19,RED_STOP,2357.78,BROAD_GAUGE_NON_ELECTRIFIED,1238.07,NORMAL
FREIGHT_GOODS,52.85,385.9,1581.44,0.1,13.01,GREEN,2382.5,BROAD_GAUGE_NON_ELECTRIFIED,171.4,NORMAL
SUPERFAST_EXPRESS,75.9,698.78,2302.51,2.29,10.39,GREEN,1664.3,BROAD_GAUGE_NON_ELECTRIFIED,330.56,NORMAL
FREIGHT_GOODS,41.34,523.05,2333.24,-2.97,17.12,DOUBLE_YELLOW,63.9,DOUBLE_LINE_AUTOMATIC,129.88,WARNING
PREMIUM_SUPERFAST,158.95,246.97,1893.27,-1.06,49.62,RED_STOP,929.54,BROAD_GAUGE_NON_ELECTRIFIED,1415.25,CRITICAL
PREMIUM_SUPERFAST,149.78,447.39,1642.04,2.26,20.79,RED_STOP,1307.2,BROAD_GAUGE_NON_ELECTRIFIED,1185.9,NORMAL
FREIGHT_GOODS,95.59,616.0,3457.16,1.04,53.66,DOUBLE_YELLOW,1272.99,BROAD_GAUGE_NON_ELECTRIFIED,507.08,NORMAL
PASSENGER_LOCAL,137.88,636.77,2945.48,-1.47,36.88,YELLOW,1528.18,BROAD_GAUGE_ELECTRIFIED,1105.4,NORMAL
FREIGHT_GOODS,92.93,472.03,1748.44,2.42,20.68,GREEN,2403.35,DOUBLE_LINE_AUTOMATIC,481.05,NORMAL
SUPERFAST_EXPRESS,107.3,692.11,2654.61,-0.05,32.37,RED_STOP,2218.72,BROAD_GAUGE_ELECTRIFIED,631.4,NORMAL
PASSENGER_LOCAL,32.48,347.22,1235.64,-0.01,19.86,RED_STOP,316.82,DOUBLE_LINE_AUTOMATIC,73.46,NORMAL
PREMIUM_SUPERFAST,125.74,425.83,710.52,3.34,54.28,YELLOW,701.65,BROAD_GAUGE_NON_ELECTRIFIED,849.76,WARNING
SUPERFAST_EXPRESS,37.88,694.23,1492.54,3.13,48.13,YELLOW,2091.12,DOUBLE_LINE_AUTOMATIC,95.5,NORMAL
SUPERFAST_EXPRESS,135.65,692.94,1649.22,-0.99,11.18,YELLOW,2069.55,DOUBLE_LINE_AUTOMATIC,1040.13,NORMAL
PREMIUM_SUPERFAST,129.48,577.14,451.27,-2.52,52.65,GREEN,724.66,DOUBLE_LINE_AUTOMATIC,1049.33,NORMAL
PASSENGER_LOCAL,119.22,672.44,2925.86,-1.22,42.45,DOUBLE_YELLOW,1839.94,DOUBLE_LINE_AUTOMATIC,824.89,NORMAL
PREMIUM_SUPERFAST,25.06,248.83,1513.5,-3.29,13.71,RED_STOP,1696.49,BROAD_GAUGE_ELECTRIFIED,55.53,NORMAL
SUPERFAST_EXPRESS,62.44,675.75,2199.3,-3.35,40.18,GREEN,1210.13,DOUBLE_LINE_AUTOMATIC,281.24,NORMAL
SUPERFAST_EXPRESS,56.84,376.34,629.29,-0.73,39.11,YELLOW,543.56,BROAD_GAUGE_ELECTRIFIED,202.71,NORMAL
SUPERFAST_EXPRESS,70.42,298.08,942.49,3.09,19.85,RED_STOP,2227.18,BROAD_GAUGE_ELECTRIFIED,288.04,NORMAL
PREMIUM_SUPERFAST,32.27,331.65,3158.05,2.6,44.13,RED_STOP,1710.74,BROAD_GAUGE_NON_ELECTRIFIED,72.63,NORMAL
FREIGHT_GOODS,151.17,429.88,2286.93,0.08,13.92,GREEN,464.03,DOUBLE_LINE_AUTOMATIC,1207.1,NORMAL
SUPERFAST_EXPRESS,97.53,338.16,3345.88,0.46,32.03,YELLOW,1776.77,BROAD_GAUGE_NON_ELECTRIFIED,526.48,NORMAL
SUPERFAST_EXPRESS,62.77,376.31,3496.13,-3.46,10.45,YELLOW,1866.51,DOUBLE_LINE_AUTOMATIC,286.03,NORMAL
PASSENGER_LOCAL,75.58,274.24,1552.77,-1.99,53.59,DOUBLE_YELLOW,2222.86,BROAD_GAUGE_ELECTRIFIED,367.1,NORMAL
FREIGHT_GOODS,82.61,362.9,1326.29,-3.33,43.82,YELLOW,595.96,BROAD_GAUGE_ELECTRIFIED,472.85,NORMAL
PASSENGER_LOCAL,104.08,514.76,3060.9,1.78,17.15,GREEN,2472.45,BROAD_GAUGE_ELECTRIFIED,594.72,NORMAL
SUPERFAST_EXPRESS,92.2,443.02,3495.7,-2.48,25.38,DOUBLE_YELLOW,425.81,DOUBLE_LINE_AUTOMATIC,549.14,WARNING
FREIGHT_GOODS,148.71,390.7,2351.89,2.58,17.23,DOUBLE_YELLOW,1521.69,DOUBLE_LINE_AUTOMATIC,1169.83,NORMAL
PASSENGER_LOCAL,89.57,610.55,2864.94,1.0,44.5,DOUBLE_YELLOW,1660.08,DOUBLE_LINE_AUTOMATIC,449.15,NORMAL
PREMIUM_SUPERFAST,158.9,691.43,2823.41,-1.89,12.65,DOUBLE_YELLOW,1076.43,DOUBLE_LINE_AUTOMATIC,1491.54,WARNING
PASSENGER_LOCAL,139.2,616.23,1501.55,-2.4,47.82,DOUBLE_YELLOW,1213.84,DOUBLE_LINE_AUTOMATIC,1195.68,WARNING
FREIGHT_GOODS,49.19,382.6,2180.24,0.89,52.4,GREEN,2232.73,BROAD_GAUGE_NON_ELECTRIFIED,150.86,NORMAL
PASSENGER_LOCAL,150.28,609.44,2982.48,2.81,40.45,RED_STOP,1630.92,DOUBLE_LINE_AUTOMATIC,1193.54,NORMAL
FREIGHT_GOODS,36.29,283.59,2533.15,1.53,19.58,YELLOW,1267.65,BROAD_GAUGE_NON_ELECTRIFIED,88.72,NORMAL
FREIGHT_GOODS,134.44,271.67,465.61,-1.06,26.2,RED_STOP,364.46,DOUBLE_LINE_AUTOMATIC,1026.89,CRITICAL
PASSENGER_LOCAL,73.29,390.09,1443.79,0.61,31.48,RED_STOP,67.98,DOUBLE_LINE_AUTOMATIC,309.91,CRITICAL
PASSENGER_LOCAL,142.92,644.24,847.87,-1.32,37.21,YELLOW,356.17,DOUBLE_LINE_AUTOMATIC,1173.17,WARNING
PREMIUM_SUPERFAST,141.53,335.49,1122.21,3.49,40.09,YELLOW,2392.65,DOUBLE_LINE_AUTOMATIC,1064.24,NORMAL
PASSENGER_LOCAL,132.83,234.79,3207.02,1.74,34.94,RED_STOP,1922.01,BROAD_GAUGE_ELECTRIFIED,943.12,NORMAL
FREIGHT_GOODS,130.6,272.44,514.37,0.8,25.81,YELLOW,2419.44,BROAD_GAUGE_ELECTRIFIED,913.3,NORMAL
SUPERFAST_EXPRESS,62.66,672.31,1081.38,-0.54,50.09,DOUBLE_YELLOW,137.49,BROAD_GAUGE_NON_ELECTRIFIED,239.4,WARNING
PASSENGER_LOCAL,31.33,548.58,1359.66,0.83,13.66,YELLOW,1716.54,BROAD_GAUGE_NON_ELECTRIFIED,69.09,NORMAL
PASSENGER_LOCAL,76.42,339.26,2312.34,-1.11,30.98,YELLOW,158.52,DOUBLE_LINE_AUTOMATIC,355.65,WARNING
FREIGHT_GOODS,44.29,505.41,2055.72,-3.3,44.9,DOUBLE_YELLOW,1966.04,DOUBLE_LINE_AUTOMATIC,149.94,NORMAL
SUPERFAST_EXPRESS,117.29,490.17,1076.64,-0.73,12.74,DOUBLE_YELLOW,983.33,DOUBLE_LINE_AUTOMATIC,776.84,NORMAL
PREMIUM_SUPERFAST,68.45,560.49,909.15,3.01,41.74,DOUBLE_YELLOW,284.63,DOUBLE_LINE_AUTOMATIC,273.52,WARNING
SUPERFAST_EXPRESS,156.59,328.25,1134.07,0.88,46.89,YELLOW,1441.71,BROAD_GAUGE_ELECTRIFIED,1291.18,WARNING
FREIGHT_GOODS,109.74,675.42,1957.84,-2.91,39.74,DOUBLE_YELLOW,736.29,BROAD_GAUGE_NON_ELECTRIFIED,786.16,WARNING
FREIGHT_GOODS,135.15,370.15,1240.65,2.69,10.58,DOUBLE_YELLOW,1665.96,BROAD_GAUGE_NON_ELECTRIFIED,974.68,NORMAL
FREIGHT_GOODS,38.55,581.77,3337.57,-1.62,18.11,GREEN,1662.53,BROAD_GAUGE_NON_ELECTRIFIED,106.52,NORMAL
FREIGHT_GOODS,140.68,208.87,1837.98,-1.79,25.4,GREEN,1777.27,BROAD_GAUGE_ELECTRIFIED,1172.65,NORMAL
SUPERFAST_EXPRESS,149.19,404.96,582.27,-1.42,20.52,YELLOW,2481.54,DOUBLE_LINE_AUTOMATIC,1281.49,NORMAL
SUPERFAST_EXPRESS,88.19,393.44,2660.73,0.54,53.32,DOUBLE_YELLOW,997.41,BROAD_GAUGE_ELECTRIFIED,436.3,NORMAL
SUPERFAST_EXPRESS,104.88,498.92,1419.42,0.31,39.32,YELLOW,1190.02,BROAD_GAUGE_ELECTRIFIED,603.25,NORMAL
PASSENGER_LOCAL,127.07,240.0,2425.82,-0.06,23.36,GREEN,2021.3,BROAD_GAUGE_NON_ELECTRIFIED,869.91,NORMAL
FREIGHT_GOODS,44.48,634.57,1266.74,1.52,51.84,GREEN,1467.01,BROAD_GAUGE_ELECTRIFIED,126.29,NORMAL
PASSENGER_LOCAL,90.36,319.78,2169.31,-1.28,43.33,DOUBLE_YELLOW,141.28,BROAD_GAUGE_NON_ELECTRIFIED,490.86,WARNING
PASSENGER_LOCAL,75.81,572.37,2793.67,1.97,22.81,YELLOW,2115.54,BROAD_GAUGE_ELECTRIFIED,329.83,NORMAL
PASSENGER_LOCAL,40.49,641.77,3276.83,-2.27,27.05,GREEN,176.17,BROAD_GAUGE_NON_ELECTRIFIED,120.28,NORMAL
PREMIUM_SUPERFAST,71.45,509.03,1209.49,1.98,18.97,RED_STOP,468.51,BROAD_GAUGE_NON_ELECTRIFIED,295.85,NORMAL
PASSENGER_LOCAL,29.54,607.49,1438.06,1.15,53.7,DOUBLE_YELLOW,300.1,DOUBLE_LINE_AUTOMATIC,62.61,NORMAL
FREIGHT_GOODS,23.61,564.02,1839.23,1.28,33.28,YELLOW,240.92,BROAD_GAUGE_NON_ELECTRIFIED,43.29,NORMAL
PASSENGER_LOCAL,38.92,395.54,3274.24,-0.13,50.32,RED_STOP,112.93,BROAD_GAUGE_ELECTRIFIED,100.69,NORMAL
FREIGHT_GOODS,154.84,644.87,3194.3,1.17,25.59,DOUBLE_YELLOW,184.82,BROAD_GAUGE_NON_ELECTRIFIED,1263.69,WARNING
PREMIUM_SUPERFAST,96.93,362.09,678.62,-2.94,48.74,DOUBLE_YELLOW,1133.98,BROAD_GAUGE_ELECTRIFIED,622.52,NORMAL
SUPERFAST_EXPRESS,155.22,514.17,808.98,2.46,12.42,GREEN,669.49,BROAD_GAUGE_NON_ELECTRIFIED,1269.62,NORMAL
FREIGHT_GOODS,80.55,609.97,1936.08,-3.11,54.19,YELLOW,360.02,DOUBLE_LINE_AUTOMATIC,444.36,WARNING
PASSENGER_LOCAL,63.65,408.43,730.52,-2.46,51.04,GREEN,1663.83,DOUBLE_LINE_AUTOMATIC,275.09,NORMAL
FREIGHT_GOODS,90.86,366.52,1471.3,0.54,26.34,RED_STOP,603.97,BROAD_GAUGE_ELECTRIFIED,461.22,NORMAL
PASSENGER_LOCAL,81.53,452.64,859.99,1.68,44.86,RED_STOP,96.43,BROAD_GAUGE_NON_ELECTRIFIED,377.19,CRITICAL
SUPERFAST_EXPRESS,34.79,649.88,2371.73,-2.97,43.85,RED_STOP,1075.13,BROAD_GAUGE_ELECTRIFIED,95.83,NORMAL
FREIGHT_GOODS,109.72,711.46,3343.44,2.95,50.56,RED_STOP,810.56,DOUBLE_LINE_AUTOMATIC,656.71,NORMAL
PASSENGER_LOCAL,50.25,499.8,3489.87,3.32,23.83,RED_STOP,830.58,BROAD_GAUGE_ELECTRIFIED,156.64,NORMAL
FREIGHT_GOODS,106.74,563.81,1563.25,0.74,30.95,YELLOW,1140.91,BROAD_GAUGE_ELECTRIFIED,623.6,NORMAL
SUPERFAST_EXPRESS,111.03,696.8,2256.94,-0.13,48.92,YELLOW,1688.84,BROAD_GAUGE_NON_ELECTRIFIED,676.51,NORMAL
SUPERFAST_EXPRESS,41.28,254.2,3054.43,1.69,45.04,DOUBLE_YELLOW,1560.37,DOUBLE_LINE_AUTOMATIC,110.86,NORMAL
SUPERFAST_EXPRESS,28.59,327.64,764.13,-1.2,27.71,DOUBLE_YELLOW,2346.29,DOUBLE_LINE_AUTOMATIC,62.47,NORMAL
FREIGHT_GOODS,129.31,589.9,2537.65,-0.05,48.06,YELLOW,1318.41,BROAD_GAUGE_NON_ELECTRIFIED,898.52,NORMAL
FREIGHT_GOODS,84.37,653.06,1667.42,2.91,12.11,DOUBLE_YELLOW,1207.8,BROAD_GAUGE_NON_ELECTRIFIED,401.89,NORMAL
PASSENGER_LOCAL,28.14,671.37,1039.05,3.19,45.19,GREEN,572.87,BROAD_GAUGE_NON_ELECTRIFIED,57.74,NORMAL
SUPERFAST_EXPRESS,159.28,428.31,1648.54,2.99,19.3,YELLOW,1900.68,DOUBLE_LINE_AUTOMATIC,1334.11,NORMAL
PASSENGER_LOCAL,28.09,249.14,635.48,-1.66,22.88,GREEN,394.9,DOUBLE_LINE_AUTOMATIC,61.97,NORMAL
FREIGHT_GOODS,117.3,440.78,2555.76,-1.87,32.19,RED_STOP,1253.28,BROAD_GAUGE_NON_ELECTRIFIED,833.03,NORMAL
PREMIUM_SUPERFAST,157.72,326.9,1183.5,-1.42,30.24,RED_STOP,1082.24,BROAD_GAUGE_ELECTRIFIED,1425.58,CRITICAL
SUPERFAST_EXPRESS,53.49,360.16,1365.36,-0.41,33.43,DOUBLE_YELLOW,1662.84,DOUBLE_LINE_AUTOMATIC,178.73,NORMAL
PASSENGER_LOCAL,39.91,624.75,775.35,-1.3,34.51,YELLOW,2298.17,BROAD_GAUGE_NON_ELECTRIFIED,111.35,NORMAL
SUPERFAST_EXPRESS,36.99,241.54,3080.44,-0.88,24.92,RED_STOP,2369.16,BROAD_GAUGE_NON_ELECTRIFIED,95.53,NORMAL
PASSENGER_LOCAL,62.46,655.17,1929.68,0.84,17.89,DOUBLE_YELLOW,461.11,BROAD_GAUGE_ELECTRIFIED,231.5,NORMAL
PASSENGER_LOCAL,34.15,435.22,2173.66,1.84,44.58,GREEN,691.45,BROAD_GAUGE_NON_ELECTRIFIED,79.94,NORMAL
PREMIUM_SUPERFAST,116.9,527.84,2165.24,1.65,28.0,YELLOW,2038.51,BROAD_GAUGE_ELECTRIFIED,740.24,NORMAL
FREIGHT_GOODS,28.72,249.31,1672.53,2.2,32.76,DOUBLE_YELLOW,1319.79,BROAD_GAUGE_ELECTRIFIED,59.73,NORMAL
SUPERFAST_EXPRESS,91.32,385.55,996.84,-3.27,39.01,RED_STOP,1159.93,DOUBLE_LINE_AUTOMATIC,569.07,NORMAL
FREIGHT_GOODS,159.54,249.34,2709.91,-3.17,50.93,GREEN,1791.03,BROAD_GAUGE_NON_ELECTRIFIED,1641.01,WARNING
PASSENGER_LOCAL,133.96,728.85,793.87,2.03,41.84,GREEN,1524.72,DOUBLE_LINE_AUTOMATIC,958.39,NORMAL
FREIGHT_GOODS,106.13,643.99,722.01,0.23,12.05,DOUBLE_YELLOW,2428.25,DOUBLE_LINE_AUTOMATIC,616.9,NORMAL
PREMIUM_SUPERFAST,62.88,452.8,2601.45,0.55,47.74,YELLOW,1480.74,DOUBLE_LINE_AUTOMATIC,234.31,NORMAL
FREIGHT_GOODS,107.35,322.98,1047.39,-3.13,54.52,DOUBLE_YELLOW,1191.64,BROAD_GAUGE_NON_ELECTRIFIED,765.5,NORMAL
PASSENGER_LOCAL,93.79,713.4,1351.0,-1.71,31.26,RED_STOP,1379.9,BROAD_GAUGE_NON_ELECTRIFIED,540.16,NORMAL
PASSENGER_LOCAL,79.65,389.53,1873.21,0.97,53.63,YELLOW,2030.92,BROAD_GAUGE_NON_ELECTRIFIED,361.27,NORMAL
PREMIUM_SUPERFAST,38.3,288.54,1792.99,2.51,34.63,RED_STOP,1551.05,DOUBLE_LINE_AUTOMATIC,97.34,NORMAL
SUPERFAST_EXPRESS,144.12,509.74,2596.6,2.92,30.68,GREEN,1635.27,BROAD_GAUGE_ELECTRIFIED,1101.82,NORMAL
PREMIUM_SUPERFAST,82.97,719.08,2332.64,0.0,24.91,GREEN,2430.03,DOUBLE_LINE_AUTOMATIC,389.6,NORMAL
SUPERFAST_EXPRESS,47.25,202.11,2397.63,0.32,39.59,RED_STOP,1565.07,BROAD_GAUGE_ELECTRIFIED,140.46,NORMAL
PASSENGER_LOCAL,71.49,330.97,2613.57,2.33,20.34,RED_STOP,981.7,BROAD_GAUGE_NON_ELECTRIFIED,296.09,NORMAL
FREIGHT_GOODS,77.98,716.15,1307.1,0.26,14.72,GREEN,1743.75,BROAD_GAUGE_NON_ELECTRIFIED,347.39,NORMAL
PASSENGER_LOCAL,135.86,294.1,1399.23,0.12,11.23,DOUBLE_YELLOW,1665.68,DOUBLE_LINE_AUTOMATIC,984.42,NORMAL
PREMIUM_SUPERFAST,122.71,262.28,1757.79,2.84,23.16,DOUBLE_YELLOW,83.93,BROAD_GAUGE_ELECTRIFIED,811.33,WARNING
PREMIUM_SUPERFAST,127.7,513.6,1353.13,2.03,27.81,DOUBLE_YELLOW,1194.96,BROAD_GAUGE_NON_ELECTRIFIED,875.14,NORMAL
FREIGHT_GOODS,21.54,674.01,3453.31,2.86,34.84,RED_STOP,1870.11,BROAD_GAUGE_NON_ELECTRIFIED,37.35,NORMAL
PREMIUM_SUPERFAST,78.26,462.41,2923.56,-1.97,23.17,RED_STOP,1272.65,DOUBLE_LINE_AUTOMATIC,391.25,NORMAL
PASSENGER_LOCAL,87.39,747.01,910.43,0.17,54.28,GREEN,1960.07,DOUBLE_LINE_AUTOMATIC,428.97,NORMAL
FREIGHT_GOODS,22.69,573.54,417.34,2.4,23.13,YELLOW,1154.67,DOUBLE_LINE_AUTOMATIC,40.58,NORMAL
SUPERFAST_EXPRESS,56.37,240.74,532.63,-2.72,29.84,DOUBLE_YELLOW,2459.14,BROAD_GAUGE_ELECTRIFIED,223.83,NORMAL
PREMIUM_SUPERFAST,126.44,746.06,1156.6,2.06,14.65,DOUBLE_YELLOW,767.58,BROAD_GAUGE_ELECTRIFIED,858.79,WARNING
SUPERFAST_EXPRESS,39.2,424.34,754.3,-2.22,21.73,DOUBLE_YELLOW,275.7,BROAD_GAUGE_NON_ELECTRIFIED,113.24,NORMAL
FREIGHT_GOODS,94.94,358.07,2053.35,2.16,12.17,GREEN,1103.53,DOUBLE_LINE_AUTOMATIC,500.65,NORMAL
PREMIUM_SUPERFAST,50.13,506.83,3059.79,0.78,35.18,YELLOW,1377.19,BROAD_GAUGE_NON_ELECTRIFIED,155.99,NORMAL
FREIGHT_GOODS,21.7,367.37,2683.93,-2.15,43.8,YELLOW,905.28,BROAD_GAUGE_ELECTRIFIED,41.29,NORMAL
PREMIUM_SUPERFAST,53.77,247.55,1068.39,-0.19,18.81,YELLOW,643.59,BROAD_GAUGE_NON_ELECTRIFIED,178.4,NORMAL
PREMIUM_SUPERFAST,156.62,200.79,1637.83,1.27,26.56,DOUBLE_YELLOW,1696.54,BROAD_GAUGE_NON_ELECTRIFIED,1291.76,NORMAL
PREMIUM_SUPERFAST,132.22,447.27,1974.47,0.94,10.75,RED_STOP,973.96,DOUBLE_LINE_AUTOMATIC,934.84,NORMAL
FREIGHT_GOODS,154.34,660.27,2911.64,-0.51,47.78,DOUBLE_YELLOW,1596.85,BROAD_GAUGE_NON_ELECTRIFIED,1293.73,NORMAL
FREIGHT_GOODS,88.3,514.77,3001.28,2.8,45.1,YELLOW,1958.73,DOUBLE_LINE_AUTOMATIC,437.32,NORMAL
PASSENGER_LOCAL,35.36,749.56,3220.13,0.13,12.85,GREEN,1914.46,BROAD_GAUGE_NON_ELECTRIFIED,84.87,NORMAL
PASSENGER_LOCAL,96.71,357.77,1978.66,0.04,26.42,YELLOW,969.51,BROAD_GAUGE_NON_ELECTRIFIED,518.25,NORMAL
FREIGHT_GOODS,83.61,354.25,2552.25,-3.06,52.99,DOUBLE_YELLOW,1441.35,BROAD_GAUGE_ELECTRIFIED,475.08,NORMAL
FREIGHT_GOODS,138.21,287.86,746.58,2.95,27.64,RED_STOP,1151.66,BROAD_GAUGE_ELECTRIFIED,1017.18,NORMAL
PREMIUM_SUPERFAST,33.73,290.23,2152.4,-2.26,33.68,YELLOW,2183.47,BROAD_GAUGE_NON_ELECTRIFIED,87.32,NORMAL
PASSENGER_LOCAL,88.35,356.85,1170.94,0.2,25.99,RED_STOP,2202.96,BROAD_GAUGE_NON_ELECTRIFIED,437.82,NORMAL
PASSENGER_LOCAL,41.01,636.06,1738.32,2.12,36.83,YELLOW,892.17,DOUBLE_LINE_AUTOMATIC,109.57,NORMAL
FREIGHT_GOODS,65.45,698.17,2365.56,-1.99,54.02,RED_STOP,274.76,BROAD_GAUGE_ELECTRIFIED,281.44,CRITICAL
PASSENGER_LOCAL,123.23,736.3,1196.66,0.19,54.89,RED_STOP,460.58,BROAD_GAUGE_ELECTRIFIED,817.91,CRITICAL
FREIGHT_GOODS,86.64,327.76,561.77,-1.82,44.86,YELLOW,949.15,BROAD_GAUGE_NON_ELECTRIFIED,468.52,NORMAL
PASSENGER_LOCAL,72.62,684.71,431.72,1.82,28.19,GREEN,1432.41,DOUBLE_LINE_AUTOMATIC,304.79,NORMAL
SUPERFAST_EXPRESS,75.23,380.54,468.69,0.45,32.25,DOUBLE_YELLOW,1659.13,BROAD_GAUGE_ELECTRIFIED,325.15,NORMAL
SUPERFAST_EXPRESS,84.32,262.06,425.88,2.49,26.05,DOUBLE_YELLOW,861.86,BROAD_GAUGE_NON_ELECTRIFIED,401.45,NORMAL
PASSENGER_LOCAL,129.9,678.51,742.1,2.76,54.35,YELLOW,1685.37,BROAD_GAUGE_NON_ELECTRIFIED,903.99,NORMAL
FREIGHT_GOODS,144.89,549.86,1142.42,1.04,41.85,RED_STOP,2347.46,BROAD_GAUGE_NON_ELECTRIFIED,1113.04,NORMAL
SUPERFAST_EXPRESS,153.75,290.6,1085.79,1.58,30.2,DOUBLE_YELLOW,1647.43,BROAD_GAUGE_NON_ELECTRIFIED,1246.72,NORMAL
PREMIUM_SUPERFAST,130.17,436.41,3459.07,0.34,10.55,RED_STOP,438.48,BROAD_GAUGE_NON_ELECTRIFIED,907.49,CRITICAL
FREIGHT_GOODS,64.16,357.99,1348.62,-0.81,33.42,GREEN,1470.19,BROAD_GAUGE_ELECTRIFIED,253.63,NORMAL
SUPERFAST_EXPRESS,116.34,605.24,795.0,1.04,54.28,YELLOW,1377.64,BROAD_GAUGE_ELECTRIFIED,733.51,NORMAL
PREMIUM_SUPERFAST,81.26,449.38,2091.24,2.86,33.54,GREEN,2183.22,DOUBLE_LINE_AUTOMATIC,374.91,NORMAL
SUPERFAST_EXPRESS,55.65,744.1,3059.67,-0.58,18.21,RED_STOP,908.24,BROAD_GAUGE_NON_ELECTRIFIED,193.67,NORMAL
SUPERFAST_EXPRESS,137.72,230.11,2501.99,-1.3,10.99,RED_STOP,1086.22,DOUBLE_LINE_AUTOMATIC,1091.18,CRITICAL
PREMIUM_SUPERFAST,25.38,395.26,1317.85,-0.78,25.96,YELLOW,1516.71,BROAD_GAUGE_NON_ELECTRIFIED,50.28,NORMAL
PREMIUM_SUPERFAST,146.25,465.05,2141.01,-0.45,51.32,RED_STOP,1334.84,BROAD_GAUGE_NON_ELECTRIFIED,1163.01,WARNING
PASSENGER_LOCAL,84.61,476.72,2616.05,-2.99,54.84,YELLOW,1811.59,BROAD_GAUGE_NON_ELECTRIFIED,483.14,NORMAL
SUPERFAST_EXPRESS,109.21,373.76,2657.12,-0.01,52.54,YELLOW,148.95,DOUBLE_LINE_AUTOMATIC,651.39,WARNING
PREMIUM_SUPERFAST,112.31,601.08,2466.27,-0.04,42.82,GREEN,1430.61,BROAD_GAUGE_NON_ELECTRIFIED,687.8,NORMAL
PASSENGER_LOCAL,145.32,681.11,3099.51,0.62,35.12,DOUBLE_YELLOW,348.1,DOUBLE_LINE_AUTOMATIC,1119.28,WARNING
PREMIUM_SUPERFAST,109.13,716.3,3097.33,-0.96,36.58,DOUBLE_YELLOW,822.26,BROAD_GAUGE_ELECTRIFIED,686.83,WARNING
PASSENGER_LOCAL,105.95,642.8,2194.7,0.79,34.25,RED_STOP,1670.99,BROAD_GAUGE_NON_ELECTRIFIED,614.93,NORMAL
PASSENGER_LOCAL,29.33,667.82,1732.55,2.65,41.82,DOUBLE_YELLOW,435.66,DOUBLE_LINE_AUTOMATIC,61.86,NORMAL
PREMIUM_SUPERFAST,92.58,502.8,2388.87,3.19,28.85,RED_STOP,806.66,BROAD_GAUGE_ELECTRIFIED,477.61,NORMAL
PREMIUM_SUPERFAST,41.02,654.24,2936.46,0.59,40.11,DOUBLE_YELLOW,1772.37,BROAD_GAUGE_NON_ELECTRIFIED,109.65,NORMAL
SUPERFAST_EXPRESS,123.24,366.93,417.52,-3.2,15.47,GREEN,1644.47,BROAD_GAUGE_ELECTRIFIED,1001.29,NORMAL
SUPERFAST_EXPRESS,91.71,419.16,3475.19,3.28,21.96,DOUBLE_YELLOW,273.05,BROAD_GAUGE_NON_ELECTRIFIED,469.31,WARNING
PASSENGER_LOCAL,115.23,374.3,966.97,1.44,47.62,RED_STOP,1464.31,DOUBLE_LINE_AUTOMATIC,720.38,NORMAL
PREMIUM_SUPERFAST,25.83,457.06,1857.77,-1.15,50.67,RED_STOP,410.77,BROAD_GAUGE_NON_ELECTRIFIED,52.61,NORMAL
SUPERFAST_EXPRESS,31.87,357.07,3103.29,-2.47,34.26,DOUBLE_YELLOW,668.06,BROAD_GAUGE_NON_ELECTRIFIED,80.06,NORMAL
PASSENGER_LOCAL,120.29,728.89,1097.63,-2.5,11.42,YELLOW,1175.07,DOUBLE_LINE_AUTOMATIC,910.25,NORMAL
SUPERFAST_EXPRESS,30.09,372.06,1878.07,-2.33,51.71,GREEN,317.9,DOUBLE_LINE_AUTOMATIC,71.99,NORMAL
PASSENGER_LOCAL,29.98,253.92,811.0,-3.18,41.59,YELLOW,2484.44,DOUBLE_LINE_AUTOMATIC,74.9,NORMAL
SUPERFAST_EXPRESS,21.7,489.75,1624.74,2.82,28.63,DOUBLE_YELLOW,455.16,BROAD_GAUGE_NON_ELECTRIFIED,37.76,NORMAL
PREMIUM_SUPERFAST,153.91,231.4,949.12,0.29,36.93,YELLOW,1964.22,BROAD_GAUGE_ELECTRIFIED,1249.26,NORMAL
FREIGHT_GOODS,123.25,260.8,1527.25,1.4,29.34,DOUBLE_YELLOW,2083.11,DOUBLE_LINE_AUTOMATIC,818.17,NORMAL
FREIGHT_GOODS,69.46,320.66,1557.74,2.3,30.94,RED_STOP,2486.44,BROAD_GAUGE_ELECTRIFIED,280.87,NORMAL
PASSENGER_LOCAL,61.51,455.39,3478.83,2.04,49.91,YELLOW,1100.2,DOUBLE_LINE_AUTOMATIC,225.21,NORMAL
FREIGHT_GOODS,68.96,438.29,3483.92,2.68,17.25,GREEN,2191.53,DOUBLE_LINE_AUTOMATIC,277.21,NORMAL
FREIGHT_GOODS,128.45,639.83,755.84,3.27,14.67,YELLOW,2395.97,BROAD_GAUGE_NON_ELECTRIFIED,884.91,NORMAL
PASSENGER_LOCAL,112.59,606.71,2650.5,-0.43,10.12,RED_STOP,473.59,DOUBLE_LINE_AUTOMATIC,706.28,CRITICAL
FREIGHT_GOODS,45.93,434.48,560.41,3.15,24.13,RED_STOP,1224.62,BROAD_GAUGE_ELECTRIFIED,133.62,NORMAL
SUPERFAST_EXPRESS,44.38,383.54,493.6,1.56,16.63,RED_STOP,197.03,BROAD_GAUGE_NON_ELECTRIFIED,125.78,NORMAL
SUPERFAST_EXPRESS,33.78,374.06,726.54,-3.01,19.9,YELLOW,1570.77,DOUBLE_LINE_AUTOMATIC,91.19,NORMAL
SUPERFAST_EXPRESS,112.44,625.7,3393.01,1.27,10.51,RED_STOP,1474.45,BROAD_GAUGE_ELECTRIFIED,687.81,NORMAL
PREMIUM_SUPERFAST,127.01,228.64,3316.68,1.31,20.22,RED_STOP,550.11,BROAD_GAUGE_NON_ELECTRIFIED,866.18,CRITICAL
SUPERFAST_EXPRESS,57.11,207.05,1001.18,2.84,24.97,YELLOW,2004.86,BROAD_GAUGE_ELECTRIFIED,196.93,NORMAL
FREIGHT_GOODS,22.93,637.55,901.18,-0.89,11.42,YELLOW,141.31,BROAD_GAUGE_NON_ELECTRIFIED,42.78,NORMAL
FREIGHT_GOODS,31.5,462.43,1145.66,0.59,37.36,DOUBLE_YELLOW,2025.26,BROAD_GAUGE_NON_ELECTRIFIED,69.74,NORMAL
SUPERFAST_EXPRESS,155.5,271.98,1998.2,-3.41,35.6,YELLOW,115.28,BROAD_GAUGE_NON_ELECTRIFIED,1590.48,WARNING
PREMIUM_SUPERFAST,61.36,329.56,2166.08,-1.18,14.37,RED_STOP,1659.23,DOUBLE_LINE_AUTOMATIC,238.6,NORMAL
SUPERFAST_EXPRESS,127.69,712.88,1086.94,-3.06,36.78,GREEN,242.99,BROAD_GAUGE_NON_ELECTRIFIED,1061.26,NORMAL
PREMIUM_SUPERFAST,107.45,672.73,2745.53,0.15,54.94,RED_STOP,665.5,DOUBLE_LINE_AUTOMATIC,631.44,NORMAL
PREMIUM_SUPERFAST,73.47,590.38,1359.61,2.22,52.5,RED_STOP,1818.69,DOUBLE_LINE_AUTOMATIC,311.35,NORMAL
SUPERFAST_EXPRESS,48.8,465.22,3258.61,-2.05,10.12,RED_STOP,736.99,DOUBLE_LINE_AUTOMATIC,165.63,NORMAL
PREMIUM_SUPERFAST,36.99,486.18,2435.84,0.19,45.79,YELLOW,1302.38,DOUBLE_LINE_AUTOMATIC,91.69,NORMAL
FREIGHT_GOODS,106.1,736.38,1752.69,-2.07,25.91,GREEN,2292.36,BROAD_GAUGE_NON_ELECTRIFIED,697.34,NORMAL
SUPERFAST_EXPRESS,128.45,731.17,2848.73,-2.66,12.86,RED_STOP,171.6,DOUBLE_LINE_AUTOMATIC,1043.19,CRITICAL
FREIGHT_GOODS,110.15,318.4,2935.54,0.08,23.32,YELLOW,2037.15,BROAD_GAUGE_ELECTRIFIED,661.57,NORMAL
PREMIUM_SUPERFAST,94.24,646.11,1300.49,-2.95,24.48,DOUBLE_YELLOW,209.92,BROAD_GAUGE_ELECTRIFIED,590.42,WARNING
PASSENGER_LOCAL,25.87,308.48,1453.12,0.61,33.55,GREEN,360.65,BROAD_GAUGE_NON_ELECTRIFIED,50.25,NORMAL
SUPERFAST_EXPRESS,155.59,317.45,3301.46,-3.28,39.75,GREEN,342.33,DOUBLE_LINE_AUTOMATIC,1576.58,NORMAL
PASSENGER_LOCAL,131.82,571.85,910.7,-2.75,43.71,YELLOW,2485.55,BROAD_GAUGE_ELECTRIFIED,1103.68,NORMAL
PASSENGER_LOCAL,61.0,422.75,530.67,0.35,21.07,DOUBLE_YELLOW,491.46,BROAD_GAUGE_ELECTRIFIED,221.78,NORMAL
PASSENGER_LOCAL,157.2,712.35,1807.57,0.64,24.48,RED_STOP,2247.07,DOUBLE_LINE_AUTOMATIC,1300.84,NORMAL
PASSENGER_LOCAL,104.26,248.96,2883.75,-3.3,23.88,DOUBLE_YELLOW,2477.78,DOUBLE_LINE_AUTOMATIC,732.73,NORMAL
FREIGHT_GOODS,101.54,481.34,2792.17,0.51,26.32,GREEN,990.27,BROAD_GAUGE_NON_ELECTRIFIED,567.73,NORMAL
SUPERFAST_EXPRESS,124.73,705.19,3250.54,2.37,54.98,YELLOW,1596.07,BROAD_GAUGE_ELECTRIFIED,836.89,NORMAL
FREIGHT_GOODS,133.65,697.26,2052.92,1.56,45.01,DOUBLE_YELLOW,1958.77,BROAD_GAUGE_NON_ELECTRIFIED,954.2,NORMAL
PREMIUM_SUPERFAST,111.91,286.09,710.2,-2.58,53.87,RED_STOP,1011.98,BROAD_GAUGE_ELECTRIFIED,797.85,NORMAL
SUPERFAST_EXPRESS,37.93,401.65,2224.94,0.65,41.19,DOUBLE_YELLOW,446.44,DOUBLE_LINE_AUTOMATIC,95.74,NORMAL
SUPERFAST_EXPRESS,67.36,540.52,2813.03,1.21,28.28,DOUBLE_YELLOW,1112.72,BROAD_GAUGE_ELECTRIFIED,265.58,NORMAL
FREIGHT_GOODS,149.93,287.67,689.32,-3.24,27.54,YELLOW,1941.12,BROAD_GAUGE_ELECTRIFIED,1463.4,NORMAL
PREMIUM_SUPERFAST,51.45,732.41,935.24,2.49,31.99,YELLOW,1962.87,BROAD_GAUGE_ELECTRIFIED,163.36,NORMAL
PASSENGER_LOCAL,72.1,703.11,438.1,2.84,28.76,GREEN,614.82,DOUBLE_LINE_AUTOMATIC,300.79,NORMAL
PREMIUM_SUPERFAST,80.49,291.82,2240.32,2.45,47.27,YELLOW,478.67,DOUBLE_LINE_AUTOMATIC,368.34,NORMAL
FREIGHT_GOODS,81.52,266.64,3148.88,2.27,30.93,DOUBLE_YELLOW,2305.37,BROAD_GAUGE_ELECTRIFIED,377.06,NORMAL
FREIGHT_GOODS,105.81,246.97,2479.06,1.71,23.3,RED_STOP,157.8,BROAD_GAUGE_ELECTRIFIED,613.41,CRITICAL
FREIGHT_GOODS,152.03,700.19,3444.32,0.93,44.87,GREEN,1850.11,DOUBLE_LINE_AUTOMATIC,1220.22,NORMAL
PASSENGER_LOCAL,53.7,306.49,595.4,1.25,48.45,YELLOW,163.73,DOUBLE_LINE_AUTOMATIC,176.34,WARNING
SUPERFAST_EXPRESS,37.01,428.96,3199.3,2.14,28.92,DOUBLE_YELLOW,2102.86,DOUBLE_LINE_AUTOMATIC,91.76,NORMAL
PREMIUM_SUPERFAST,47.65,446.87,2923.61,1.14,40.05,DOUBLE_YELLOW,2268.27,BROAD_GAUGE_ELECTRIFIED,142.57,NORMAL
PREMIUM_SUPERFAST,144.17,529.46,1374.15,-1.21,12.65,GREEN,778.68,BROAD_GAUGE_NON_ELECTRIFIED,1184.18,NORMAL
PASSENGER_LOCAL,110.41,239.45,3417.93,-0.87,33.83,GREEN,231.14,BROAD_GAUGE_NON_ELECTRIFIED,698.33,NORMAL
FREIGHT_GOODS,60.03,324.72,1292.61,2.78,12.02,YELLOW,1227.68,DOUBLE_LINE_AUTOMATIC,215.45,NORMAL
PREMIUM_SUPERFAST,134.23,712.32,3156.84,-3.38,11.31,YELLOW,781.23,BROAD_GAUGE_NON_ELECTRIFIED,1194.9,WARNING
SUPERFAST_EXPRESS,140.59,699.63,3130.32,1.39,37.58,RED_STOP,1071.98,BROAD_GAUGE_ELECTRIFIED,1050.86,NORMAL
PREMIUM_SUPERFAST,138.51,629.71,2748.74,3.18,23.65,GREEN,1679.21,BROAD_GAUGE_NON_ELECTRIFIED,1021.42,NORMAL
FREIGHT_GOODS,148.65,210.67,2146.76,1.44,43.41,GREEN,564.07,BROAD_GAUGE_NON_ELECTRIFIED,1168.85,NORMAL
PREMIUM_SUPERFAST,55.31,379.85,772.01,3.46,50.32,DOUBLE_YELLOW,924.53,BROAD_GAUGE_NON_ELECTRIFIED,185.96,NORMAL
FREIGHT_GOODS,125.71,545.38,2049.11,1.31,16.27,RED_STOP,1967.28,DOUBLE_LINE_AUTOMATIC,849.35,NORMAL
SUPERFAST_EXPRESS,84.48,351.35,1506.07,-3.26,42.6,YELLOW,1627.22,BROAD_GAUGE_ELECTRIFIED,490.85,NORMAL
PASSENGER_LOCAL,137.88,700.27,2855.87,2.29,33.15,RED_STOP,849.37,DOUBLE_LINE_AUTOMATIC,1012.55,CRITICAL
FREIGHT_GOODS,121.99,548.64,2750.2,-1.51,15.05,RED_STOP,1677.54,BROAD_GAUGE_NON_ELECTRIFIED,877.02,NORMAL
FREIGHT_GOODS,128.7,239.55,3222.9,-0.38,39.32,DOUBLE_YELLOW,1925.02,DOUBLE_LINE_AUTOMATIC,907.51,NORMAL
PREMIUM_SUPERFAST,111.86,699.95,445.97,-1.32,37.43,GREEN,1501.59,BROAD_GAUGE_ELECTRIFIED,735.19,NORMAL
PASSENGER_LOCAL,44.84,726.77,2908.22,-1.62,33.2,GREEN,636.77,BROAD_GAUGE_ELECTRIFIED,139.03,NORMAL
FREIGHT_GOODS,96.3,242.74,3309.23,-0.48,51.69,GREEN,50.6,BROAD_GAUGE_ELECTRIFIED,527.98,NORMAL
PREMIUM_SUPERFAST,157.85,492.8,2846.83,-0.85,33.45,YELLOW,2016.98,BROAD_GAUGE_ELECTRIFIED,1378.6,NORMAL
SUPERFAST_EXPRESS,151.23,366.85,803.6,0.93,54.57,GREEN,2065.45,BROAD_GAUGE_NON_ELECTRIFIED,1208.02,WARNING
PASSENGER_LOCAL,26.04,416.06,651.97,2.19,32.92,RED_STOP,1759.13,BROAD_GAUGE_NON_ELECTRIFIED,50.8,NORMAL
PREMIUM_SUPERFAST,43.07,298.81,464.62,-1.42,15.21,RED_STOP,237.62,BROAD_GAUGE_NON_ELECTRIFIED,128.11,NORMAL
PASSENGER_LOCAL,38.44,517.94,2349.11,-2.0,31.17,GREEN,1483.79,BROAD_GAUGE_NON_ELECTRIFIED,108.17,NORMAL
FREIGHT_GOODS,121.64,726.89,2351.99,1.17,18.2,RED_STOP,2061.5,BROAD_GAUGE_NON_ELECTRIFIED,797.99,NORMAL
PREMIUM_SUPERFAST,134.49,476.69,3459.43,1.19,36.87,YELLOW,1004.69,DOUBLE_LINE_AUTOMATIC,965.67,WARNING
SUPERFAST_EXPRESS,49.89,245.6,1633.93,2.81,41.19,GREEN,535.1,BROAD_GAUGE_ELECTRIFIED,154.69,NORMAL
SUPERFAST_EXPRESS,90.82,541.0,1428.91,-3.39,31.08,YELLOW,1489.69,BROAD_GAUGE_NON_ELECTRIFIED,567.71,NORMAL
PREMIUM_SUPERFAST,137.7,387.12,2335.72,2.47,14.4,GREEN,2074.45,BROAD_GAUGE_ELECTRIFIED,1010.02,NORMAL
PREMIUM_SUPERFAST,122.59,670.76,2959.39,0.15,31.09,YELLOW,169.73,BROAD_GAUGE_ELECTRIFIED,809.9,WARNING
PASSENGER_LOCAL,95.91,439.07,3304.0,0.85,13.67,YELLOW,1512.53,BROAD_GAUGE_NON_ELECTRIFIED,510.25,NORMAL
PREMIUM_SUPERFAST,102.65,306.06,2889.68,-2.86,40.7,YELLOW,1625.78,BROAD_GAUGE_NON_ELECTRIFIED,690.04,NORMAL
PASSENGER_LOCAL,91.17,305.11,1722.69,-0.47,45.57,RED_STOP,1525.8,BROAD_GAUGE_ELECTRIFIED,476.34,NORMAL
FREIGHT_GOODS,61.66,622.82,2368.23,-1.91,53.31,YELLOW,1642.58,BROAD_GAUGE_ELECTRIFIED,250.98,NORMAL
PREMIUM_SUPERFAST,99.1,346.07,3054.53,-1.72,16.7,DOUBLE_YELLOW,1596.87,BROAD_GAUGE_ELECTRIFIED,599.53,NORMAL
FREIGHT_GOODS,116.44,621.98,1920.89,0.03,33.96,YELLOW,369.49,DOUBLE_LINE_AUTOMATIC,734.76,WARNING
SUPERFAST_EXPRESS,142.27,313.24,1071.73,2.19,35.54,YELLOW,625.6,DOUBLE_LINE_AUTOMATIC,1074.85,WARNING
PASSENGER_LOCAL,109.08,376.93,926.14,1.71,51.51,YELLOW,1566.54,BROAD_GAUGE_ELECTRIFIED,649.57,NORMAL
PASSENGER_LOCAL,126.56,456.02,400.49,0.64,38.23,YELLOW,93.35,DOUBLE_LINE_AUTOMATIC,860.3,WARNING
SUPERFAST_EXPRESS,42.41,718.76,2626.54,0.28,16.55,GREEN,1605.12,BROAD_GAUGE_ELECTRIFIED,116.19,NORMAL
FREIGHT_GOODS,84.62,712.45,744.4,-0.51,29.64,RED_STOP,1680.2,BROAD_GAUGE_ELECTRIFIED,415.41,NORMAL
PASSENGER_LOCAL,21.31,313.78,1155.9,3.31,39.46,RED_STOP,635.98,BROAD_GAUGE_NON_ELECTRIFIED,36.69,NORMAL
SUPERFAST_EXPRESS,54.54,397.02,1323.42,0.42,41.51,RED_STOP,1515.43,BROAD_GAUGE_ELECTRIFIED,181.3,NORMAL
SUPERFAST_EXPRESS,121.7,282.17,2137.18,-1.72,48.84,GREEN,1358.52,BROAD_GAUGE_NON_ELECTRIFIED,884.99,NORMAL
SUPERFAST_EXPRESS,158.85,480.49,1633.67,-1.89,18.12,YELLOW,688.69,BROAD_GAUGE_NON_ELECTRIFIED,1490.2,WARNING
PREMIUM_SUPERFAST,33.88,453.32,2491.49,0.78,52.82,YELLOW,1184.29,BROAD_GAUGE_ELECTRIFIED,78.9,NORMAL
FREIGHT_GOODS,76.21,695.42,572.48,0.16,12.66,RED_STOP,2278.58,DOUBLE_LINE_AUTOMATIC,333.01,NORMAL
SUPERFAST_EXPRESS,132.01,711.5,784.21,-3.45,54.27,DOUBLE_YELLOW,1095.18,BROAD_GAUGE_ELECTRIFIED,1162.77,WARNING
FREIGHT_GOODS,48.56,410.96,1947.56,2.31,48.6,YELLOW,1593.12,BROAD_GAUGE_ELECTRIFIED,147.47,NORMAL
PASSENGER_LOCAL,97.71,470.46,1444.59,1.43,39.71,YELLOW,136.61,DOUBLE_LINE_AUTOMATIC,528.29,WARNING
PREMIUM_SUPERFAST,122.63,692.93,1317.02,1.13,43.07,YELLOW,240.61,BROAD_GAUGE_NON_ELECTRIFIED,810.38,WARNING
SUPERFAST_EXPRESS,106.24,643.69,607.79,-3.02,13.27,GREEN,249.2,DOUBLE_LINE_AUTOMATIC,744.63,NORMAL
SUPERFAST_EXPRESS,46.32,202.01,3176.73,-0.97,11.87,YELLOW,1956.69,BROAD_GAUGE_ELECTRIFIED,142.3,NORMAL
SUPERFAST_EXPRESS,69.75,376.03,2544.64,3.05,14.58,RED_STOP,908.13,BROAD_GAUGE_ELECTRIFIED,283.09,NORMAL
PASSENGER_LOCAL,129.73,431.98,777.02,2.54,13.93,YELLOW,607.65,DOUBLE_LINE_AUTOMATIC,901.73,WARNING
PREMIUM_SUPERFAST,97.59,326.34,601.64,-1.5,34.63,RED_STOP,1880.95,DOUBLE_LINE_AUTOMATIC,574.63,NORMAL
FREIGHT_GOODS,20.73,309.76,3422.1,-2.4,19.69,DOUBLE_YELLOW,466.4,DOUBLE_LINE_AUTOMATIC,38.78,NORMAL
FREIGHT_GOODS,126.54,220.78,2511.63,-0.36,48.71,GREEN,653.91,BROAD_GAUGE_NON_ELECTRIFIED,877.65,NORMAL
FREIGHT_GOODS,24.94,553.85,1694.11,-1.01,30.06,DOUBLE_YELLOW,1105.78,DOUBLE_LINE_AUTOMATIC,49.35,NORMAL
FREIGHT_GOODS,124.4,344.38,2575.37,1.28,41.3,YELLOW,862.02,BROAD_GAUGE_ELECTRIFIED,832.73,WARNING
FREIGHT_GOODS,48.35,228.79,2744.63,3.27,39.38,DOUBLE_YELLOW,1484.21,DOUBLE_LINE_AUTOMATIC,146.3,NORMAL
FREIGHT_GOODS,154.13,327.04,2817.88,-0.96,24.39,YELLOW,877.71,BROAD_GAUGE_ELECTRIFIED,1325.73,WARNING
FREIGHT_GOODS,71.51,641.05,1881.42,-3.06,20.94,RED_STOP,1012.73,BROAD_GAUGE_NON_ELECTRIFIED,354.71,NORMAL
PREMIUM_SUPERFAST,65.77,668.32,1732.64,2.78,25.41,YELLOW,2164.07,BROAD_GAUGE_NON_ELECTRIFIED,254.28,NORMAL
PREMIUM_SUPERFAST,40.84,465.69,434.19,-3.23,45.85,GREEN,2217.1,DOUBLE_LINE_AUTOMATIC,129.2,NORMAL
PASSENGER_LOCAL,62.78,428.84,3272.33,3.17,36.38,DOUBLE_YELLOW,2077.89,BROAD_GAUGE_ELECTRIFIED,233.7,NORMAL
SUPERFAST_EXPRESS,142.73,737.82,2270.25,1.15,21.41,YELLOW,2168.84,BROAD_GAUGE_NON_ELECTRIFIED,1081.57,NORMAL
PREMIUM_SUPERFAST,159.49,310.31,1029.78,3.09,46.8,RED_STOP,1445.84,DOUBLE_LINE_AUTOMATIC,1337.42,NORMAL
SUPERFAST_EXPRESS,71.56,318.45,3250.77,-2.1,12.46,DOUBLE_YELLOW,1633.27,BROAD_GAUGE_NON_ELECTRIFIED,334.04,NORMAL
PASSENGER_LOCAL,82.81,360.53,3236.29,-3.22,41.46,GREEN,1415.07,DOUBLE_LINE_AUTOMATIC,471.33,NORMAL
PREMIUM_SUPERFAST,121.09,295.02,3466.47,-0.08,29.76,YELLOW,1974.69,BROAD_GAUGE_ELECTRIFIED,794.87,NORMAL
PASSENGER_LOCAL,144.07,408.65,3109.58,-0.35,42.91,GREEN,1399.95,DOUBLE_LINE_AUTOMATIC,1123.08,NORMAL
PREMIUM_SUPERFAST,103.03,700.96,3493.13,-1.18,51.74,RED_STOP,322.14,BROAD_GAUGE_ELECTRIFIED,624.17,CRITICAL
PREMIUM_SUPERFAST,74.81,538.44,1158.53,3.2,43.75,DOUBLE_YELLOW,2033.47,BROAD_GAUGE_NON_ELECTRIFIED,321.87,NORMAL
FREIGHT_GOODS,77.77,426.57,3010.97,2.26,29.89,DOUBLE_YELLOW,1913.43,BROAD_GAUGE_ELECTRIFIED,345.66,NORMAL
SUPERFAST_EXPRESS,117.39,713.93,2951.39,1.13,16.79,DOUBLE_YELLOW,2059.74,BROAD_GAUGE_ELECTRIFIED,746.04,NORMAL
PASSENGER_LOCAL,20.45,226.66,1115.92,-2.36,46.29,RED_STOP,516.55,BROAD_GAUGE_NON_ELECTRIFIED,37.86,NORMAL
FREIGHT_GOODS,106.74,315.65,705.16,1.64,30.73,YELLOW,715.46,BROAD_GAUGE_ELECTRIFIED,623.6,WARNING
PREMIUM_SUPERFAST,69.77,511.24,3436.2,1.59,13.39,YELLOW,774.59,BROAD_GAUGE_ELECTRIFIED,283.2,NORMAL
PREMIUM_SUPERFAST,131.19,538.55,1317.68,-0.52,42.36,YELLOW,1294.8,DOUBLE_LINE_AUTOMATIC,949.2,NORMAL
PASSENGER_LOCAL,33.02,221.76,3099.76,2.97,23.13,GREEN,378.0,BROAD_GAUGE_ELECTRIFIED,75.51,NORMAL
SUPERFAST_EXPRESS,102.35,421.67,412.79,-2.33,12.2,RED_STOP,994.19,DOUBLE_LINE_AUTOMATIC,662.4,NORMAL
PASSENGER_LOCAL,87.34,557.03,465.18,-1.63,50.62,DOUBLE_YELLOW,496.29,BROAD_GAUGE_ELECTRIFIED,470.18,WARNING
PREMIUM_SUPERFAST,109.93,583.94,1844.2,-3.06,31.74,RED_STOP,698.67,BROAD_GAUGE_NON_ELECTRIFIED,796.73,CRITICAL
FREIGHT_GOODS,29.08,550.98,1140.02,2.07,22.64,RED_STOP,1780.65,BROAD_GAUGE_ELECTRIFIED,60.97,NORMAL
PASSENGER_LOCAL,101.2,376.31,2538.51,0.85,42.24,RED_STOP,2144.29,BROAD_GAUGE_ELECTRIFIED,564.15,NORMAL
FREIGHT_GOODS,98.61,251.44,2153.25,-1.3,49.87,DOUBLE_YELLOW,106.12,BROAD_GAUGE_ELECTRIFIED,578.71,WARNING
SUPERFAST_EXPRESS,98.49,434.91,640.21,-2.35,10.01,DOUBLE_YELLOW,1436.45,DOUBLE_LINE_AUTOMATIC,616.89,NORMAL
SUPERFAST_EXPRESS,104.49,270.81,904.15,-3.22,40.95,GREEN,138.35,BROAD_GAUGE_NON_ELECTRIFIED,731.68,NORMAL
FREIGHT_GOODS,114.71,721.19,1602.95,-2.33,44.52,RED_STOP,258.86,BROAD_GAUGE_NON_ELECTRIFIED,822.48,CRITICAL
SUPERFAST_EXPRESS,132.7,461.34,975.37,-0.33,19.45,YELLOW,1777.46,BROAD_GAUGE_ELECTRIFIED,959.06,NORMAL
FREIGHT_GOODS,57.77,374.49,2855.89,-1.77,32.03,GREEN,1852.24,BROAD_GAUGE_ELECTRIFIED,221.11,NORMAL
FREIGHT_GOODS,135.51,621.47,1689.82,-1.69,14.02,DOUBLE_YELLOW,2044.25,DOUBLE_LINE_AUTOMATIC,1084.0,NORMAL
FREIGHT_GOODS,89.76,473.87,689.64,2.63,43.6,DOUBLE_YELLOW,1211.89,BROAD_GAUGE_NON_ELECTRIFIED,450.84,NORMAL
SUPERFAST_EXPRESS,30.79,370.52,1901.46,0.11,48.14,GREEN,2156.53,BROAD_GAUGE_ELECTRIFIED,67.09,NORMAL
FREIGHT_GOODS,28.2,646.58,681.6,1.6,14.87,YELLOW,458.75,BROAD_GAUGE_ELECTRIFIED,57.92,NORMAL
SUPERFAST_EXPRESS,66.79,676.93,799.71,-3.25,46.74,RED_STOP,661.81,BROAD_GAUGE_NON_ELECTRIFIED,316.38,NORMAL
FREIGHT_GOODS,129.89,570.15,1142.79,-0.94,44.72,RED_STOP,379.53,BROAD_GAUGE_ELECTRIFIED,954.77,CRITICAL
FREIGHT_GOODS,119.08,225.83,3064.54,-0.15,25.61,YELLOW,2003.97,BROAD_GAUGE_ELECTRIFIED,772.76,NORMAL
SUPERFAST_EXPRESS,130.41,511.48,3266.3,-2.2,41.06,RED_STOP,610.25,BROAD_GAUGE_NON_ELECTRIFIED,1041.07,CRITICAL
FREIGHT_GOODS,92.42,619.81,2961.4,-2.66,10.0,DOUBLE_YELLOW,431.0,DOUBLE_LINE_AUTOMATIC,558.15,WARNING
FREIGHT_GOODS,81.63,275.08,1435.64,2.59,51.93,GREEN,1576.62,BROAD_GAUGE_ELECTRIFIED,378.02,NORMAL
SUPERFAST_EXPRESS,40.64,325.77,1244.58,3.08,34.77,YELLOW,238.85,BROAD_GAUGE_ELECTRIFIED,107.89,NORMAL
PREMIUM_SUPERFAST,65.95,685.37,2102.38,-2.95,37.92,GREEN,160.01,BROAD_GAUGE_NON_ELECTRIFIED,302.91,NORMAL
PASSENGER_LOCAL,80.76,211.07,2637.74,-1.06,39.91,RED_STOP,311.46,BROAD_GAUGE_NON_ELECTRIFIED,392.89,CRITICAL
SUPERFAST_EXPRESS,32.4,614.0,3479.46,3.21,35.26,RED_STOP,50.59,DOUBLE_LINE_AUTOMATIC,73.14,CRITICAL
FREIGHT_GOODS,50.89,460.58,807.87,-2.92,48.55,DOUBLE_YELLOW,1757.63,DOUBLE_LINE_AUTOMATIC,188.06,NORMAL
PASSENGER_LOCAL,103.75,445.72,552.81,1.01,37.44,DOUBLE_YELLOW,1427.48,BROAD_GAUGE_ELECTRIFIED,591.17,NORMAL
PASSENGER_LOCAL,122.99,203.9,2552.5,3.31,50.85,RED_STOP,564.19,DOUBLE_LINE_AUTOMATIC,814.93,CRITICAL
FREIGHT_GOODS,159.77,650.67,2979.9,3.35,36.2,RED_STOP,620.86,DOUBLE_LINE_AUTOMATIC,1341.95,CRITICAL
FREIGHT_GOODS,150.64,397.9,3023.68,-0.2,17.7,DOUBLE_YELLOW,2036.87,DOUBLE_LINE_AUTOMATIC,1212.85,NORMAL
PREMIUM_SUPERFAST,109.96,497.42,2503.24,-2.36,51.11,DOUBLE_YELLOW,1279.46,BROAD_GAUGE_ELECTRIFIED,760.38,NORMAL
FREIGHT_GOODS,78.97,572.52,3357.45,-2.09,40.67,YELLOW,1761.39,DOUBLE_LINE_AUTOMATIC,400.7,NORMAL
PASSENGER_LOCAL,109.06,586.45,1984.11,2.73,41.47,DOUBLE_YELLOW,1159.25,DOUBLE_LINE_AUTOMATIC,649.39,NORMAL
FREIGHT_GOODS,129.99,725.79,3232.83,2.88,54.35,YELLOW,632.41,DOUBLE_LINE_AUTOMATIC,905.17,WARNING
PASSENGER_LOCAL,36.57,492.24,3400.22,0.76,13.38,YELLOW,2427.49,BROAD_GAUGE_NON_ELECTRIFIED,89.88,NORMAL
SUPERFAST_EXPRESS,77.39,419.85,3026.19,1.86,29.29,GREEN,1435.84,DOUBLE_LINE_AUTOMATIC,342.55,NORMAL
SUPERFAST_EXPRESS,137.57,724.54,1360.25,1.68,20.76,DOUBLE_YELLOW,370.91,DOUBLE_LINE_AUTOMATIC,1008.26,WARNING
PASSENGER_LOCAL,73.74,553.16,1008.27,1.13,38.37,YELLOW,1044.92,BROAD_GAUGE_NON_ELECTRIFIED,313.41,NORMAL
SUPERFAST_EXPRESS,100.06,363.98,2099.17,2.29,46.31,GREEN,856.88,BROAD_GAUGE_NON_ELECTRIFIED,552.34,NORMAL
PREMIUM_SUPERFAST,102.29,269.56,1804.35,1.3,53.48,GREEN,574.51,BROAD_GAUGE_ELECTRIFIED,575.6,NORMAL
PASSENGER_LOCAL,45.83,663.4,3121.05,0.24,30.46,DOUBLE_YELLOW,2336.93,BROAD_GAUGE_ELECTRIFIED,133.1,NORMAL
PASSENGER_LOCAL,70.71,399.2,710.1,-1.84,45.38,DOUBLE_YELLOW,2208.25,BROAD_GAUGE_NON_ELECTRIFIED,321.61,NORMAL
FREIGHT_GOODS,66.83,563.26,1198.99,1.71,51.27,GREEN,537.91,BROAD_GAUGE_ELECTRIFIED,261.81,NORMAL
PREMIUM_SUPERFAST,23.67,458.95,2730.58,-0.19,40.75,YELLOW,912.76,DOUBLE_LINE_AUTOMATIC,43.77,NORMAL
FREIGHT_GOODS,23.39,309.41,694.46,-1.44,20.92,DOUBLE_YELLOW,1917.67,BROAD_GAUGE_ELECTRIFIED,45.22,NORMAL
PREMIUM_SUPERFAST,136.44,530.93,1394.37,2.11,37.35,GREEN,560.84,DOUBLE_LINE_AUTOMATIC,992.47,NORMAL
PREMIUM_SUPERFAST,58.23,233.38,1600.18,1.38,53.65,GREEN,1499.33,DOUBLE_LINE_AUTOMATIC,203.96,NORMAL
PREMIUM_SUPERFAST,92.53,427.34,2330.04,3.06,54.44,YELLOW,1764.5,DOUBLE_LINE_AUTOMATIC,477.16,NORMAL
PASSENGER_LOCAL,61.82,500.64,890.21,-2.34,38.91,RED_STOP,1652.23,BROAD_GAUGE_NON_ELECTRIFIED,258.85,NORMAL
SUPERFAST_EXPRESS,151.7,439.83,3067.87,1.04,49.91,YELLOW,1780.7,BROAD_GAUGE_ELECTRIFIED,1215.08,WARNING
SUPERFAST_EXPRESS,56.3,611.77,1787.38,-1.79,19.02,GREEN,1781.41,BROAD_GAUGE_ELECTRIFIED,211.23,NORMAL
FREIGHT_GOODS,80.15,655.36,3242.77,2.83,21.07,YELLOW,2413.77,BROAD_GAUGE_NON_ELECTRIFIED,365.48,NORMAL
FREIGHT_GOODS,142.18,624.18,1850.4,-2.8,52.88,DOUBLE_YELLOW,898.92,BROAD_GAUGE_NON_ELECTRIFIED,1280.76,WARNING
SUPERFAST_EXPRESS,137.87,221.35,1252.62,1.09,16.09,GREEN,2202.55,BROAD_GAUGE_ELECTRIFIED,1012.43,NORMAL
SUPERFAST_EXPRESS,46.05,306.77,839.67,2.04,18.6,YELLOW,103.43,BROAD_GAUGE_NON_ELECTRIFIED,134.27,WARNING
PREMIUM_SUPERFAST,132.37,495.13,411.61,-1.02,28.92,YELLOW,756.1,BROAD_GAUGE_NON_ELECTRIFIED,994.19,WARNING
FREIGHT_GOODS,84.15,714.15,2049.69,3.18,36.53,YELLOW,169.21,DOUBLE_LINE_AUTOMATIC,399.9,WARNING
FREIGHT_GOODS,87.62,659.23,732.19,2.46,37.17,YELLOW,1645.45,DOUBLE_LINE_AUTOMATIC,431.05,NORMAL
FREIGHT_GOODS,38.69,663.39,1614.36,-1.44,23.14,GREEN,296.94,DOUBLE_LINE_AUTOMATIC,106.17,NORMAL
FREIGHT_GOODS,31.28,366.76,2226.74,-3.45,51.43,YELLOW,2121.98,BROAD_GAUGE_NON_ELECTRIFIED,81.88,NORMAL
SUPERFAST_EXPRESS,121.91,436.2,1254.63,-1.42,51.18,DOUBLE_YELLOW,1634.15,BROAD_GAUGE_NON_ELECTRIFIED,871.4,NORMAL
SUPERFAST_EXPRESS,89.5,458.89,943.2,-1.53,27.64,RED_STOP,120.6,DOUBLE_LINE_AUTOMATIC,489.37,CRITICAL
PASSENGER_LOCAL,81.16,286.55,2801.64,2.73,29.54,RED_STOP,1801.2,DOUBLE_LINE_AUTOMATIC,374.01,NORMAL
PASSENGER_LOCAL,122.13,217.09,3335.05,3.27,41.61,RED_STOP,2161.99,BROAD_GAUGE_ELECTRIFIED,804.14,NORMAL
SUPERFAST_EXPRESS,127.17,720.8,711.37,-3.01,39.83,DOUBLE_YELLOW,1669.75,DOUBLE_LINE_AUTOMATIC,1048.74,NORMAL
PREMIUM_SUPERFAST,42.25,332.39,882.33,-0.2,27.2,RED_STOP,124.78,DOUBLE_LINE_AUTOMATIC,116.51,NORMAL
SUPERFAST_EXPRESS,105.43,331.97,3376.04,0.34,28.64,GREEN,2151.9,BROAD_GAUGE_ELECTRIFIED,609.28,NORMAL
PREMIUM_SUPERFAST,38.95,245.86,517.13,-2.85,25.66,GREEN,1844.54,BROAD_GAUGE_ELECTRIFIED,116.06,NORMAL
FREIGHT_GOODS,125.19,710.68,3430.66,-0.86,20.59,DOUBLE_YELLOW,977.21,BROAD_GAUGE_ELECTRIFIED,885.59,WARNING
PASSENGER_LOCAL,111.97,518.86,414.4,-1.28,30.62,DOUBLE_YELLOW,855.14,BROAD_GAUGE_ELECTRIFIED,735.01,WARNING
PREMIUM_SUPERFAST,153.93,566.87,3108.37,0.25,40.89,GREEN,1225.56,BROAD_GAUGE_NON_ELECTRIFIED,1249.51,NORMAL
FREIGHT_GOODS,29.65,701.37,1352.71,1.13,43.39,DOUBLE_YELLOW,2174.4,BROAD_GAUGE_ELECTRIFIED,63.0,NORMAL
SUPERFAST_EXPRESS,27.99,390.09,3309.63,1.42,45.05,DOUBLE_YELLOW,667.55,BROAD_GAUGE_ELECTRIFIED,57.21,NORMAL
PASSENGER_LOCAL,59.51,541.83,1382.53,-2.54,26.86,GREEN,297.36,BROAD_GAUGE_NON_ELECTRIFIED,244.35,NORMAL
SUPERFAST_EXPRESS,56.64,221.34,2428.35,2.19,44.41,GREEN,2168.36,BROAD_GAUGE_ELECTRIFIED,194.04,NORMAL
FREIGHT_GOODS,54.58,302.72,648.1,1.25,10.29,YELLOW,114.41,BROAD_GAUGE_ELECTRIFIED,181.55,WARNING
FREIGHT_GOODS,146.88,657.19,1151.22,2.72,31.47,YELLOW,2281.94,BROAD_GAUGE_ELECTRIFIED,1142.34,NORMAL
SUPERFAST_EXPRESS,54.94,621.72,2798.41,-0.35,45.73,RED_STOP,799.08,BROAD_GAUGE_NON_ELECTRIFIED,186.99,NORMAL
FREIGHT_GOODS,58.07,392.85,2038.93,2.76,38.35,DOUBLE_YELLOW,1295.15,DOUBLE_LINE_AUTOMATIC,202.97,NORMAL
FREIGHT_GOODS,126.32,407.25,3276.7,2.56,31.33,GREEN,374.12,BROAD_GAUGE_ELECTRIFIED,857.19,NORMAL
PREMIUM_SUPERFAST,82.96,493.45,1729.13,-0.43,39.01,RED_STOP,2260.52,BROAD_GAUGE_ELECTRIFIED,398.74,NORMAL
SUPERFAST_EXPRESS,128.74,200.13,3096.42,-0.83,50.81,YELLOW,1887.1,BROAD_GAUGE_ELECTRIFIED,932.52,NORMAL
SUPERFAST_EXPRESS,29.15,332.68,1791.76,3.03,35.49,DOUBLE_YELLOW,2314.18,BROAD_GAUGE_ELECTRIFIED,61.23,NORMAL
PASSENGER_LOCAL,88.26,314.53,3435.67,1.51,45.99,RED_STOP,1723.91,BROAD_GAUGE_NON_ELECTRIFIED,436.96,NORMAL
PREMIUM_SUPERFAST,24.71,337.77,3375.49,3.0,54.13,DOUBLE_YELLOW,502.5,DOUBLE_LINE_AUTOMATIC,46.59,NORMAL
PREMIUM_SUPERFAST,28.77,643.25,1420.32,2.08,41.75,RED_STOP,805.25,BROAD_GAUGE_ELECTRIFIED,59.9,NORMAL
FREIGHT_GOODS,146.9,353.82,3146.36,0.77,35.8,DOUBLE_YELLOW,1242.78,BROAD_GAUGE_ELECTRIFIED,1142.72,WARNING
PASSENGER_LOCAL,39.49,305.34,3027.6,-2.69,11.69,DOUBLE_YELLOW,1537.78,BROAD_GAUGE_NON_ELECTRIFIED,117.84,NORMAL
PASSENGER_LOCAL,94.54,477.34,1053.11,-1.46,26.85,GREEN,2319.83,DOUBLE_LINE_AUTOMATIC,539.94,NORMAL
PREMIUM_SUPERFAST,77.55,676.1,2335.3,3.28,35.44,DOUBLE_YELLOW,990.68,DOUBLE_LINE_AUTOMATIC,343.91,NORMAL
PASSENGER_LOCAL,68.63,332.74,625.32,-1.26,45.87,YELLOW,1772.53,DOUBLE_LINE_AUTOMATIC,294.27,NORMAL
PREMIUM_SUPERFAST,145.98,243.19,2993.8,-2.85,29.71,GREEN,2404.47,BROAD_GAUGE_ELECTRIFIED,1351.47,NORMAL
PASSENGER_LOCAL,23.06,396.02,941.09,1.45,53.2,DOUBLE_YELLOW,423.32,BROAD_GAUGE_ELECTRIFIED,41.64,NORMAL
PREMIUM_SUPERFAST,112.93,611.21,619.53,1.64,22.23,YELLOW,2163.64,BROAD_GAUGE_ELECTRIFIED,693.46,NORMAL
PREMIUM_SUPERFAST,154.88,502.88,1640.68,-1.5,43.51,YELLOW,1080.73,BROAD_GAUGE_NON_ELECTRIFIED,1384.12,WARNING
FREIGHT_GOODS,98.42,649.24,2188.46,-1.42,28.86,RED_STOP,1844.43,BROAD_GAUGE_NON_ELECTRIFIED,580.89,NORMAL
FREIGHT_GOODS,151.16,727.78,3050.24,-0.22,31.87,GREEN,769.17,BROAD_GAUGE_NON_ELECTRIFIED,1222.02,NORMAL
PASSENGER_LOCAL,27.32,635.96,3420.15,-3.35,46.11,GREEN,868.26,BROAD_GAUGE_ELECTRIFIED,64.47,NORMAL
FREIGHT_GOODS,78.63,532.09,1762.43,2.03,23.33,RED_STOP,116.48,BROAD_GAUGE_ELECTRIFIED,352.77,CRITICAL
SUPERFAST_EXPRESS,56.42,471.34,587.39,-1.28,14.36,RED_STOP,2429.94,BROAD_GAUGE_ELECTRIFIED,206.06,NORMAL
SUPERFAST_EXPRESS,122.31,222.04,2722.26,2.48,33.41,RED_STOP,2042.96,DOUBLE_LINE_AUTOMATIC,806.44,NORMAL
PASSENGER_LOCAL,157.38,741.38,2152.04,2.12,33.8,GREEN,280.1,BROAD_GAUGE_NON_ELECTRIFIED,1303.78,NORMAL
PREMIUM_SUPERFAST,55.91,410.91,1788.46,1.13,45.87,YELLOW,2498.8,BROAD_GAUGE_NON_ELECTRIFIED,189.6,NORMAL
FREIGHT_GOODS,111.58,283.73,1358.73,-1.23,53.57,YELLOW,1532.31,DOUBLE_LINE_AUTOMATIC,727.77,NORMAL
PASSENGER_LOCAL,47.73,566.69,1957.44,0.11,12.49,DOUBLE_YELLOW,2141.64,DOUBLE_LINE_AUTOMATIC,143.03,NORMAL
SUPERFAST_EXPRESS,99.15,356.36,1449.91,-0.39,36.63,GREEN,213.32,DOUBLE_LINE_AUTOMATIC,554.63,NORMAL
PREMIUM_SUPERFAST,84.95,522.18,2746.74,-1.13,40.66,GREEN,1004.16,BROAD_GAUGE_ELECTRIFIED,433.41,NORMAL
FREIGHT_GOODS,156.08,522.72,2086.07,2.44,54.36,RED_STOP,1690.65,DOUBLE_LINE_AUTOMATIC,1283.22,WARNING
PREMIUM_SUPERFAST,105.19,445.15,3118.23,-0.12,52.42,GREEN,310.76,BROAD_GAUGE_ELECTRIFIED,610.58,NORMAL
PREMIUM_SUPERFAST,68.93,659.87,2084.99,2.33,42.06,GREEN,1247.81,BROAD_GAUGE_ELECTRIFIED,277.01,NORMAL
FREIGHT_GOODS,35.97,345.73,1138.61,-2.76,33.48,YELLOW,1134.56,BROAD_GAUGE_NON_ELECTRIFIED,100.42,NORMAL
FREIGHT_GOODS,41.17,446.75,3038.38,-2.51,17.27,GREEN,579.3,DOUBLE_LINE_AUTOMATIC,125.58,NORMAL
SUPERFAST_EXPRESS,51.54,495.73,2127.38,3.34,27.29,YELLOW,785.66,BROAD_GAUGE_ELECTRIFIED,163.92,NORMAL
SUPERFAST_EXPRESS,55.14,564.99,1041.21,0.61,36.33,YELLOW,2419.44,BROAD_GAUGE_ELECTRIFIED,184.89,NORMAL
PREMIUM_SUPERFAST,139.09,631.18,2332.87,0.07,42.63,GREEN,757.19,DOUBLE_LINE_AUTOMATIC,1029.51,NORMAL
PREMIUM_SUPERFAST,98.57,417.14,1508.92,0.16,38.59,YELLOW,572.89,BROAD_GAUGE_ELECTRIFIED,537.02,WARNING
SUPERFAST_EXPRESS,93.27,555.33,3017.66,-1.99,42.14,RED_STOP,1363.71,BROAD_GAUGE_ELECTRIFIED,544.05,NORMAL
SUPERFAST_EXPRESS,36.07,282.84,1805.23,1.53,29.31,YELLOW,1693.85,BROAD_GAUGE_ELECTRIFIED,87.78,NORMAL
PREMIUM_SUPERFAST,140.42,712.96,2651.97,-2.91,42.74,GREEN,1826.48,DOUBLE_LINE_AUTOMATIC,1259.49,NORMAL
PASSENGER_LOCAL,121.19,410.68,696.16,0.51,16.47,RED_STOP,1897.91,BROAD_GAUGE_ELECTRIFIED,792.5,NORMAL
PASSENGER_LOCAL,29.47,601.24,1627.68,0.5,17.32,RED_STOP,140.24,BROAD_GAUGE_NON_ELECTRIFIED,62.36,NORMAL
PASSENGER_LOCAL,119.1,211.19,3448.05,2.9,17.33,GREEN,1014.71,DOUBLE_LINE_AUTOMATIC,766.74,NORMAL
FREIGHT_GOODS,96.1,312.85,2906.23,0.18,50.09,DOUBLE_YELLOW,1946.2,BROAD_GAUGE_NON_ELECTRIFIED,512.06,NORMAL
SUPERFAST_EXPRESS,31.44,467.9,895.82,-2.54,13.42,YELLOW,2266.89,BROAD_GAUGE_NON_ELECTRIFIED,78.51,NORMAL
PASSENGER_LOCAL,84.16,683.04,1261.07,0.51,46.07,YELLOW,1525.39,BROAD_GAUGE_NON_ELECTRIFIED,400.04,NORMAL
PASSENGER_LOCAL,87.86,489.99,1422.43,-2.86,20.51,DOUBLE_YELLOW,178.15,BROAD_GAUGE_ELECTRIFIED,514.31,WARNING
SUPERFAST_EXPRESS,43.21,711.43,2416.13,-2.07,31.08,RED_STOP,1021.78,BROAD_GAUGE_ELECTRIFIED,133.45,NORMAL
FREIGHT_GOODS,152.4,466.09,2746.68,-3.28,51.22,DOUBLE_YELLOW,231.86,BROAD_GAUGE_NON_ELECTRIFIED,1514.93,WARNING
PASSENGER_LOCAL,139.0,469.75,2723.53,0.09,36.37,GREEN,1883.92,BROAD_GAUGE_NON_ELECTRIFIED,1028.24,NORMAL
FREIGHT_GOODS,113.66,265.86,1980.61,-2.91,19.46,DOUBLE_YELLOW,205.59,DOUBLE_LINE_AUTOMATIC,840.38,WARNING
FREIGHT_GOODS,84.72,641.46,2913.54,-0.21,22.78,RED_STOP,505.04,BROAD_GAUGE_NON_ELECTRIFIED,409.68,NORMAL
PREMIUM_SUPERFAST,77.65,335.83,1754.94,3.03,51.42,GREEN,1071.55,BROAD_GAUGE_ELECTRIFIED,344.68,NORMAL
SUPERFAST_EXPRESS,111.14,694.79,784.03,1.54,29.22,GREEN,1183.49,BROAD_GAUGE_NON_ELECTRIFIED,672.82,NORMAL
PREMIUM_SUPERFAST,96.36,700.95,2149.77,-2.96,36.41,GREEN,1045.88,BROAD_GAUGE_NON_ELECTRIFIED,616.27,NORMAL
PASSENGER_LOCAL,28.72,718.82,3352.13,-1.93,30.7,YELLOW,1185.32,DOUBLE_LINE_AUTOMATIC,65.17,NORMAL
PREMIUM_SUPERFAST,91.75,486.13,2858.28,1.22,27.03,YELLOW,1797.44,BROAD_GAUGE_NON_ELECTRIFIED,469.68,NORMAL
SUPERFAST_EXPRESS,132.9,572.4,2193.97,2.76,20.05,GREEN,954.71,DOUBLE_LINE_AUTOMATIC,944.02,NORMAL
FREIGHT_GOODS,84.29,628.18,2405.1,-3.27,40.88,DOUBLE_YELLOW,1391.99,DOUBLE_LINE_AUTOMATIC,489.2,NORMAL
FREIGHT_GOODS,27.27,272.06,3284.74,2.19,42.32,YELLOW,793.25,BROAD_GAUGE_NON_ELECTRIFIED,54.81,NORMAL
PASSENGER_LOCAL,130.08,530.53,1727.86,0.43,22.37,RED_STOP,916.39,BROAD_GAUGE_NON_ELECTRIFIED,906.33,NORMAL
SUPERFAST_EXPRESS,48.19,218.86,1427.32,0.32,45.51,YELLOW,1553.81,BROAD_GAUGE_ELECTRIFIED,145.46,NORMAL
FREIGHT_GOODS,56.21,473.66,3429.45,3.2,48.45,DOUBLE_YELLOW,1251.71,BROAD_GAUGE_ELECTRIFIED,191.39,NORMAL
PASSENGER_LOCAL,43.06,285.16,3076.67,1.73,51.43,YELLOW,1821.44,DOUBLE_LINE_AUTOMATIC,119.32,NORMAL
SUPERFAST_EXPRESS,66.23,300.61,1401.44,2.45,17.25,DOUBLE_YELLOW,1423.32,DOUBLE_LINE_AUTOMATIC,257.53,NORMAL
SUPERFAST_EXPRESS,125.95,400.78,1837.72,-1.02,23.68,DOUBLE_YELLOW,2018.76,BROAD_GAUGE_ELECTRIFIED,904.62,NORMAL
PREMIUM_SUPERFAST,92.71,437.84,1686.74,0.38,48.72,YELLOW,1136.35,DOUBLE_LINE_AUTOMATIC,478.92,NORMAL
FREIGHT_GOODS,48.68,542.74,862.2,0.81,18.93,DOUBLE_YELLOW,1253.03,BROAD_GAUGE_ELECTRIFIED,148.11,NORMAL
SUPERFAST_EXPRESS,142.9,240.94,3369.24,-1.25,10.16,DOUBLE_YELLOW,1691.43,DOUBLE_LINE_AUTOMATIC,1167.33,NORMAL
FREIGHT_GOODS,143.14,477.03,1653.37,0.49,49.19,RED_STOP,592.05,BROAD_GAUGE_ELECTRIFIED,1087.52,CRITICAL
FREIGHT_GOODS,141.88,300.44,3113.52,-1.84,24.69,GREEN,995.53,BROAD_GAUGE_ELECTRIFIED,1195.73,NORMAL
SUPERFAST_EXPRESS,53.43,515.69,987.0,-2.5,28.65,GREEN,1580.86,DOUBLE_LINE_AUTOMATIC,200.24,NORMAL
FREIGHT_GOODS,83.17,550.57,2098.4,-0.88,30.09,YELLOW,120.75,DOUBLE_LINE_AUTOMATIC,410.84,WARNING
PREMIUM_SUPERFAST,157.9,506.19,474.28,1.68,48.17,DOUBLE_YELLOW,1120.58,DOUBLE_LINE_AUTOMATIC,1312.0,WARNING
PASSENGER_LOCAL,128.08,606.06,2769.08,2.91,25.21,YELLOW,1517.18,BROAD_GAUGE_NON_ELECTRIFIED,880.08,NORMAL
PASSENGER_LOCAL,23.8,384.59,2200.83,-0.3,50.15,YELLOW,2420.07,BROAD_GAUGE_NON_ELECTRIFIED,44.37,NORMAL
SUPERFAST_EXPRESS,29.13,620.81,2339.33,1.0,37.76,GREEN,2198.69,DOUBLE_LINE_AUTOMATIC,61.15,NORMAL
PREMIUM_SUPERFAST,84.95,438.02,560.33,-2.78,33.73,DOUBLE_YELLOW,737.82,DOUBLE_LINE_AUTOMATIC,480.16,NORMAL
PASSENGER_LOCAL,147.29,466.3,1054.22,2.83,24.65,YELLOW,1292.66,DOUBLE_LINE_AUTOMATIC,1148.51,WARNING
PREMIUM_SUPERFAST,95.42,556.46,630.43,0.48,20.97,YELLOW,188.22,DOUBLE_LINE_AUTOMATIC,505.34,WARNING
SUPERFAST_EXPRESS,89.69,210.1,1295.63,1.96,38.08,GREEN,639.85,BROAD_GAUGE_ELECTRIFIED,450.26,NORMAL
PREMIUM_SUPERFAST,34.77,559.7,2345.06,2.06,30.11,GREEN,1948.4,BROAD_GAUGE_NON_ELECTRIFIED,82.43,NORMAL
SUPERFAST_EXPRESS,111.95,540.22,2155.18,-1.7,50.97,GREEN,352.12,DOUBLE_LINE_AUTOMATIC,754.2,NORMAL
PASSENGER_LOCAL,135.09,370.42,2297.66,0.2,32.12,YELLOW,681.34,BROAD_GAUGE_NON_ELECTRIFIED,973.95,WARNING
PASSENGER_LOCAL,73.26,247.19,2102.68,3.22,33.03,DOUBLE_YELLOW,2362.9,BROAD_GAUGE_NON_ELECTRIFIED,309.69,NORMAL
PASSENGER_LOCAL,128.59,250.01,1246.39,-2.87,28.75,GREEN,2068.45,BROAD_GAUGE_ELECTRIFIED,1061.15,NORMAL
PASSENGER_LOCAL,155.03,707.77,1157.97,1.28,45.52,GREEN,1965.48,DOUBLE_LINE_AUTOMATIC,1266.67,NORMAL
FREIGHT_GOODS,48.53,579.1,824.89,3.24,29.12,DOUBLE_YELLOW,2168.17,BROAD_GAUGE_NON_ELECTRIFIED,147.27,NORMAL
PREMIUM_SUPERFAST,93.27,269.91,3032.12,-1.4,22.12,YELLOW,1886.53,BROAD_GAUGE_ELECTRIFIED,524.36,NORMAL
PREMIUM_SUPERFAST,60.2,396.2,2311.09,2.53,48.79,YELLOW,345.44,DOUBLE_LINE_AUTOMATIC,216.57,NORMAL
PREMIUM_SUPERFAST,131.0,525.87,978.18,3.04,36.86,DOUBLE_YELLOW,1315.58,DOUBLE_LINE_AUTOMATIC,918.56,NORMAL
SUPERFAST_EXPRESS,100.86,659.56,949.35,1.73,36.62,GREEN,1138.4,BROAD_GAUGE_NON_ELECTRIFIED,560.66,NORMAL
PASSENGER_LOCAL,108.84,224.01,3106.41,-1.88,37.49,RED_STOP,812.32,BROAD_GAUGE_ELECTRIFIED,722.98,NORMAL
PASSENGER_LOCAL,131.71,330.15,2702.47,-1.16,42.35,DOUBLE_YELLOW,2093.4,BROAD_GAUGE_ELECTRIFIED,993.54,NORMAL
FREIGHT_GOODS,75.44,689.36,2444.14,-3.25,24.09,RED_STOP,1187.14,BROAD_GAUGE_ELECTRIFIED,396.75,NORMAL
FREIGHT_GOODS,148.11,205.04,1661.28,2.32,11.52,YELLOW,197.73,BROAD_GAUGE_ELECTRIFIED,1160.79,WARNING
PASSENGER_LOCAL,94.62,310.77,1212.12,2.45,46.48,YELLOW,723.67,DOUBLE_LINE_AUTOMATIC,497.51,NORMAL
PREMIUM_SUPERFAST,42.11,727.46,3436.3,0.93,15.8,RED_STOP,610.12,BROAD_GAUGE_NON_ELECTRIFIED,114.78,NORMAL
PREMIUM_SUPERFAST,117.43,537.37,2871.44,-1.03,42.48,GREEN,2224.32,BROAD_GAUGE_NON_ELECTRIFIED,792.38,NORMAL
PASSENGER_LOCAL,131.06,343.92,1335.52,-2.96,13.7,RED_STOP,1636.22,BROAD_GAUGE_ELECTRIFIED,1107.52,NORMAL
SUPERFAST_EXPRESS,64.35,236.85,3027.45,1.77,26.89,GREEN,1422.92,BROAD_GAUGE_ELECTRIFIED,244.36,NORMAL
PREMIUM_SUPERFAST,140.01,215.51,2752.69,1.59,12.84,DOUBLE_YELLOW,1291.29,BROAD_GAUGE_ELECTRIFIED,1042.51,NORMAL
PASSENGER_LOCAL,146.86,334.61,1320.95,2.89,33.5,YELLOW,1642.78,BROAD_GAUGE_NON_ELECTRIFIED,1142.1,NORMAL
PASSENGER_LOCAL,58.77,684.82,1722.31,1.61,39.39,YELLOW,1899.45,DOUBLE_LINE_AUTOMATIC,207.36,NORMAL
FREIGHT_GOODS,157.69,428.75,976.46,2.3,17.71,RED_STOP,1408.24,DOUBLE_LINE_AUTOMATIC,1308.73,NORMAL
FREIGHT_GOODS,39.7,596.18,744.26,1.72,26.72,DOUBLE_YELLOW,2348.8,BROAD_GAUGE_ELECTRIFIED,103.58,NORMAL
PASSENGER_LOCAL,48.28,705.06,2640.56,0.91,51.86,RED_STOP,2443.24,DOUBLE_LINE_AUTOMATIC,145.95,NORMAL
SUPERFAST_EXPRESS,45.79,424.42,1229.29,-0.51,29.91,RED_STOP,2488.59,DOUBLE_LINE_AUTOMATIC,136.26,NORMAL
PASSENGER_LOCAL,145.16,305.2,2942.18,2.81,46.11,RED_STOP,1690.01,BROAD_GAUGE_NON_ELECTRIFIED,1116.96,NORMAL
PREMIUM_SUPERFAST,111.6,484.41,3486.39,1.06,51.72,GREEN,2334.92,BROAD_GAUGE_ELECTRIFIED,678.14,NORMAL
SUPERFAST_EXPRESS,41.29,699.45,637.52,-0.71,53.85,YELLOW,1040.98,DOUBLE_LINE_AUTOMATIC,114.74,NORMAL
SUPERFAST_EXPRESS,81.65,642.41,1866.41,-2.92,50.42,YELLOW,2156.0,BROAD_GAUGE_ELECTRIFIED,449.8,NORMAL
FREIGHT_GOODS,106.14,236.21,2886.39,-1.47,24.28,RED_STOP,2277.48,BROAD_GAUGE_ELECTRIFIED,671.78,NORMAL
PASSENGER_LOCAL,31.68,580.92,2845.75,0.31,53.32,GREEN,2265.14,DOUBLE_LINE_AUTOMATIC,70.42,NORMAL
FREIGHT_GOODS,143.54,514.54,2755.99,-1.57,46.56,YELLOW,2085.57,BROAD_GAUGE_NON_ELECTRIFIED,1201.42,NORMAL
PREMIUM_SUPERFAST,132.5,699.1,1481.88,-1.95,47.67,GREEN,1046.17,DOUBLE_LINE_AUTOMATIC,1056.34,NORMAL
FREIGHT_GOODS,90.73,267.36,1806.95,0.19,10.68,DOUBLE_YELLOW,439.32,BROAD_GAUGE_NON_ELECTRIFIED,459.98,WARNING
PREMIUM_SUPERFAST,155.4,493.72,2244.4,-2.31,52.94,GREEN,868.19,DOUBLE_LINE_AUTOMATIC,1469.11,WARNING
PASSENGER_LOCAL,78.49,683.7,3419.22,2.1,45.01,GREEN,1929.86,BROAD_GAUGE_ELECTRIFIED,351.58,NORMAL
PASSENGER_LOCAL,157.78,425.51,1415.4,-0.11,44.56,DOUBLE_YELLOW,620.57,BROAD_GAUGE_NON_ELECTRIFIED,1318.31,WARNING
FREIGHT_GOODS,113.51,465.1,3261.75,0.52,13.67,YELLOW,1221.77,BROAD_GAUGE_NON_ELECTRIFIED,700.17,NORMAL
FREIGHT_GOODS,108.85,238.75,1235.01,-2.47,20.47,YELLOW,1435.23,BROAD_GAUGE_ELECTRIFIED,751.26,NORMAL
FREIGHT_GOODS,43.23,352.98,3466.13,-1.23,53.3,GREEN,1529.45,DOUBLE_LINE_AUTOMATIC,127.66,NORMAL
PREMIUM_SUPERFAST,143.47,378.48,2477.82,-0.63,32.53,GREEN,2342.53,BROAD_GAUGE_NON_ELECTRIFIED,1132.93,NORMAL
SUPERFAST_EXPRESS,79.85,719.82,1836.89,2.16,27.9,DOUBLE_YELLOW,1670.66,DOUBLE_LINE_AUTOMATIC,362.92,NORMAL
SUPERFAST_EXPRESS,42.71,355.47,2301.51,1.89,47.8,DOUBLE_YELLOW,1976.43,DOUBLE_LINE_AUTOMATIC,117.64,NORMAL
FREIGHT_GOODS,21.77,453.48,1244.85,-1.94,13.93,YELLOW,1475.6,DOUBLE_LINE_AUTOMATIC,41.11,NORMAL
FREIGHT_GOODS,98.37,569.22,1249.94,0.81,28.76,YELLOW,2092.27,BROAD_GAUGE_ELECTRIFIED,534.93,NORMAL
PASSENGER_LOCAL,93.84,289.2,752.02,-1.8,26.91,DOUBLE_YELLOW,695.98,DOUBLE_LINE_AUTOMATIC,543.48,NORMAL
FREIGHT_GOODS,120.71,467.54,753.56,3.42,25.74,GREEN,564.2,BROAD_GAUGE_ELECTRIFIED,786.51,NORMAL
PASSENGER_LOCAL,144.64,606.2,1477.78,3.16,23.85,DOUBLE_YELLOW,2319.48,BROAD_GAUGE_NON_ELECTRIFIED,1109.3,NORMAL
PREMIUM_SUPERFAST,31.12,676.77,2764.85,0.44,19.45,YELLOW,1749.03,DOUBLE_LINE_AUTOMATIC,68.3,NORMAL
PREMIUM_SUPERFAST,122.41,544.44,2284.71,1.39,17.78,GREEN,1695.24,BROAD_GAUGE_NON_ELECTRIFIED,807.62,NORMAL
PREMIUM_SUPERFAST,46.24,567.98,718.01,2.11,38.82,RED_STOP,1194.87,DOUBLE_LINE_AUTOMATIC,135.21,NORMAL
PREMIUM_SUPERFAST,140.14,269.46,3041.93,1.55,51.37,RED_STOP,972.91,BROAD_GAUGE_NON_ELECTRIFIED,1044.49,CRITICAL
FREIGHT_GOODS,134.67,720.18,2264.24,1.4,32.9,DOUBLE_YELLOW,1411.44,BROAD_GAUGE_ELECTRIFIED,968.12,NORMAL
FREIGHT_GOODS,95.71,272.92,3378.65,3.21,23.41,YELLOW,345.39,BROAD_GAUGE_NON_ELECTRIFIED,508.24,WARNING
PASSENGER_LOCAL,119.43,626.07,2477.57,0.68,17.16,GREEN,1164.05,BROAD_GAUGE_NON_ELECTRIFIED,770.85,NORMAL
FREIGHT_GOODS,64.01,345.65,943.04,0.95,47.36,RED_STOP,1165.65,DOUBLE_LINE_AUTOMATIC,242.04,NORMAL
PASSENGER_LOCAL,85.96,713.48,1868.73,2.44,53.72,GREEN,1368.92,DOUBLE_LINE_AUTOMATIC,416.07,NORMAL
PREMIUM_SUPERFAST,135.03,595.98,2410.34,1.19,25.71,GREEN,1604.98,DOUBLE_LINE_AUTOMATIC,973.06,NORMAL
PASSENGER_LOCAL,84.3,614.6,487.62,1.63,23.09,GREEN,2395.43,DOUBLE_LINE_AUTOMATIC,401.23,NORMAL
PASSENGER_LOCAL,70.09,320.48,446.22,-1.86,37.07,GREEN,1647.81,BROAD_GAUGE_ELECTRIFIED,316.78,NORMAL
FREIGHT_GOODS,89.19,443.67,801.15,-0.9,44.89,DOUBLE_YELLOW,2215.13,BROAD_GAUGE_NON_ELECTRIFIED,468.46,NORMAL
PREMIUM_SUPERFAST,135.95,539.8,1180.16,-2.47,30.49,GREEN,1412.94,BROAD_GAUGE_NON_ELECTRIFIED,1148.44,NORMAL
SUPERFAST_EXPRESS,66.93,623.49,1731.6,0.04,38.35,RED_STOP,1585.97,BROAD_GAUGE_ELECTRIFIED,262.5,NORMAL
FREIGHT_GOODS,44.33,257.18,1911.07,-0.31,42.24,RED_STOP,221.1,BROAD_GAUGE_NON_ELECTRIFIED,127.41,NORMAL
FREIGHT_GOODS,119.68,729.3,827.89,3.48,53.23,DOUBLE_YELLOW,376.5,DOUBLE_LINE_AUTOMATIC,773.88,WARNING
SUPERFAST_EXPRESS,135.64,689.62,2487.51,0.78,17.43,RED_STOP,1470.19,DOUBLE_LINE_AUTOMATIC,981.41,NORMAL
PREMIUM_SUPERFAST,34.09,348.69,2248.03,2.01,54.88,GREEN,1019.5,DOUBLE_LINE_AUTOMATIC,79.71,NORMAL
SUPERFAST_EXPRESS,53.58,652.52,1312.84,-1.16,27.65,RED_STOP,2007.09,BROAD_GAUGE_NON_ELECTRIFIED,186.51,NORMAL
PASSENGER_LOCAL,39.88,485.08,442.35,2.32,42.54,YELLOW,1380.79,BROAD_GAUGE_ELECTRIFIED,104.37,NORMAL
SUPERFAST_EXPRESS,68.71,453.99,640.71,0.81,35.76,GREEN,2211.61,BROAD_GAUGE_ELECTRIFIED,275.4,NORMAL
PREMIUM_SUPERFAST,83.05,372.94,1614.25,1.38,31.9,DOUBLE_YELLOW,2432.21,BROAD_GAUGE_NON_ELECTRIFIED,390.29,NORMAL
PREMIUM_SUPERFAST,124.84,519.53,877.32,-1.44,41.41,YELLOW,411.71,BROAD_GAUGE_ELECTRIFIED,912.5,WARNING
SUPERFAST_EXPRESS,111.16,601.44,1568.14,0.34,27.81,RED_STOP,1017.33,BROAD_GAUGE_ELECTRIFIED,673.1,NORMAL
FREIGHT_GOODS,106.93,426.01,2347.37,0.94,15.67,YELLOW,1679.2,DOUBLE_LINE_AUTOMATIC,625.67,NORMAL
SUPERFAST_EXPRESS,69.33,546.07,2096.44,0.62,32.0,RED_STOP,798.45,BROAD_GAUGE_NON_ELECTRIFIED,279.97,NORMAL
PASSENGER_LOCAL,137.8,584.62,1116.65,2.91,33.49,RED_STOP,704.23,BROAD_GAUGE_ELECTRIFIED,1011.47,CRITICAL
SUPERFAST_EXPRESS,85.98,591.12,1465.85,2.79,19.09,RED_STOP,2043.66,BROAD_GAUGE_NON_ELECTRIFIED,416.22,NORMAL
SUPERFAST_EXPRESS,157.07,228.58,2303.5,3.3,52.1,DOUBLE_YELLOW,2451.93,DOUBLE_LINE_AUTOMATIC,1298.92,WARNING
SUPERFAST_EXPRESS,108.78,672.86,3068.65,1.17,20.24,YELLOW,1945.82,DOUBLE_LINE_AUTOMATIC,646.19,NORMAL
PASSENGER_LOCAL,37.68,452.04,2734.96,3.3,28.42,DOUBLE_YELLOW,1333.01,BROAD_GAUGE_ELECTRIFIED,94.62,NORMAL
SUPERFAST_EXPRESS,114.66,344.33,2115.54,2.33,16.97,RED_STOP,1134.15,BROAD_GAUGE_NON_ELECTRIFIED,713.7,NORMAL
FREIGHT_GOODS,65.51,332.97,1523.11,-1.6,34.11,GREEN,1372.14,BROAD_GAUGE_NON_ELECTRIFIED,275.55,NORMAL
PASSENGER_LOCAL,116.09,465.66,1531.66,-0.51,23.84,GREEN,1183.96,DOUBLE_LINE_AUTOMATIC,751.8,NORMAL
FREIGHT_GOODS,29.75,687.76,3126.19,-1.83,32.02,DOUBLE_YELLOW,1282.08,DOUBLE_LINE_AUTOMATIC,68.86,NORMAL
PASSENGER_LOCAL,44.48,408.09,521.66,-3.47,20.11,GREEN,548.46,DOUBLE_LINE_AUTOMATIC,152.75,NORMAL
PREMIUM_SUPERFAST,139.8,612.35,3462.75,-2.18,12.42,YELLOW,2264.17,BROAD_GAUGE_ELECTRIFIED,1188.62,NORMAL
PREMIUM_SUPERFAST,51.81,253.25,2459.56,-3.47,45.07,GREEN,1898.61,BROAD_GAUGE_NON_ELECTRIFIED,201.26,NORMAL
PASSENGER_LOCAL,137.19,461.83,2511.53,1.54,38.85,GREEN,1718.39,BROAD_GAUGE_ELECTRIFIED,1002.86,NORMAL
PASSENGER_LOCAL,59.1,745.43,517.79,-0.52,25.33,RED_STOP,2377.32,BROAD_GAUGE_NON_ELECTRIFIED,215.15,NORMAL
PASSENGER_LOCAL,110.0,623.74,2277.14,-1.31,12.14,YELLOW,746.77,DOUBLE_LINE_AUTOMATIC,712.08,WARNING
PREMIUM_SUPERFAST,117.18,315.79,1902.81,1.83,48.95,YELLOW,248.84,BROAD_GAUGE_ELECTRIFIED,743.58,WARNING
PASSENGER_LOCAL,91.77,475.79,727.91,2.33,17.64,GREEN,2074.04,BROAD_GAUGE_ELECTRIFIED,469.89,NORMAL
PREMIUM_SUPERFAST,62.74,328.49,1261.56,3.33,51.88,RED_STOP,2496.12,BROAD_GAUGE_ELECTRIFIED,233.42,NORMAL
PREMIUM_SUPERFAST,49.77,425.26,3159.97,0.99,31.54,GREEN,1467.16,DOUBLE_LINE_AUTOMATIC,154.02,NORMAL
PASSENGER_LOCAL,24.65,629.05,2104.96,-0.27,25.32,GREEN,194.08,BROAD_GAUGE_ELECTRIFIED,46.91,NORMAL
PASSENGER_LOCAL,62.55,624.17,1681.59,-1.36,43.38,DOUBLE_YELLOW,1962.15,BROAD_GAUGE_ELECTRIFIED,249.71,NORMAL
PASSENGER_LOCAL,111.44,325.46,625.31,-1.94,49.46,RED_STOP,230.69,DOUBLE_LINE_AUTOMATIC,759.15,CRITICAL
PREMIUM_SUPERFAST,151.36,707.22,2613.78,-2.01,26.68,DOUBLE_YELLOW,1373.03,BROAD_GAUGE_NON_ELECTRIFIED,1368.68,WARNING
SUPERFAST_EXPRESS,141.97,525.91,2578.84,-0.64,28.33,GREEN,729.95,BROAD_GAUGE_ELECTRIFIED,1110.79,NORMAL
PASSENGER_LOCAL,127.25,408.96,2303.54,3.44,29.49,GREEN,2291.82,DOUBLE_LINE_AUTOMATIC,869.25,NORMAL
SUPERFAST_EXPRESS,130.38,476.06,1981.81,-3.49,51.5,RED_STOP,1155.76,BROAD_GAUGE_ELECTRIFIED,1139.4,WARNING
SUPERFAST_EXPRESS,113.1,532.79,1744.73,-2.12,41.17,YELLOW,2251.24,BROAD_GAUGE_ELECTRIFIED,789.59,NORMAL
SUPERFAST_EXPRESS,56.44,507.94,2239.14,-2.18,21.14,GREEN,782.75,BROAD_GAUGE_NON_ELECTRIFIED,217.06,NORMAL
FREIGHT_GOODS,147.01,467.52,1123.53,1.52,18.32,GREEN,999.04,DOUBLE_LINE_AUTOMATIC,1144.29,NORMAL
SUPERFAST_EXPRESS,113.9,477.71,3317.9,-1.03,20.37,DOUBLE_YELLOW,2370.44,BROAD_GAUGE_NON_ELECTRIFIED,747.93,NORMAL
SUPERFAST_EXPRESS,98.46,297.03,2225.26,-0.3,21.86,DOUBLE_YELLOW,543.22,BROAD_GAUGE_NON_ELECTRIFIED,544.81,WARNING
PREMIUM_SUPERFAST,35.54,647.0,1364.7,-2.46,20.36,RED_STOP,1467.33,DOUBLE_LINE_AUTOMATIC,96.65,NORMAL
FREIGHT_GOODS,82.59,497.97,1794.01,-0.67,39.63,DOUBLE_YELLOW,1001.85,BROAD_GAUGE_NON_ELECTRIFIED,400.55,NORMAL
PREMIUM_SUPERFAST,84.45,272.09,2897.62,-2.78,15.22,YELLOW,1946.71,BROAD_GAUGE_ELECTRIFIED,474.83,NORMAL
PREMIUM_SUPERFAST,141.04,621.39,901.01,0.23,27.43,GREEN,366.78,DOUBLE_LINE_AUTOMATIC,1057.24,NORMAL
SUPERFAST_EXPRESS,96.53,712.84,1307.79,-2.81,38.13,DOUBLE_YELLOW,1121.18,DOUBLE_LINE_AUTOMATIC,612.33,NORMAL
PREMIUM_SUPERFAST,73.26,721.02,2506.47,2.03,23.09,YELLOW,1762.38,BROAD_GAUGE_ELECTRIFIED,309.67,NORMAL
PASSENGER_LOCAL,156.75,402.96,1378.02,0.47,12.94,GREEN,1047.19,BROAD_GAUGE_ELECTRIFIED,1293.81,NORMAL
SUPERFAST_EXPRESS,35.5,274.53,2856.76,1.57,13.68,GREEN,193.4,BROAD_GAUGE_ELECTRIFIED,85.43,NORMAL
PASSENGER_LOCAL,79.16,485.12,804.41,-0.57,15.67,YELLOW,1777.53,BROAD_GAUGE_NON_ELECTRIFIED,368.31,NORMAL
SUPERFAST_EXPRESS,25.88,261.94,2764.33,-0.83,47.61,GREEN,1282.84,BROAD_GAUGE_NON_ELECTRIFIED,52.05,NORMAL
SUPERFAST_EXPRESS,123.59,713.69,611.89,-2.81,39.6,YELLOW,77.71,BROAD_GAUGE_NON_ELECTRIFIED,979.49,WARNING
SUPERFAST_EXPRESS,148.53,300.97,439.04,0.17,12.9,YELLOW,1551.01,BROAD_GAUGE_NON_ELECTRIFIED,1167.06,NORMAL
FREIGHT_GOODS,59.21,339.02,3184.49,0.1,27.6,DOUBLE_YELLOW,2303.71,BROAD_GAUGE_NON_ELECTRIFIED,210.16,NORMAL
SUPERFAST_EXPRESS,140.17,423.65,2202.15,-0.22,22.54,RED_STOP,322.01,BROAD_GAUGE_NON_ELECTRIFIED,1058.23,CRITICAL
PASSENGER_LOCAL,60.91,410.74,1490.66,1.68,36.01,YELLOW,1497.14,DOUBLE_LINE_AUTOMATIC,221.22,NORMAL
SUPERFAST_EXPRESS,147.51,637.06,1121.04,2.33,33.53,DOUBLE_YELLOW,1835.24,DOUBLE_LINE_AUTOMATIC,1151.75,NORMAL
SUPERFAST_EXPRESS,125.55,450.97,2312.35,1.76,31.65,GREEN,223.4,DOUBLE_LINE_AUTOMATIC,847.41,NORMAL
PREMIUM_SUPERFAST,132.69,293.92,1977.91,-2.49,24.15,DOUBLE_YELLOW,105.41,DOUBLE_LINE_AUTOMATIC,1097.89,WARNING
SUPERFAST_EXPRESS,22.52,346.97,3473.95,0.85,16.2,YELLOW,1187.28,DOUBLE_LINE_AUTOMATIC,40.1,NORMAL
SUPERFAST_EXPRESS,154.79,480.01,3447.97,-2.94,43.41,DOUBLE_YELLOW,1988.41,DOUBLE_LINE_AUTOMATIC,1522.9,NORMAL
SUPERFAST_EXPRESS,121.73,281.1,2368.58,1.36,49.59,RED_STOP,443.76,BROAD_GAUGE_NON_ELECTRIFIED,799.2,CRITICAL
SUPERFAST_EXPRESS,62.67,536.41,1772.9,-0.83,52.49,GREEN,2099.76,DOUBLE_LINE_AUTOMATIC,243.22,NORMAL
SUPERFAST_EXPRESS,136.12,511.16,1922.54,-2.57,12.64,DOUBLE_YELLOW,1658.61,BROAD_GAUGE_ELECTRIFIED,1159.19,NORMAL
SUPERFAST_EXPRESS,59.41,593.09,2515.69,2.53,43.3,GREEN,863.82,DOUBLE_LINE_AUTOMATIC,211.49,NORMAL
FREIGHT_GOODS,142.19,715.74,714.88,0.8,42.69,YELLOW,1313.77,BROAD_GAUGE_ELECTRIFIED,1073.7,NORMAL
PASSENGER_LOCAL,35.76,701.74,1417.89,-1.02,52.62,RED_STOP,2415.66,BROAD_GAUGE_ELECTRIFIED,90.69,NORMAL
FREIGHT_GOODS,118.52,720.34,633.34,-3.28,21.38,RED_STOP,580.27,DOUBLE_LINE_AUTOMATIC,934.68,CRITICAL
PASSENGER_LOCAL,95.7,334.59,627.42,0.26,43.4,DOUBLE_YELLOW,1273.86,BROAD_GAUGE_NON_ELECTRIFIED,508.11,NORMAL
FREIGHT_GOODS,33.51,272.36,1007.1,2.96,12.46,GREEN,1579.99,BROAD_GAUGE_NON_ELECTRIFIED,77.44,NORMAL
SUPERFAST_EXPRESS,53.87,366.25,1904.29,0.67,38.41,GREEN,388.14,BROAD_GAUGE_ELECTRIFIED,177.33,NORMAL
FREIGHT_GOODS,21.74,692.3,2832.8,3.3,25.79,DOUBLE_YELLOW,156.63,BROAD_GAUGE_NON_ELECTRIFIED,37.88,NORMAL
PASSENGER_LOCAL,85.63,734.63,1905.04,-2.54,44.6,DOUBLE_YELLOW,82.98,BROAD_GAUGE_ELECTRIFIED,479.93,WARNING
PREMIUM_SUPERFAST,62.18,672.63,1439.98,0.48,48.85,DOUBLE_YELLOW,845.5,BROAD_GAUGE_NON_ELECTRIFIED,229.62,NORMAL
PREMIUM_SUPERFAST,103.77,260.51,655.29,2.09,26.42,DOUBLE_YELLOW,231.17,BROAD_GAUGE_NON_ELECTRIFIED,591.36,WARNING
SUPERFAST_EXPRESS,61.61,721.09,2105.92,0.18,33.65,RED_STOP,2019.24,BROAD_GAUGE_NON_ELECTRIFIED,225.86,NORMAL
SUPERFAST_EXPRESS,61.99,432.85,1240.93,-2.86,15.28,DOUBLE_YELLOW,2493.43,BROAD_GAUGE_NON_ELECTRIFIED,268.74,NORMAL
PASSENGER_LOCAL,124.05,205.12,2306.3,0.58,28.76,GREEN,200.19,DOUBLE_LINE_AUTOMATIC,828.22,NORMAL
PREMIUM_SUPERFAST,26.74,443.32,3429.28,0.78,26.24,YELLOW,1110.18,DOUBLE_LINE_AUTOMATIC,53.05,NORMAL
SUPERFAST_EXPRESS,146.41,225.34,745.07,1.6,18.24,GREEN,113.04,DOUBLE_LINE_AUTOMATIC,1135.36,NORMAL
FREIGHT_GOODS,139.32,499.13,1057.59,1.83,50.25,DOUBLE_YELLOW,378.28,BROAD_GAUGE_ELECTRIFIED,1032.76,WARNING
FREIGHT_GOODS,113.49,386.2,1866.59,1.9,16.66,RED_STOP,841.16,DOUBLE_LINE_AUTOMATIC,699.98,NORMAL
PREMIUM_SUPERFAST,103.05,460.39,3402.7,1.14,38.61,DOUBLE_YELLOW,1014.56,DOUBLE_LINE_AUTOMATIC,583.69,NORMAL
PASSENGER_LOCAL,144.92,537.24,2792.61,-1.99,50.06,YELLOW,2352.47,DOUBLE_LINE_AUTOMATIC,1257.3,WARNING
SUPERFAST_EXPRESS,45.95,677.84,3184.51,-0.67,51.04,DOUBLE_YELLOW,1019.8,BROAD_GAUGE_NON_ELECTRIFIED,138.17,NORMAL
SUPERFAST_EXPRESS,31.06,564.05,1434.52,1.93,45.7,YELLOW,1265.88,BROAD_GAUGE_NON_ELECTRIFIED,68.08,NORMAL
SUPERFAST_EXPRESS,53.53,438.73,3475.32,3.17,17.93,DOUBLE_YELLOW,651.68,BROAD_GAUGE_NON_ELECTRIFIED,175.37,NORMAL
PREMIUM_SUPERFAST,131.24,650.69,718.78,-2.95,46.78,RED_STOP,50.31,BROAD_GAUGE_NON_ELECTRIFIED,1109.35,CRITICAL
FREIGHT_GOODS,24.85,698.07,564.22,0.25,22.45,GREEN,2253.37,BROAD_GAUGE_NON_ELECTRIFIED,47.05,NORMAL
PASSENGER_LOCAL,101.59,265.87,3052.37,-1.31,51.51,YELLOW,250.2,DOUBLE_LINE_AUTOMATIC,612.76,WARNING
PREMIUM_SUPERFAST,159.36,492.56,3274.52,-1.92,41.91,GREEN,2412.41,DOUBLE_LINE_AUTOMATIC,1502.63,NORMAL
PREMIUM_SUPERFAST,139.8,356.48,680.81,0.04,45.34,DOUBLE_YELLOW,370.57,BROAD_GAUGE_NON_ELECTRIFIED,1039.56,WARNING
SUPERFAST_EXPRESS,93.0,225.88,751.63,0.74,13.83,GREEN,1531.95,BROAD_GAUGE_NON_ELECTRIFIED,481.71,NORMAL
FREIGHT_GOODS,28.91,567.7,502.84,-3.43,36.22,RED_STOP,2498.56,DOUBLE_LINE_AUTOMATIC,71.39,NORMAL
PASSENGER_LOCAL,136.39,674.52,723.97,1.96,46.95,RED_STOP,389.24,DOUBLE_LINE_AUTOMATIC,991.85,CRITICAL
PASSENGER_LOCAL,103.86,289.6,1049.2,2.24,48.77,GREEN,1088.66,BROAD_GAUGE_NON_ELECTRIFIED,592.29,NORMAL
SUPERFAST_EXPRESS,36.09,646.83,3407.24,3.26,11.29,GREEN,1962.04,BROAD_GAUGE_ELECTRIFIED,87.88,NORMAL
PASSENGER_LOCAL,33.14,669.37,2470.37,-2.24,52.26,RED_STOP,128.87,BROAD_GAUGE_NON_ELECTRIFIED,84.58,NORMAL
FREIGHT_GOODS,147.35,702.89,2813.51,0.66,11.95,YELLOW,1739.97,DOUBLE_LINE_AUTOMATIC,1149.36,NORMAL
SUPERFAST_EXPRESS,113.69,345.91,2806.03,-0.51,37.65,YELLOW,246.91,BROAD_GAUGE_ELECTRIFIED,722.93,WARNING
SUPERFAST_EXPRESS,136.1,697.17,2058.73,-1.16,41.2,RED_STOP,629.47,BROAD_GAUGE_NON_ELECTRIFIED,1057.38,CRITICAL
FREIGHT_GOODS,143.06,376.36,2872.22,0.46,14.83,RED_STOP,442.19,DOUBLE_LINE_AUTOMATIC,1086.29,CRITICAL
PASSENGER_LOCAL,100.05,503.79,2247.0,1.98,12.16,YELLOW,2272.97,DOUBLE_LINE_AUTOMATIC,552.2,NORMAL
FREIGHT_GOODS,92.44,227.78,1375.09,-3.34,45.32,GREEN,492.12,DOUBLE_LINE_AUTOMATIC,584.98,NORMAL
PASSENGER_LOCAL,80.26,224.13,2139.44,3.29,27.31,GREEN,149.06,BROAD_GAUGE_NON_ELECTRIFIED,366.39,NORMAL
PASSENGER_LOCAL,64.37,596.21,2053.88,2.17,14.82,DOUBLE_YELLOW,1489.68,BROAD_GAUGE_NON_ELECTRIFIED,244.54,NORMAL
PASSENGER_LOCAL,80.84,444.46,2952.7,1.76,44.32,YELLOW,898.14,BROAD_GAUGE_ELECTRIFIED,371.33,NORMAL
FREIGHT_GOODS,128.34,340.96,3443.35,1.82,48.21,RED_STOP,1043.98,DOUBLE_LINE_AUTOMATIC,883.49,NORMAL
FREIGHT_GOODS,104.27,304.73,1674.23,-0.78,36.43,DOUBLE_YELLOW,341.7,DOUBLE_LINE_AUTOMATIC,623.46,WARNING
PREMIUM_SUPERFAST,144.95,568.47,2766.51,1.76,17.26,GREEN,1883.17,BROAD_GAUGE_ELECTRIFIED,1113.95,NORMAL
FREIGHT_GOODS,82.07,200.22,709.27,-0.79,10.69,YELLOW,1523.81,BROAD_GAUGE_NON_ELECTRIFIED,398.77,NORMAL
SUPERFAST_EXPRESS,104.99,643.24,2808.18,2.79,41.54,DOUBLE_YELLOW,942.33,DOUBLE_LINE_AUTOMATIC,604.52,NORMAL
SUPERFAST_EXPRESS,108.38,243.59,1551.39,-2.26,34.76,GREEN,470.36,BROAD_GAUGE_ELECTRIFIED,734.92,NORMAL
SUPERFAST_EXPRESS,102.84,305.32,522.11,-1.45,39.29,RED_STOP,1503.96,DOUBLE_LINE_AUTOMATIC,632.39,NORMAL
SUPERFAST_EXPRESS,118.37,412.43,1526.06,0.36,46.59,GREEN,1957.56,BROAD_GAUGE_NON_ELECTRIFIED,757.89,NORMAL
PREMIUM_SUPERFAST,53.24,466.67,2292.99,-1.27,29.54,GREEN,815.37,BROAD_GAUGE_NON_ELECTRIFIED,185.41,NORMAL
FREIGHT_GOODS,91.73,395.25,769.68,-0.53,15.6,YELLOW,113.36,BROAD_GAUGE_ELECTRIFIED,483.41,WARNING
FREIGHT_GOODS,34.59,376.39,3264.51,-0.05,52.3,RED_STOP,575.14,BROAD_GAUGE_ELECTRIFIED,81.92,NORMAL
PASSENGER_LOCAL,73.83,730.15,640.78,2.49,34.54,YELLOW,1721.87,DOUBLE_LINE_AUTOMATIC,314.15,NORMAL
FREIGHT_GOODS,88.27,552.87,3283.02,0.16,37.69,RED_STOP,2473.29,BROAD_GAUGE_NON_ELECTRIFIED,437.08,NORMAL
PASSENGER_LOCAL,111.31,212.89,2592.13,-0.96,52.0,DOUBLE_YELLOW,82.77,BROAD_GAUGE_NON_ELECTRIFIED,713.08,WARNING
PASSENGER_LOCAL,153.07,436.6,1422.11,-1.77,51.92,GREEN,800.08,BROAD_GAUGE_ELECTRIFIED,1376.49,WARNING
SUPERFAST_EXPRESS,104.09,681.25,1611.33,-0.64,35.74,YELLOW,201.95,BROAD_GAUGE_ELECTRIFIED,616.55,WARNING
PREMIUM_SUPERFAST,124.1,365.8,2696.51,0.11,23.39,RED_STOP,825.06,DOUBLE_LINE_AUTOMATIC,828.93,CRITICAL
PREMIUM_SUPERFAST,90.88,252.01,2264.56,1.72,54.87,YELLOW,1044.49,BROAD_GAUGE_NON_ELECTRIFIED,461.39,NORMAL
FREIGHT_GOODS,108.77,617.11,2482.09,-2.65,40.64,GREEN,2306.11,DOUBLE_LINE_AUTOMATIC,759.54,NORMAL
PASSENGER_LOCAL,29.93,533.31,1606.41,-1.95,28.38,GREEN,247.37,DOUBLE_LINE_AUTOMATIC,69.98,NORMAL
SUPERFAST_EXPRESS,55.61,513.67,1912.22,-0.84,35.19,DOUBLE_YELLOW,1953.98,BROAD_GAUGE_ELECTRIFIED,196.07,NORMAL
PASSENGER_LOCAL,70.66,229.47,3468.59,-0.98,28.71,RED_STOP,1019.06,BROAD_GAUGE_NON_ELECTRIFIED,305.51,NORMAL
SUPERFAST_EXPRESS,86.15,277.27,1063.16,-0.76,49.97,RED_STOP,2037.59,BROAD_GAUGE_ELECTRIFIED,435.53,NORMAL
PASSENGER_LOCAL,26.39,542.4,1695.35,2.05,31.71,DOUBLE_YELLOW,1307.84,DOUBLE_LINE_AUTOMATIC,51.91,NORMAL
FREIGHT_GOODS,39.6,314.3,1304.65,-1.23,47.06,DOUBLE_YELLOW,146.24,DOUBLE_LINE_AUTOMATIC,109.44,NORMAL
FREIGHT_GOODS,58.75,477.24,2771.85,0.01,47.81,RED_STOP,2368.2,BROAD_GAUGE_NON_ELECTRIFIED,207.28,NORMAL
PASSENGER_LOCAL,156.01,499.68,2768.44,0.87,47.09,RED_STOP,252.7,BROAD_GAUGE_NON_ELECTRIFIED,1282.17,CRITICAL
PREMIUM_SUPERFAST,66.39,355.93,1306.58,-1.87,42.5,YELLOW,1514.32,BROAD_GAUGE_NON_ELECTRIFIED,286.86,NORMAL
SUPERFAST_EXPRESS,87.49,721.63,652.31,1.53,48.47,RED_STOP,2200.29,BROAD_GAUGE_NON_ELECTRIFIED,429.86,NORMAL
PREMIUM_SUPERFAST,47.45,663.36,435.44,0.33,27.43,YELLOW,245.44,BROAD_GAUGE_ELECTRIFIED,141.55,NORMAL
PREMIUM_SUPERFAST,105.51,597.31,1725.1,-0.37,15.16,YELLOW,1407.04,BROAD_GAUGE_ELECTRIFIED,622.92,NORMAL
PASSENGER_LOCAL,59.3,242.9,1672.05,2.17,47.91,YELLOW,2069.51,BROAD_GAUGE_ELECTRIFIED,210.74,NORMAL
SUPERFAST_EXPRESS,48.98,258.37,3464.01,-1.8,32.42,YELLOW,2466.5,BROAD_GAUGE_ELECTRIFIED,164.33,NORMAL
SUPERFAST_EXPRESS,92.32,471.03,1856.39,2.68,15.73,GREEN,1824.6,DOUBLE_LINE_AUTOMATIC,475.14,NORMAL
FREIGHT_GOODS,20.77,288.39,1194.9,0.43,15.19,DOUBLE_YELLOW,731.92,BROAD_GAUGE_ELECTRIFIED,35.23,NORMAL
PASSENGER_LOCAL,21.07,738.05,3162.81,0.76,17.17,DOUBLE_YELLOW,1763.95,BROAD_GAUGE_ELECTRIFIED,36.05,NORMAL
PASSENGER_LOCAL,50.67,287.19,1922.31,2.63,43.79,RED_STOP,1779.13,BROAD_GAUGE_NON_ELECTRIFIED,159.0,NORMAL
PASSENGER_LOCAL,25.14,468.11,2257.44,2.22,41.99,DOUBLE_YELLOW,1764.92,DOUBLE_LINE_AUTOMATIC,47.94,NORMAL
FREIGHT_GOODS,35.12,400.27,696.57,0.71,19.17,DOUBLE_YELLOW,2142.94,BROAD_GAUGE_ELECTRIFIED,83.89,NORMAL
FREIGHT_GOODS,67.44,551.66,1587.04,1.77,48.11,GREEN,264.08,DOUBLE_LINE_AUTOMATIC,266.17,NORMAL
SUPERFAST_EXPRESS,132.36,270.97,3327.09,-0.47,22.66,YELLOW,315.63,DOUBLE_LINE_AUTOMATIC,962.2,WARNING
FREIGHT_GOODS,100.09,436.67,2227.47,0.33,45.68,YELLOW,1619.51,DOUBLE_LINE_AUTOMATIC,552.6,NORMAL
PASSENGER_LOCAL,91.77,351.09,1467.96,-3.07,32.0,YELLOW,2387.01,DOUBLE_LINE_AUTOMATIC,566.17,NORMAL
PASSENGER_LOCAL,61.09,688.26,2339.57,-2.87,42.92,DOUBLE_YELLOW,1191.3,BROAD_GAUGE_NON_ELECTRIFIED,261.74,NORMAL
PREMIUM_SUPERFAST,150.45,222.32,3222.27,2.31,27.16,DOUBLE_YELLOW,2403.38,BROAD_GAUGE_NON_ELECTRIFIED,1196.0,NORMAL
FREIGHT_GOODS,75.58,702.55,1249.37,-3.08,25.62,RED_STOP,2348.31,DOUBLE_LINE_AUTOMATIC,393.72,NORMAL
PASSENGER_LOCAL,32.19,658.15,1965.86,-2.31,47.86,GREEN,2262.13,DOUBLE_LINE_AUTOMATIC,80.79,NORMAL
PASSENGER_LOCAL,106.39,363.66,3371.94,2.07,11.59,GREEN,2279.13,DOUBLE_LINE_AUTOMATIC,619.73,NORMAL
SUPERFAST_EXPRESS,35.94,634.11,934.43,-3.49,53.86,RED_STOP,2250.88,BROAD_GAUGE_NON_ELECTRIFIED,104.63,NORMAL
FREIGHT_GOODS,68.33,217.17,2630.96,-1.52,39.17,RED_STOP,2058.73,BROAD_GAUGE_NON_ELECTRIFIED,296.32,NORMAL
PASSENGER_LOCAL,91.04,731.78,2304.89,0.59,29.46,RED_STOP,1752.7,DOUBLE_LINE_AUTOMATIC,462.91,NORMAL
SUPERFAST_EXPRESS,142.39,489.63,2506.99,0.67,38.26,YELLOW,109.8,DOUBLE_LINE_AUTOMATIC,1076.66,WARNING
PREMIUM_SUPERFAST,89.1,366.8,1488.78,1.94,15.52,YELLOW,374.02,DOUBLE_LINE_AUTOMATIC,444.69,WARNING
PREMIUM_SUPERFAST,118.32,399.42,1373.03,0.04,33.13,YELLOW,378.87,DOUBLE_LINE_AUTOMATIC,757.26,WARNING
SUPERFAST_EXPRESS,158.99,236.52,2521.05,0.07,54.33,YELLOW,107.67,BROAD_GAUGE_NON_ELECTRIFIED,1329.51,WARNING
FREIGHT_GOODS,38.41,744.14,1068.18,1.58,20.59,RED_STOP,335.92,BROAD_GAUGE_ELECTRIFIED,97.82,NORMAL
PASSENGER_LOCAL,58.46,221.61,1700.93,-0.01,42.5,RED_STOP,2303.38,BROAD_GAUGE_ELECTRIFIED,205.53,NORMAL
FREIGHT_GOODS,75.24,560.2,983.34,0.76,29.57,RED_STOP,1676.32,BROAD_GAUGE_NON_ELECTRIFIED,325.26,NORMAL
SUPERFAST_EXPRESS,79.06,443.5,425.75,2.78,39.36,YELLOW,814.58,BROAD_GAUGE_NON_ELECTRIFIED,356.3,NORMAL
PASSENGER_LOCAL,77.54,721.9,3407.18,-0.69,19.22,YELLOW,1993.73,BROAD_GAUGE_ELECTRIFIED,356.89,NORMAL
PASSENGER_LOCAL,147.07,335.3,1738.28,-0.8,31.17,DOUBLE_YELLOW,1246.51,BROAD_GAUGE_ELECTRIFIED,1200.35,WARNING
PASSENGER_LOCAL,119.96,492.65,3404.98,-3.48,54.1,RED_STOP,398.21,BROAD_GAUGE_ELECTRIFIED,969.91,CRITICAL
FREIGHT_GOODS,105.11,465.3,835.0,0.79,18.79,GREEN,2217.03,DOUBLE_LINE_AUTOMATIC,605.76,NORMAL
FREIGHT_GOODS,63.31,586.58,2220.84,-3.29,38.64,GREEN,879.72,BROAD_GAUGE_ELECTRIFIED,287.34,NORMAL
SUPERFAST_EXPRESS,135.33,237.41,1023.02,0.03,35.9,DOUBLE_YELLOW,1762.21,BROAD_GAUGE_ELECTRIFIED,977.2,NORMAL
PREMIUM_SUPERFAST,153.71,306.58,2849.23,2.13,35.43,YELLOW,761.96,DOUBLE_LINE_AUTOMATIC,1246.13,WARNING
SUPERFAST_EXPRESS,134.97,318.01,2829.48,0.35,37.68,RED_STOP,1275.17,DOUBLE_LINE_AUTOMATIC,972.21,NORMAL
PASSENGER_LOCAL,20.22,605.98,749.08,-1.61,32.6,YELLOW,2049.82,BROAD_GAUGE_NON_ELECTRIFIED,35.97,NORMAL
SUPERFAST_EXPRESS,109.1,304.03,3227.4,2.0,10.76,YELLOW,434.1,DOUBLE_LINE_AUTOMATIC,649.74,WARNING
PREMIUM_SUPERFAST,27.16,515.42,1003.35,-1.61,50.5,GREEN,2444.27,BROAD_GAUGE_ELECTRIFIED,58.42,NORMAL
SUPERFAST_EXPRESS,56.07,318.38,2300.23,1.63,47.21,GREEN,222.03,DOUBLE_LINE_AUTOMATIC,190.52,NORMAL
PREMIUM_SUPERFAST,28.33,673.89,3455.46,0.77,17.84,RED_STOP,1358.32,BROAD_GAUGE_NON_ELECTRIFIED,58.39,NORMAL
PREMIUM_SUPERFAST,104.53,718.2,3135.43,-2.31,28.6,RED_STOP,2294.26,BROAD_GAUGE_ELECTRIFIED,688.46,NORMAL
PASSENGER_LOCAL,116.12,485.17,3365.35,2.84,44.67,YELLOW,2366.95,BROAD_GAUGE_NON_ELECTRIFIED,730.93,NORMAL
PREMIUM_SUPERFAST,36.03,393.77,1462.06,-2.1,54.1,YELLOW,618.67,BROAD_GAUGE_NON_ELECTRIFIED,97.05,NORMAL
FREIGHT_GOODS,73.74,328.73,727.28,3.43,52.8,DOUBLE_YELLOW,402.76,BROAD_GAUGE_NON_ELECTRIFIED,313.42,NORMAL
SUPERFAST_EXPRESS,83.87,227.38,983.88,-3.45,50.47,YELLOW,1824.79,DOUBLE_LINE_AUTOMATIC,490.72,NORMAL
SUPERFAST_EXPRESS,71.67,347.68,1951.53,-1.66,17.13,DOUBLE_YELLOW,152.84,DOUBLE_LINE_AUTOMATIC,326.05,WARNING
FREIGHT_GOODS,36.94,559.83,2859.01,-2.1,51.15,YELLOW,1238.84,BROAD_GAUGE_NON_ELECTRIFIED,101.42,NORMAL
FREIGHT_GOODS,78.65,493.49,865.48,-3.4,49.53,YELLOW,2001.07,BROAD_GAUGE_NON_ELECTRIFIED,433.52,NORMAL
PASSENGER_LOCAL,125.16,719.22,2445.17,1.63,26.96,YELLOW,1422.62,BROAD_GAUGE_NON_ELECTRIFIED,842.43,NORMAL
SUPERFAST_EXPRESS,29.94,417.95,1403.09,1.35,27.75,RED_STOP,510.63,BROAD_GAUGE_NON_ELECTRIFIED,64.02,NORMAL
FREIGHT_GOODS,31.23,581.62,1457.73,2.05,30.7,RED_STOP,1243.26,DOUBLE_LINE_AUTOMATIC,68.7,NORMAL
PASSENGER_LOCAL,69.67,469.13,2451.94,-1.7,39.53,RED_STOP,2307.12,DOUBLE_LINE_AUTOMATIC,310.33,NORMAL
SUPERFAST_EXPRESS,151.84,481.92,1847.7,-0.39,21.74,DOUBLE_YELLOW,1562.17,BROAD_GAUGE_NON_ELECTRIFIED,1245.08,NORMAL
SUPERFAST_EXPRESS,113.6,347.28,2917.3,1.11,11.03,DOUBLE_YELLOW,1817.65,DOUBLE_LINE_AUTOMATIC,701.24,NORMAL
FREIGHT_GOODS,115.01,450.22,883.35,-0.42,16.36,RED_STOP,873.85,BROAD_GAUGE_ELECTRIFIED,735.07,NORMAL
PREMIUM_SUPERFAST,70.67,458.93,2848.84,1.38,29.81,DOUBLE_YELLOW,511.79,DOUBLE_LINE_AUTOMATIC,289.92,NORMAL
PREMIUM_SUPERFAST,103.11,588.65,599.13,0.94,22.69,RED_STOP,676.32,BROAD_GAUGE_NON_ELECTRIFIED,584.35,NORMAL
FREIGHT_GOODS,21.42,717.35,1001.57,-2.7,44.4,GREEN,1356.29,DOUBLE_LINE_AUTOMATIC,41.48,NORMAL
PREMIUM_SUPERFAST,109.05,381.13,2434.06,1.97,14.8,RED_STOP,736.54,BROAD_GAUGE_ELECTRIFIED,649.26,NORMAL
SUPERFAST_EXPRESS,147.86,223.21,3050.27,1.54,51.29,GREEN,1377.81,BROAD_GAUGE_ELECTRIFIED,1157.01,WARNING
PASSENGER_LOCAL,105.76,472.96,1183.31,1.09,50.29,YELLOW,1784.09,DOUBLE_LINE_AUTOMATIC,612.86,NORMAL
PASSENGER_LOCAL,142.32,499.45,1414.29,-2.41,50.89,DOUBLE_YELLOW,1849.27,BROAD_GAUGE_ELECTRIFIED,1249.19,WARNING
FREIGHT_GOODS,121.36,292.64,2065.07,-1.62,43.28,DOUBLE_YELLOW,453.48,BROAD_GAUGE_ELECTRIFIED,874.74,WARNING
PASSENGER_LOCAL,36.88,618.26,1055.88,-0.75,14.81,RED_STOP,1888.56,DOUBLE_LINE_AUTOMATIC,94.41,NORMAL
FREIGHT_GOODS,146.34,741.71,2914.58,-1.54,29.72,YELLOW,1698.09,DOUBLE_LINE_AUTOMATIC,1244.47,NORMAL
PREMIUM_SUPERFAST,29.3,720.18,2798.27,-1.91,15.91,YELLOW,79.41,DOUBLE_LINE_AUTOMATIC,67.35,WARNING
SUPERFAST_EXPRESS,94.76,308.41,850.4,2.14,54.45,YELLOW,194.24,BROAD_GAUGE_NON_ELECTRIFIED,498.8,WARNING
PREMIUM_SUPERFAST,39.9,681.45,1837.87,0.97,24.99,YELLOW,1633.31,BROAD_GAUGE_NON_ELECTRIFIED,104.48,NORMAL
FREIGHT_GOODS,21.64,587.47,2801.97,0.46,36.34,DOUBLE_YELLOW,990.07,BROAD_GAUGE_ELECTRIFIED,37.61,NORMAL
SUPERFAST_EXPRESS,79.08,449.62,1445.72,-1.92,45.07,RED_STOP,407.95,BROAD_GAUGE_ELECTRIFIED,397.63,NORMAL
SUPERFAST_EXPRESS,61.31,497.34,2362.63,2.93,51.43,RED_STOP,158.77,DOUBLE_LINE_AUTOMATIC,223.82,CRITICAL
SUPERFAST_EXPRESS,88.04,667.28,555.66,-2.16,44.0,GREEN,440.53,BROAD_GAUGE_ELECTRIFIED,493.33,NORMAL
PREMIUM_SUPERFAST,100.81,464.07,2286.94,2.06,40.35,DOUBLE_YELLOW,2395.91,DOUBLE_LINE_AUTOMATIC,560.08,NORMAL
SUPERFAST_EXPRESS,26.12,405.26,873.22,3.27,30.97,GREEN,1832.54,BROAD_GAUGE_NON_ELECTRIFIED,51.05,NORMAL
PREMIUM_SUPERFAST,37.22,471.29,2974.81,1.59,37.24,YELLOW,1342.88,DOUBLE_LINE_AUTOMATIC,92.66,NORMAL
PREMIUM_SUPERFAST,98.21,518.52,1501.89,3.45,14.24,RED_STOP,2356.77,BROAD_GAUGE_ELECTRIFIED,533.34,NORMAL
SUPERFAST_EXPRESS,68.04,303.99,1272.82,1.06,49.78,GREEN,1566.82,DOUBLE_LINE_AUTOMATIC,270.53,NORMAL
FREIGHT_GOODS,122.08,695.5,3006.76,-1.98,34.47,DOUBLE_YELLOW,1827.83,DOUBLE_LINE_AUTOMATIC,904.94,NORMAL
SUPERFAST_EXPRESS,111.32,570.8,555.45,-2.07,11.81,RED_STOP,742.5,DOUBLE_LINE_AUTOMATIC,763.9,CRITICAL
SUPERFAST_EXPRESS,138.38,548.3,1629.49,-1.23,51.4,DOUBLE_YELLOW,1493.01,BROAD_GAUGE_ELECTRIFIED,1096.41,WARNING
PREMIUM_SUPERFAST,116.95,254.72,1547.01,-3.45,32.02,RED_STOP,401.52,DOUBLE_LINE_AUTOMATIC,922.12,CRITICAL
SUPERFAST_EXPRESS,80.19,532.3,1282.88,1.27,49.09,DOUBLE_YELLOW,1040.98,DOUBLE_LINE_AUTOMATIC,365.8,NORMAL
FREIGHT_GOODS,114.22,266.53,3226.44,-1.62,48.56,DOUBLE_YELLOW,131.44,BROAD_GAUGE_ELECTRIFIED,779.26,WARNING
SUPERFAST_EXPRESS,58.55,243.28,2727.88,2.21,46.71,RED_STOP,580.74,BROAD_GAUGE_NON_ELECTRIFIED,206.0,NORMAL
FREIGHT_GOODS,62.88,490.02,598.16,-0.99,12.76,DOUBLE_YELLOW,233.43,BROAD_GAUGE_NON_ELECTRIFIED,246.89,WARNING
PASSENGER_LOCAL,130.46,421.53,2615.53,-0.14,21.12,DOUBLE_YELLOW,1000.06,BROAD_GAUGE_ELECTRIFIED,918.62,WARNING
PASSENGER_LOCAL,82.5,523.85,2034.63,3.26,49.4,YELLOW,2115.44,BROAD_GAUGE_NON_ELECTRIFIED,385.51,NORMAL
PASSENGER_LOCAL,131.77,249.07,3192.69,-1.8,50.45,RED_STOP,975.94,DOUBLE_LINE_AUTOMATIC,1035.37,CRITICAL
SUPERFAST_EXPRESS,135.14,437.04,1370.13,1.55,30.61,GREEN,2087.52,BROAD_GAUGE_ELECTRIFIED,974.57,NORMAL
PREMIUM_SUPERFAST,140.06,296.13,2179.9,1.79,29.8,RED_STOP,1658.42,DOUBLE_LINE_AUTOMATIC,1043.27,NORMAL
FREIGHT_GOODS,148.33,742.91,1952.34,-1.95,17.88,RED_STOP,1298.35,DOUBLE_LINE_AUTOMATIC,1311.55,CRITICAL
PASSENGER_LOCAL,80.34,508.63,1917.64,0.01,53.58,YELLOW,630.38,BROAD_GAUGE_ELECTRIFIED,367.05,NORMAL
FREIGHT_GOODS,64.64,578.09,1813.93,-1.05,19.59,GREEN,2309.28,DOUBLE_LINE_AUTOMATIC,260.53,NORMAL
PREMIUM_SUPERFAST,101.51,378.98,1037.45,1.9,18.59,GREEN,182.79,BROAD_GAUGE_ELECTRIFIED,567.4,NORMAL
FREIGHT_GOODS,71.96,252.11,2742.7,0.86,39.73,GREEN,1737.84,DOUBLE_LINE_AUTOMATIC,299.73,NORMAL
FREIGHT_GOODS,104.15,736.73,1799.14,-0.17,20.93,DOUBLE_YELLOW,1572.04,BROAD_GAUGE_NON_ELECTRIFIED,601.0,NORMAL
PASSENGER_LOCAL,118.78,357.44,3371.4,1.96,52.24,DOUBLE_YELLOW,1130.55,DOUBLE_LINE_AUTOMATIC,762.91,NORMAL
FREIGHT_GOODS,116.38,433.09,1208.51,-1.85,10.49,DOUBLE_YELLOW,638.79,DOUBLE_LINE_AUTOMATIC,819.56,WARNING
PASSENGER_LOCAL,72.44,557.43,2516.51,1.78,10.26,GREEN,1105.21,BROAD_GAUGE_ELECTRIFIED,303.35,NORMAL
PREMIUM_SUPERFAST,43.36,213.58,3316.22,2.56,32.72,RED_STOP,2188.29,BROAD_GAUGE_NON_ELECTRIFIED,120.78,NORMAL
PASSENGER_LOCAL,80.27,645.64,2456.72,2.65,31.96,RED_STOP,2100.08,DOUBLE_LINE_AUTOMATIC,366.51,NORMAL
FREIGHT_GOODS,39.96,495.12,3100.95,1.99,17.35,GREEN,2356.38,DOUBLE_LINE_AUTOMATIC,104.77,NORMAL
PREMIUM_SUPERFAST,144.61,353.02,2965.19,-0.64,32.25,GREEN,804.09,BROAD_GAUGE_NON_ELECTRIFIED,1151.26,NORMAL
SUPERFAST_EXPRESS,68.42,233.88,1516.36,3.37,28.52,YELLOW,998.41,BROAD_GAUGE_NON_ELECTRIFIED,273.29,NORMAL
SUPERFAST_EXPRESS,41.62,289.37,2260.38,-0.84,50.06,DOUBLE_YELLOW,95.88,BROAD_GAUGE_NON_ELECTRIFIED,117.11,WARNING
PREMIUM_SUPERFAST,23.56,692.27,884.41,0.97,10.42,DOUBLE_YELLOW,2360.23,BROAD_GAUGE_NON_ELECTRIFIED,43.14,NORMAL
PREMIUM_SUPERFAST,110.42,577.31,2060.13,-2.37,53.93,DOUBLE_YELLOW,857.01,BROAD_GAUGE_NON_ELECTRIFIED,766.97,WARNING
FREIGHT_GOODS,109.17,337.45,1114.31,3.36,38.1,YELLOW,1040.2,DOUBLE_LINE_AUTOMATIC,650.52,NORMAL
SUPERFAST_EXPRESS,67.68,236.08,2705.58,1.43,16.83,YELLOW,2274.12,BROAD_GAUGE_NON_ELECTRIFIED,267.93,NORMAL
PREMIUM_SUPERFAST,30.04,579.84,2036.98,1.77,12.1,YELLOW,1340.17,BROAD_GAUGE_NON_ELECTRIFIED,64.38,NORMAL
SUPERFAST_EXPRESS,77.35,514.82,1674.8,-3.04,34.21,GREEN,1437.13,DOUBLE_LINE_AUTOMATIC,409.9,NORMAL
SUPERFAST_EXPRESS,63.57,422.49,1233.27,1.84,20.57,YELLOW,481.77,BROAD_GAUGE_ELECTRIFIED,239.03,NORMAL
FREIGHT_GOODS,114.8,399.99,3495.97,1.92,23.55,RED_STOP,1271.72,DOUBLE_LINE_AUTOMATIC,715.25,NORMAL
PREMIUM_SUPERFAST,104.81,319.25,622.3,1.2,21.03,GREEN,2299.61,BROAD_GAUGE_ELECTRIFIED,602.54,NORMAL
PASSENGER_LOCAL,71.04,568.29,535.04,-1.46,39.26,GREEN,1418.86,BROAD_GAUGE_NON_ELECTRIFIED,317.11,NORMAL
PREMIUM_SUPERFAST,50.5,733.87,1073.5,-0.07,34.91,DOUBLE_YELLOW,675.04,BROAD_GAUGE_ELECTRIFIED,158.64,NORMAL
SUPERFAST_EXPRESS,158.33,296.64,3410.32,-2.73,13.51,DOUBLE_YELLOW,126.39,DOUBLE_LINE_AUTOMATIC,1567.16,WARNING
PASSENGER_LOCAL,83.56,528.41,3435.64,-0.2,33.69,YELLOW,873.94,BROAD_GAUGE_ELECTRIFIED,398.99,NORMAL
PASSENGER_LOCAL,116.36,433.3,2430.28,-1.79,45.6,RED_STOP,1452.85,BROAD_GAUGE_ELECTRIFIED,816.16,NORMAL
SUPERFAST_EXPRESS,39.68,445.68,3128.33,-1.06,13.65,GREEN,154.4,BROAD_GAUGE_ELECTRIFIED,108.84,NORMAL
PASSENGER_LOCAL,87.98,339.78,1063.28,-2.36,50.04,GREEN,1543.99,BROAD_GAUGE_NON_ELECTRIFIED,499.06,NORMAL
PASSENGER_LOCAL,23.86,653.82,3413.33,-1.89,36.02,GREEN,1332.36,DOUBLE_LINE_AUTOMATIC,47.68,NORMAL
PREMIUM_SUPERFAST,90.76,466.89,842.63,-2.96,52.78,DOUBLE_YELLOW,1969.42,BROAD_GAUGE_ELECTRIFIED,550.64,NORMAL
SUPERFAST_EXPRESS,154.96,498.87,713.49,2.94,16.67,DOUBLE_YELLOW,120.78,BROAD_GAUGE_NON_ELECTRIFIED,1265.66,WARNING
FREIGHT_GOODS,73.79,367.62,747.86,0.21,54.71,RED_STOP,1963.08,DOUBLE_LINE_AUTOMATIC,313.82,NORMAL
PASSENGER_LOCAL,25.46,299.99,2176.7,-0.72,38.99,DOUBLE_YELLOW,1326.15,DOUBLE_LINE_AUTOMATIC,50.42,NORMAL
SUPERFAST_EXPRESS,24.33,247.25,2821.02,0.25,35.54,RED_STOP,957.8,DOUBLE_LINE_AUTOMATIC,45.45,NORMAL
PREMIUM_SUPERFAST,74.32,592.77,1536.67,0.9,33.19,DOUBLE_YELLOW,2415.19,DOUBLE_LINE_AUTOMATIC,317.97,NORMAL
PREMIUM_SUPERFAST,42.4,307.93,3431.48,2.95,11.06,RED_STOP,442.29,BROAD_GAUGE_NON_ELECTRIFIED,116.16,NORMAL
PREMIUM_SUPERFAST,23.27,579.54,1746.7,-2.25,52.28,DOUBLE_YELLOW,1376.25,DOUBLE_LINE_AUTOMATIC,46.54,NORMAL
PASSENGER_LOCAL,125.87,414.71,866.39,-1.43,38.98,DOUBLE_YELLOW,836.4,BROAD_GAUGE_ELECTRIFIED,926.51,WARNING
FREIGHT_GOODS,84.19,428.68,1844.5,3.33,14.12,YELLOW,1342.34,DOUBLE_LINE_AUTOMATIC,400.31,NORMAL
PREMIUM_SUPERFAST,60.49,458.05,2505.02,-0.9,10.94,YELLOW,1403.07,DOUBLE_LINE_AUTOMATIC,229.03,NORMAL
FREIGHT_GOODS,146.01,402.24,2979.9,-3.34,12.29,YELLOW,269.15,BROAD_GAUGE_NON_ELECTRIFIED,1400.99,WARNING
SUPERFAST_EXPRESS,36.26,255.34,1822.18,-2.47,37.42,RED_STOP,1669.78,BROAD_GAUGE_ELECTRIFIED,100.14,NORMAL
PREMIUM_SUPERFAST,153.83,370.3,2240.18,-3.32,37.63,RED_STOP,1604.48,BROAD_GAUGE_ELECTRIFIED,1546.29,NORMAL
PASSENGER_LOCAL,63.96,565.05,1228.77,3.43,32.49,RED_STOP,1935.19,BROAD_GAUGE_NON_ELECTRIFIED,241.67,NORMAL
PREMIUM_SUPERFAST,144.38,566.18,2402.34,-1.55,23.8,RED_STOP,272.11,BROAD_GAUGE_NON_ELECTRIFIED,1213.16,CRITICAL
PASSENGER_LOCAL,104.41,357.42,3456.51,2.96,33.93,YELLOW,778.28,BROAD_GAUGE_ELECTRIFIED,598.25,NORMAL
SUPERFAST_EXPRESS,135.74,453.06,552.07,3.47,33.23,GREEN,1642.77,BROAD_GAUGE_ELECTRIFIED,982.82,NORMAL
FREIGHT_GOODS,157.76,306.4,3148.25,0.7,10.87,DOUBLE_YELLOW,384.99,DOUBLE_LINE_AUTOMATIC,1309.83,WARNING
FREIGHT_GOODS,60.38,315.7,2143.08,-3.27,22.71,DOUBLE_YELLOW,1710.12,BROAD_GAUGE_NON_ELECTRIFIED,262.84,NORMAL
FREIGHT_GOODS,154.56,212.68,1181.51,-2.93,12.39,RED_STOP,194.62,BROAD_GAUGE_ELECTRIFIED,1517.5,CRITICAL
PREMIUM_SUPERFAST,74.53,693.21,3360.16,-0.13,50.51,YELLOW,870.58,BROAD_GAUGE_ELECTRIFIED,321.79,NORMAL
PREMIUM_SUPERFAST,73.97,315.89,1898.4,-0.66,42.64,GREEN,2124.44,BROAD_GAUGE_NON_ELECTRIFIED,326.54,NORMAL
SUPERFAST_EXPRESS,67.65,325.14,1428.24,0.74,54.83,YELLOW,1947.01,BROAD_GAUGE_NON_ELECTRIFIED,267.71,NORMAL
FREIGHT_GOODS,95.8,353.78,962.64,-0.43,23.6,DOUBLE_YELLOW,1629.66,BROAD_GAUGE_ELECTRIFIED,521.26,NORMAL
SUPERFAST_EXPRESS,41.58,270.07,1157.8,3.04,49.53,RED_STOP,2182.62,BROAD_GAUGE_NON_ELECTRIFIED,112.25,NORMAL
PASSENGER_LOCAL,97.52,551.59,2981.83,0.24,37.14,RED_STOP,1787.71,BROAD_GAUGE_ELECTRIFIED,526.35,NORMAL
PREMIUM_SUPERFAST,95.84,241.33,2304.67,1.36,30.39,YELLOW,1322.47,BROAD_GAUGE_ELECTRIFIED,509.51,NORMAL
FREIGHT_GOODS,126.67,273.81,3231.06,2.78,20.02,RED_STOP,2450.31,DOUBLE_LINE_AUTOMATIC,861.71,NORMAL
PREMIUM_SUPERFAST,136.71,554.62,1119.1,-2.47,43.23,GREEN,1752.4,DOUBLE_LINE_AUTOMATIC,1160.96,NORMAL
FREIGHT_GOODS,81.66,386.81,775.53,-1.89,50.69,DOUBLE_YELLOW,1523.35,BROAD_GAUGE_NON_ELECTRIFIED,421.43,NORMAL
FREIGHT_GOODS,62.33,589.37,418.87,-2.75,20.59,GREEN,1051.73,BROAD_GAUGE_NON_ELECTRIFIED,269.48,NORMAL
PREMIUM_SUPERFAST,56.31,506.58,1974.37,-2.52,17.89,YELLOW,2260.91,BROAD_GAUGE_ELECTRIFIED,220.62,NORMAL
PREMIUM_SUPERFAST,47.25,340.81,3494.75,0.09,41.33,DOUBLE_YELLOW,774.49,DOUBLE_LINE_AUTOMATIC,140.46,NORMAL
SUPERFAST_EXPRESS,28.07,557.96,2554.39,-1.25,53.96,GREEN,72.59,BROAD_GAUGE_NON_ELECTRIFIED,60.72,NORMAL
PREMIUM_SUPERFAST,67.94,263.95,1356.02,-0.54,43.75,GREEN,532.01,BROAD_GAUGE_ELECTRIFIED,277.54,NORMAL
PREMIUM_SUPERFAST,57.83,495.03,3118.26,3.38,22.81,GREEN,318.32,DOUBLE_LINE_AUTOMATIC,201.47,NORMAL
PREMIUM_SUPERFAST,155.3,440.43,2823.34,-2.4,28.9,DOUBLE_YELLOW,831.53,BROAD_GAUGE_ELECTRIFIED,1476.48,WARNING
PASSENGER_LOCAL,98.08,347.33,447.79,0.29,27.29,DOUBLE_YELLOW,2073.4,DOUBLE_LINE_AUTOMATIC,532.02,NORMAL
PASSENGER_LOCAL,68.62,532.2,2932.27,-2.81,48.34,RED_STOP,1646.25,BROAD_GAUGE_ELECTRIFIED,323.05,NORMAL
PASSENGER_LOCAL,101.27,679.23,1331.63,-1.27,44.71,YELLOW,464.0,DOUBLE_LINE_AUTOMATIC,607.52,WARNING
SUPERFAST_EXPRESS,39.49,749.4,863.99,0.19,36.5,RED_STOP,1982.61,BROAD_GAUGE_ELECTRIFIED,102.62,NORMAL
SUPERFAST_EXPRESS,82.17,534.27,1101.63,3.13,22.37,YELLOW,1285.34,BROAD_GAUGE_ELECTRIFIED,382.64,NORMAL
FREIGHT_GOODS,107.67,422.59,1852.6,-0.76,52.21,DOUBLE_YELLOW,1306.15,BROAD_GAUGE_NON_ELECTRIFIED,661.81,NORMAL
SUPERFAST_EXPRESS,88.45,323.86,1717.09,-3.05,39.4,GREEN,937.17,DOUBLE_LINE_AUTOMATIC,527.36,NORMAL
PREMIUM_SUPERFAST,76.25,341.4,1295.55,-0.78,53.67,RED_STOP,2168.31,DOUBLE_LINE_AUTOMATIC,347.75,NORMAL
FREIGHT_GOODS,159.14,463.7,933.88,-2.48,36.11,DOUBLE_YELLOW,829.9,BROAD_GAUGE_NON_ELECTRIFIED,1555.83,WARNING
PREMIUM_SUPERFAST,143.24,402.0,2762.92,-1.89,46.95,DOUBLE_YELLOW,280.64,BROAD_GAUGE_NON_ELECTRIFIED,1221.55,WARNING
FREIGHT_GOODS,107.28,702.6,3469.34,0.83,46.59,DOUBLE_YELLOW,791.69,BROAD_GAUGE_ELECTRIFIED,629.49,NORMAL
SUPERFAST_EXPRESS,99.71,402.56,2811.15,-3.03,25.18,RED_STOP,1802.62,DOUBLE_LINE_AUTOMATIC,660.66,NORMAL
PASSENGER_LOCAL,106.89,405.39,1317.4,-0.25,53.38,DOUBLE_YELLOW,1661.08,BROAD_GAUGE_ELECTRIFIED,633.89,NORMAL
PREMIUM_SUPERFAST,48.18,410.94,1158.91,0.77,10.99,YELLOW,510.64,BROAD_GAUGE_ELECTRIFIED,145.42,NORMAL
FREIGHT_GOODS,75.32,660.14,1074.76,-0.55,44.59,YELLOW,323.87,BROAD_GAUGE_ELECTRIFIED,335.57,WARNING
PASSENGER_LOCAL,25.52,557.93,823.75,-3.37,53.45,GREEN,1669.12,BROAD_GAUGE_NON_ELECTRIFIED,57.51,NORMAL
PREMIUM_SUPERFAST,86.58,537.79,2109.12,3.4,25.25,RED_STOP,1707.12,DOUBLE_LINE_AUTOMATIC,421.59,NORMAL
PREMIUM_SUPERFAST,96.02,383.78,2276.74,-0.93,39.16,RED_STOP,947.07,BROAD_GAUGE_NON_ELECTRIFIED,538.79,NORMAL
PASSENGER_LOCAL,51.88,649.85,2587.06,1.95,35.3,RED_STOP,2114.86,BROAD_GAUGE_NON_ELECTRIFIED,165.86,NORMAL
SUPERFAST_EXPRESS,154.96,221.1,2508.66,-1.22,44.27,RED_STOP,2446.6,DOUBLE_LINE_AUTOMATIC,1361.32,NORMAL
PASSENGER_LOCAL,147.32,678.94,1306.23,-0.17,48.98,RED_STOP,553.83,DOUBLE_LINE_AUTOMATIC,1160.57,CRITICAL
SUPERFAST_EXPRESS,121.1,482.01,1423.96,-0.78,37.14,DOUBLE_YELLOW,1463.82,BROAD_GAUGE_NON_ELECTRIFIED,827.61,NORMAL
FREIGHT_GOODS,94.67,419.04,2512.7,-1.1,46.72,DOUBLE_YELLOW,63.1,BROAD_GAUGE_NON_ELECTRIFIED,529.98,WARNING
SUPERFAST_EXPRESS,141.8,473.44,1483.29,-3.35,24.05,YELLOW,1796.98,BROAD_GAUGE_NON_ELECTRIFIED,1324.58,NORMAL
FREIGHT_GOODS,38.29,567.08,1059.13,-0.98,20.29,RED_STOP,1064.99,DOUBLE_LINE_AUTOMATIC,101.91,NORMAL
FREIGHT_GOODS,130.67,207.02,1560.44,2.73,29.38,RED_STOP,523.51,DOUBLE_LINE_AUTOMATIC,914.19,CRITICAL
FREIGHT_GOODS,37.47,679.35,1243.46,1.33,40.5,RED_STOP,1892.94,BROAD_GAUGE_ELECTRIFIED,93.75,NORMAL
FREIGHT_GOODS,131.19,445.71,673.77,-2.48,18.43,YELLOW,2036.09,DOUBLE_LINE_AUTOMATIC,1073.49,NORMAL
PREMIUM_SUPERFAST,58.61,388.63,2973.43,0.64,40.62,RED_STOP,322.36,BROAD_GAUGE_NON_ELECTRIFIED,206.35,NORMAL
FREIGHT_GOODS,142.79,276.04,3044.65,2.75,27.73,RED_STOP,150.44,DOUBLE_LINE_AUTOMATIC,1082.46,CRITICAL
PREMIUM_SUPERFAST,152.17,441.71,1081.23,1.4,45.8,DOUBLE_YELLOW,868.49,DOUBLE_LINE_AUTOMATIC,1222.3,WARNING
PREMIUM_SUPERFAST,40.83,472.98,600.79,-2.46,11.66,YELLOW,1583.68,DOUBLE_LINE_AUTOMATIC,123.36,NORMAL
FREIGHT_GOODS,84.77,422.01,2690.37,2.57,40.06,DOUBLE_YELLOW,1993.88,BROAD_GAUGE_NON_ELECTRIFIED,405.45,NORMAL
SUPERFAST_EXPRESS,157.34,573.26,1055.74,-1.39,39.24,GREEN,1387.85,BROAD_GAUGE_ELECTRIFIED,1416.6,NORMAL
SUPERFAST_EXPRESS,87.68,431.49,1619.65,-0.32,52.34,RED_STOP,1472.83,BROAD_GAUGE_ELECTRIFIED,439.21,NORMAL
PASSENGER_LOCAL,140.9,728.78,598.82,0.18,42.1,GREEN,2009.65,BROAD_GAUGE_NON_ELECTRIFIED,1055.21,NORMAL
PREMIUM_SUPERFAST,102.42,529.6,1101.44,2.45,45.83,RED_STOP,1345.67,BROAD_GAUGE_NON_ELECTRIFIED,577.03,NORMAL
PREMIUM_SUPERFAST,72.55,644.11,2858.0,3.02,50.71,GREEN,1547.33,BROAD_GAUGE_ELECTRIFIED,304.19,NORMAL
SUPERFAST_EXPRESS,60.01,260.15,2893.63,3.01,40.38,DOUBLE_YELLOW,1314.73,BROAD_GAUGE_NON_ELECTRIFIED,215.34,NORMAL
PREMIUM_SUPERFAST,48.45,418.51,1041.96,-3.44,23.06,YELLOW,2207.12,DOUBLE_LINE_AUTOMATIC,177.91,NORMAL
SUPERFAST_EXPRESS,126.65,385.27,1441.33,2.95,49.14,GREEN,627.02,DOUBLE_LINE_AUTOMATIC,861.52,NORMAL
PASSENGER_LOCAL,74.12,513.22,816.14,-3.12,43.64,DOUBLE_YELLOW,696.78,BROAD_GAUGE_ELECTRIFIED,380.53,NORMAL
FREIGHT_GOODS,91.58,673.61,629.94,-1.64,29.1,GREEN,363.51,DOUBLE_LINE_AUTOMATIC,514.22,NORMAL
FREIGHT_GOODS,88.93,243.09,3475.73,0.1,41.97,GREEN,2057.69,BROAD_GAUGE_ELECTRIFIED,443.11,NORMAL
FREIGHT_GOODS,100.82,239.92,2432.34,-0.14,49.05,YELLOW,1058.85,BROAD_GAUGE_NON_ELECTRIFIED,564.54,NORMAL
PASSENGER_LOCAL,141.18,667.67,2080.5,0.73,53.9,DOUBLE_YELLOW,902.34,BROAD_GAUGE_ELECTRIFIED,1059.27,WARNING
PREMIUM_SUPERFAST,157.3,317.07,2773.05,-0.14,52.86,YELLOW,2454.3,BROAD_GAUGE_ELECTRIFIED,1313.37,WARNING
PASSENGER_LOCAL,77.06,567.81,3004.24,3.04,24.64,RED_STOP,2320.67,DOUBLE_LINE_AUTOMATIC,339.9,NORMAL
PREMIUM_SUPERFAST,135.85,498.58,2900.82,-1.82,28.98,YELLOW,2431.37,BROAD_GAUGE_ELECTRIFIED,1098.35,NORMAL
PREMIUM_SUPERFAST,127.03,658.09,451.27,-1.58,14.93,YELLOW,398.63,BROAD_GAUGE_ELECTRIFIED,951.84,WARNING
FREIGHT_GOODS,100.29,268.8,979.1,2.95,21.14,GREEN,2233.57,BROAD_GAUGE_ELECTRIFIED,554.74,NORMAL
SUPERFAST_EXPRESS,153.85,271.38,2430.21,-2.96,49.71,GREEN,855.34,BROAD_GAUGE_NON_ELECTRIFIED,1507.67,WARNING
SUPERFAST_EXPRESS,48.07,506.25,1564.85,0.77,26.24,GREEN,81.01,DOUBLE_LINE_AUTOMATIC,144.8,NORMAL
FREIGHT_GOODS,35.3,720.51,3445.7,1.27,37.92,DOUBLE_YELLOW,1008.68,DOUBLE_LINE_AUTOMATIC,84.59,NORMAL
PREMIUM_SUPERFAST,139.55,428.25,2462.75,0.04,39.97,YELLOW,1297.53,BROAD_GAUGE_ELECTRIFIED,1036.13,NORMAL
PASSENGER_LOCAL,81.48,379.82,3365.3,1.36,45.18,RED_STOP,315.14,BROAD_GAUGE_ELECTRIFIED,376.76,CRITICAL
FREIGHT_GOODS,138.58,533.68,1024.48,-2.29,18.23,GREEN,1367.31,BROAD_GAUGE_NON_ELECTRIFIED,1177.05,NORMAL
FREIGHT_GOODS,145.03,711.75,3078.27,2.47,23.72,RED_STOP,2057.69,DOUBLE_LINE_AUTOMATIC,1115.11,NORMAL
PASSENGER_LOCAL,28.74,660.31,1396.19,-2.52,30.18,YELLOW,975.24,DOUBLE_LINE_AUTOMATIC,67.25,NORMAL
PREMIUM_SUPERFAST,143.69,747.52,3467.65,-0.69,26.42,YELLOW,913.98,BROAD_GAUGE_ELECTRIFIED,1140.58,WARNING
FREIGHT_GOODS,82.76,212.41,888.83,-2.97,54.23,YELLOW,880.09,BROAD_GAUGE_NON_ELECTRIFIED,463.21,NORMAL
FREIGHT_GOODS,91.46,262.07,2000.65,0.32,47.57,RED_STOP,2311.58,BROAD_GAUGE_NON_ELECTRIFIED,466.92,NORMAL
PREMIUM_SUPERFAST,107.72,535.21,2857.82,1.19,31.59,RED_STOP,169.46,BROAD_GAUGE_ELECTRIFIED,634.43,CRITICAL
PASSENGER_LOCAL,149.69,651.32,1741.19,3.09,49.57,RED_STOP,1140.44,BROAD_GAUGE_ELECTRIFIED,1184.59,CRITICAL
PASSENGER_LOCAL,22.68,356.88,1851.06,1.68,25.64,YELLOW,698.27,BROAD_GAUGE_ELECTRIFIED,40.55,NORMAL
SUPERFAST_EXPRESS,86.76,331.57,3457.7,0.29,45.36,YELLOW,2239.83,BROAD_GAUGE_ELECTRIFIED,423.24,NORMAL
SUPERFAST_EXPRESS,116.28,632.84,1718.46,3.03,20.07,GREEN,285.33,BROAD_GAUGE_ELECTRIFIED,732.82,NORMAL
PASSENGER_LOCAL,121.18,231.01,2272.62,-0.15,44.75,DOUBLE_YELLOW,1058.03,BROAD_GAUGE_NON_ELECTRIFIED,799.05,NORMAL
SUPERFAST_EXPRESS,116.95,403.16,569.07,0.43,30.54,RED_STOP,1046.7,BROAD_GAUGE_NON_ELECTRIFIED,740.86,NORMAL
SUPERFAST_EXPRESS,38.82,478.2,3010.85,0.67,14.84,DOUBLE_YELLOW,2226.57,BROAD_GAUGE_ELECTRIFIED,99.64,NORMAL
PREMIUM_SUPERFAST,61.92,508.19,2409.32,-0.63,22.3,RED_STOP,577.96,BROAD_GAUGE_ELECTRIFIED,235.45,NORMAL
FREIGHT_GOODS,70.22,600.74,1652.46,2.37,28.1,RED_STOP,1629.99,DOUBLE_LINE_AUTOMATIC,286.56,NORMAL
SUPERFAST_EXPRESS,132.62,395.17,450.13,-2.2,43.72,DOUBLE_YELLOW,379.3,BROAD_GAUGE_NON_ELECTRIFIED,1075.79,WARNING
SUPERFAST_EXPRESS,59.03,536.98,2234.17,0.38,13.28,DOUBLE_YELLOW,2387.24,BROAD_GAUGE_NON_ELECTRIFIED,209.01,NORMAL
PREMIUM_SUPERFAST,49.5,521.96,439.24,1.56,39.68,RED_STOP,1502.89,BROAD_GAUGE_ELECTRIFIED,152.53,NORMAL
PASSENGER_LOCAL,154.04,501.19,403.73,2.83,42.22,YELLOW,1584.33,BROAD_GAUGE_NON_ELECTRIFIED,1251.32,NORMAL
SUPERFAST_EXPRESS,21.24,552.27,2309.91,2.69,39.43,GREEN,1112.74,BROAD_GAUGE_NON_ELECTRIFIED,36.51,NORMAL
FREIGHT_GOODS,159.69,342.7,985.95,0.06,44.23,RED_STOP,888.59,BROAD_GAUGE_NON_ELECTRIFIED,1340.76,CRITICAL
SUPERFAST_EXPRESS,114.75,246.56,994.85,1.0,18.02,GREEN,571.06,DOUBLE_LINE_AUTOMATIC,714.76,NORMAL
FREIGHT_GOODS,135.99,265.6,2425.14,-0.74,36.42,YELLOW,1529.77,BROAD_GAUGE_NON_ELECTRIFIED,1029.49,NORMAL
PASSENGER_LOCAL,61.25,323.52,566.46,-0.22,52.35,YELLOW,2388.68,BROAD_GAUGE_ELECTRIFIED,225.99,NORMAL
SUPERFAST_EXPRESS,22.0,475.11,1371.56,2.84,37.49,GREEN,931.49,BROAD_GAUGE_NON_ELECTRIFIED,38.63,NORMAL
FREIGHT_GOODS,123.3,662.24,863.24,3.01,37.51,RED_STOP,2213.73,BROAD_GAUGE_NON_ELECTRIFIED,818.81,NORMAL
FREIGHT_GOODS,136.78,585.71,2198.55,2.77,43.14,GREEN,414.5,DOUBLE_LINE_AUTOMATIC,997.23,NORMAL
FREIGHT_GOODS,123.67,633.97,2451.47,-2.53,24.99,RED_STOP,2343.51,BROAD_GAUGE_NON_ELECTRIFIED,962.03,NORMAL
PASSENGER_LOCAL,40.0,393.04,2635.52,2.45,41.52,DOUBLE_YELLOW,908.69,DOUBLE_LINE_AUTOMATIC,104.93,NORMAL
FREIGHT_GOODS,125.48,422.56,1191.22,3.14,51.23,RED_STOP,980.33,DOUBLE_LINE_AUTOMATIC,846.46,NORMAL
PREMIUM_SUPERFAST,127.65,416.53,676.67,-0.97,10.49,DOUBLE_YELLOW,1183.96,DOUBLE_LINE_AUTOMATIC,925.23,NORMAL
PASSENGER_LOCAL,112.2,305.53,643.92,0.13,49.16,DOUBLE_YELLOW,1809.7,BROAD_GAUGE_NON_ELECTRIFIED,684.97,NORMAL
FREIGHT_GOODS,127.26,233.67,1721.07,1.95,19.84,GREEN,1813.15,BROAD_GAUGE_ELECTRIFIED,869.34,NORMAL
PASSENGER_LOCAL,138.43,525.0,3332.12,0.43,30.52,DOUBLE_YELLOW,1224.99,BROAD_GAUGE_ELECTRIFIED,1020.25,NORMAL
PASSENGER_LOCAL,105.9,744.07,1074.96,3.45,48.36,GREEN,1331.72,BROAD_GAUGE_NON_ELECTRIFIED,614.43,NORMAL
PREMIUM_SUPERFAST,32.4,291.76,1195.9,-0.31,47.08,GREEN,123.53,DOUBLE_LINE_AUTOMATIC,74.14,NORMAL
FREIGHT_GOODS,88.27,225.68,712.76,1.5,50.14,YELLOW,795.53,BROAD_GAUGE_ELECTRIFIED,437.03,NORMAL
PASSENGER_LOCAL,30.87,628.74,2277.27,2.05,52.32,GREEN,897.74,BROAD_GAUGE_NON_ELECTRIFIED,67.4,NORMAL
PASSENGER_LOCAL,77.06,338.92,2507.61,-0.04,30.12,YELLOW,1418.88,BROAD_GAUGE_ELECTRIFIED,340.6,NORMAL
FREIGHT_GOODS,76.99,656.3,2393.09,2.5,39.54,YELLOW,1417.83,BROAD_GAUGE_NON_ELECTRIFIED,339.36,NORMAL
PREMIUM_SUPERFAST,29.24,587.17,3069.5,0.32,27.57,GREEN,1789.25,DOUBLE_LINE_AUTOMATIC,61.54,NORMAL
SUPERFAST_EXPRESS,68.83,720.12,1907.92,-0.62,25.78,RED_STOP,1806.72,BROAD_GAUGE_ELECTRIFIED,285.49,NORMAL
FREIGHT_GOODS,35.54,424.91,816.82,-2.75,29.42,RED_STOP,626.27,BROAD_GAUGE_NON_ELECTRIFIED,98.21,NORMAL
SUPERFAST_EXPRESS,133.15,564.08,1297.16,-0.75,43.44,GREEN,1936.96,BROAD_GAUGE_NON_ELECTRIFIED,989.31,NORMAL
FREIGHT_GOODS,152.68,455.67,2453.53,1.64,32.56,DOUBLE_YELLOW,98.03,BROAD_GAUGE_ELECTRIFIED,1230.16,WARNING
FREIGHT_GOODS,30.12,546.82,2300.68,2.95,46.63,GREEN,1804.6,BROAD_GAUGE_NON_ELECTRIFIED,64.68,NORMAL
PASSENGER_LOCAL,153.72,447.28,2046.11,-1.74,43.53,DOUBLE_YELLOW,300.05,BROAD_GAUGE_ELECTRIFIED,1385.13,WARNING
FREIGHT_GOODS,93.16,303.75,2517.19,-1.01,10.92,RED_STOP,1837.64,BROAD_GAUGE_NON_ELECTRIFIED,511.54,NORMAL
PREMIUM_SUPERFAST,61.94,479.34,2375.91,-2.42,38.36,DOUBLE_YELLOW,1341.44,BROAD_GAUGE_ELECTRIFIED,261.03,NORMAL
PREMIUM_SUPERFAST,30.76,490.72,3132.11,1.34,29.65,GREEN,1121.27,DOUBLE_LINE_AUTOMATIC,66.99,NORMAL
FREIGHT_GOODS,90.09,645.83,2216.65,3.22,30.55,DOUBLE_YELLOW,1742.13,BROAD_GAUGE_ELECTRIFIED,453.94,NORMAL
PASSENGER_LOCAL,131.23,604.54,2813.66,0.99,46.83,YELLOW,139.11,BROAD_GAUGE_NON_ELECTRIFIED,921.66,WARNING
PASSENGER_LOCAL,118.99,565.09,1170.99,0.82,34.64,YELLOW,597.5,DOUBLE_LINE_AUTOMATIC,765.46,WARNING
SUPERFAST_EXPRESS,27.03,262.36,2502.37,0.37,49.85,GREEN,1560.28,DOUBLE_LINE_AUTOMATIC,54.01,NORMAL
FREIGHT_GOODS,30.21,596.34,3196.8,-2.88,42.08,GREEN,2125.68,BROAD_GAUGE_ELECTRIFIED,74.64,NORMAL
SUPERFAST_EXPRESS,76.4,475.17,1595.77,1.61,34.88,GREEN,983.71,BROAD_GAUGE_ELECTRIFIED,334.56,NORMAL
PASSENGER_LOCAL,61.34,691.75,2815.22,0.71,43.95,RED_STOP,683.97,BROAD_GAUGE_ELECTRIFIED,224.05,NORMAL
PREMIUM_SUPERFAST,52.53,705.93,2646.85,1.13,11.73,RED_STOP,1320.9,DOUBLE_LINE_AUTOMATIC,169.57,NORMAL
PASSENGER_LOCAL,59.34,230.34,584.53,2.79,11.22,RED_STOP,1574.67,DOUBLE_LINE_AUTOMATIC,211.03,NORMAL
PREMIUM_SUPERFAST,132.49,651.35,2202.68,1.99,13.75,YELLOW,1079.25,BROAD_GAUGE_ELECTRIFIED,938.5,WARNING
SUPERFAST_EXPRESS,150.09,220.73,803.59,1.97,29.69,DOUBLE_YELLOW,2197.94,BROAD_GAUGE_NON_ELECTRIFIED,1190.63,NORMAL
PASSENGER_LOCAL,76.71,401.94,3398.69,2.99,20.6,YELLOW,1332.42,DOUBLE_LINE_AUTOMATIC,337.08,NORMAL
PREMIUM_SUPERFAST,146.86,498.26,2915.36,3.43,54.29,DOUBLE_YELLOW,137.77,BROAD_GAUGE_ELECTRIFIED,1142.04,WARNING
SUPERFAST_EXPRESS,65.01,281.46,740.14,0.57,34.4,DOUBLE_YELLOW,596.48,BROAD_GAUGE_NON_ELECTRIFIED,248.96,NORMAL
PASSENGER_LOCAL,86.7,610.47,777.43,-2.74,39.81,GREEN,1154.09,BROAD_GAUGE_ELECTRIFIED,497.56,NORMAL
FREIGHT_GOODS,51.64,204.6,2242.87,-0.29,22.55,GREEN,1759.43,DOUBLE_LINE_AUTOMATIC,166.83,NORMAL
PASSENGER_LOCAL,109.67,292.73,1469.16,2.01,24.48,RED_STOP,588.39,DOUBLE_LINE_AUTOMATIC,656.15,CRITICAL
SUPERFAST_EXPRESS,157.06,519.44,508.21,-3.31,25.1,GREEN,2441.83,BROAD_GAUGE_ELECTRIFIED,1608.44,NORMAL
PASSENGER_LOCAL,104.49,592.91,2079.09,-3.1,41.44,YELLOW,830.47,BROAD_GAUGE_NON_ELECTRIFIED,725.7,WARNING
SUPERFAST_EXPRESS,70.09,704.15,1602.32,-3.03,31.32,YELLOW,1354.58,DOUBLE_LINE_AUTOMATIC,340.97,NORMAL
PREMIUM_SUPERFAST,110.69,588.02,713.34,1.62,33.3,YELLOW,96.47,BROAD_GAUGE_ELECTRIFIED,667.79,WARNING
PASSENGER_LOCAL,37.21,569.48,2885.95,0.01,36.64,GREEN,2217.98,BROAD_GAUGE_ELECTRIFIED,92.61,NORMAL
SUPERFAST_EXPRESS,144.41,416.89,3236.74,-0.92,44.6,GREEN,1982.64,BROAD_GAUGE_NON_ELECTRIFIED,1167.22,NORMAL
SUPERFAST_EXPRESS,90.43,200.71,2745.44,-2.76,14.07,DOUBLE_YELLOW,528.87,BROAD_GAUGE_NON_ELECTRIFIED,539.42,WARNING
FREIGHT_GOODS,82.91,266.09,2949.51,1.63,44.96,DOUBLE_YELLOW,2336.43,DOUBLE_LINE_AUTOMATIC,389.07,NORMAL
PREMIUM_SUPERFAST,102.02,494.0,1071.12,-1.25,35.35,GREEN,823.81,BROAD_GAUGE_NON_ELECTRIFIED,615.43,NORMAL
FREIGHT_GOODS,107.47,571.32,1217.08,-1.64,40.11,YELLOW,1745.86,BROAD_GAUGE_NON_ELECTRIFIED,695.35,NORMAL
FREIGHT_GOODS,30.05,429.6,1046.44,1.07,24.74,GREEN,2056.49,DOUBLE_LINE_AUTOMATIC,64.41,NORMAL
PASSENGER_LOCAL,115.57,601.87,2771.7,0.41,28.42,RED_STOP,1865.24,BROAD_GAUGE_ELECTRIFIED,724.33,NORMAL
SUPERFAST_EXPRESS,53.87,487.02,3338.54,-0.96,20.4,RED_STOP,2298.08,DOUBLE_LINE_AUTOMATIC,186.33,NORMAL
SUPERFAST_EXPRESS,119.95,240.8,2622.2,0.99,54.07,YELLOW,2167.47,DOUBLE_LINE_AUTOMATIC,777.21,NORMAL
SUPERFAST_EXPRESS,135.15,305.61,3132.55,-1.6,32.37,RED_STOP,2486.8,BROAD_GAUGE_NON_ELECTRIFIED,1072.76,NORMAL
PASSENGER_LOCAL,132.55,662.0,2379.97,2.06,54.82,GREEN,497.4,BROAD_GAUGE_NON_ELECTRIFIED,939.4,WARNING
PASSENGER_LOCAL,97.35,598.7,1601.75,-1.89,32.04,GREEN,796.67,BROAD_GAUGE_ELECTRIFIED,586.03,NORMAL
PREMIUM_SUPERFAST,92.82,692.12,1719.86,-2.39,19.89,DOUBLE_YELLOW,1608.75,BROAD_GAUGE_NON_ELECTRIFIED,552.88,NORMAL
FREIGHT_GOODS,40.0,264.66,633.5,1.98,32.84,RED_STOP,1845.97,BROAD_GAUGE_ELECTRIFIED,104.95,NORMAL
PREMIUM_SUPERFAST,128.55,744.62,497.52,1.46,11.78,RED_STOP,1359.78,BROAD_GAUGE_ELECTRIFIED,886.18,NORMAL
PREMIUM_SUPERFAST,58.0,315.17,2555.97,-2.22,50.71,RED_STOP,231.12,BROAD_GAUGE_ELECTRIFIED,228.65,NORMAL
PASSENGER_LOCAL,89.54,206.48,1759.13,-2.69,46.83,RED_STOP,2111.91,DOUBLE_LINE_AUTOMATIC,526.81,NORMAL
SUPERFAST_EXPRESS,59.8,748.58,2111.87,2.37,42.66,YELLOW,2404.14,BROAD_GAUGE_NON_ELECTRIFIED,213.97,NORMAL
PASSENGER_LOCAL,38.74,354.59,2128.75,1.94,37.44,YELLOW,1043.52,BROAD_GAUGE_NON_ELECTRIFIED,99.26,NORMAL
PASSENGER_LOCAL,108.14,567.41,1259.87,-1.21,36.09,GREEN,600.79,BROAD_GAUGE_ELECTRIFIED,685.14,NORMAL
PASSENGER_LOCAL,27.61,297.18,1875.27,1.11,54.85,RED_STOP,97.32,BROAD_GAUGE_NON_ELECTRIFIED,55.92,NORMAL
PREMIUM_SUPERFAST,124.81,519.13,1859.36,-2.63,22.51,DOUBLE_YELLOW,631.38,BROAD_GAUGE_ELECTRIFIED,985.74,WARNING
SUPERFAST_EXPRESS,64.46,697.22,1604.12,0.05,45.09,GREEN,1764.8,BROAD_GAUGE_NON_ELECTRIFIED,245.16,NORMAL
PASSENGER_LOCAL,20.02,376.1,2944.09,-3.37,36.16,GREEN,2283.39,DOUBLE_LINE_AUTOMATIC,38.38,NORMAL
PREMIUM_SUPERFAST,91.56,568.64,1798.61,-0.76,53.91,YELLOW,279.11,BROAD_GAUGE_NON_ELECTRIFIED,487.98,WARNING
PASSENGER_LOCAL,26.56,303.35,2271.3,-2.98,47.25,GREEN,1405.49,BROAD_GAUGE_ELECTRIFIED,60.24,NORMAL
FREIGHT_GOODS,58.66,543.64,3176.11,-0.17,54.93,DOUBLE_YELLOW,1754.05,DOUBLE_LINE_AUTOMATIC,208.53,NORMAL
SUPERFAST_EXPRESS,118.98,385.05,3085.32,-0.55,36.47,RED_STOP,727.13,BROAD_GAUGE_NON_ELECTRIFIED,789.49,CRITICAL
PREMIUM_SUPERFAST,28.78,316.16,3160.31,-0.39,19.2,GREEN,1446.25,DOUBLE_LINE_AUTOMATIC,60.91,NORMAL
FREIGHT_GOODS,137.51,372.25,1237.02,-3.18,32.67,DOUBLE_YELLOW,1802.36,BROAD_GAUGE_ELECTRIFIED,1233.77,NORMAL
PASSENGER_LOCAL,20.53,298.36,508.45,-0.97,42.0,YELLOW,2102.41,BROAD_GAUGE_ELECTRIFIED,35.91,NORMAL
FREIGHT_GOODS,54.56,696.05,1209.31,1.8,44.85,YELLOW,1158.62,BROAD_GAUGE_NON_ELECTRIFIED,181.42,NORMAL
FREIGHT_GOODS,123.73,418.45,1263.99,-0.92,10.02,RED_STOP,1882.25,BROAD_GAUGE_ELECTRIFIED,869.08,NORMAL
PREMIUM_SUPERFAST,64.28,334.9,3219.02,1.51,32.73,GREEN,789.37,BROAD_GAUGE_NON_ELECTRIFIED,243.89,NORMAL
SUPERFAST_EXPRESS,34.26,446.62,2412.65,-0.91,20.59,DOUBLE_YELLOW,571.96,BROAD_GAUGE_ELECTRIFIED,83.84,NORMAL
SUPERFAST_EXPRESS,70.43,376.29,653.28,-0.54,49.37,YELLOW,508.92,BROAD_GAUGE_ELECTRIFIED,296.46,NORMAL
PREMIUM_SUPERFAST,57.86,609.43,819.67,0.45,16.88,DOUBLE_YELLOW,929.24,BROAD_GAUGE_ELECTRIFIED,201.6,NORMAL
PASSENGER_LOCAL,137.98,734.17,882.6,3.15,39.99,YELLOW,137.91,BROAD_GAUGE_NON_ELECTRIFIED,1013.95,WARNING
FREIGHT_GOODS,63.87,440.92,2354.31,-2.74,21.97,YELLOW,743.33,BROAD_GAUGE_NON_ELECTRIFIED,281.69,NORMAL
SUPERFAST_EXPRESS,130.45,673.57,2679.78,-3.27,26.04,RED_STOP,1647.95,BROAD_GAUGE_NON_ELECTRIFIED,1122.03,NORMAL
SUPERFAST_EXPRESS,144.86,511.22,3064.9,0.76,52.33,DOUBLE_YELLOW,1637.4,BROAD_GAUGE_NON_ELECTRIFIED,1112.61,WARNING
FREIGHT_GOODS,80.73,286.48,3315.97,3.14,20.82,DOUBLE_YELLOW,230.21,BROAD_GAUGE_ELECTRIFIED,370.4,WARNING
PASSENGER_LOCAL,147.39,579.84,1025.28,3.43,14.28,DOUBLE_YELLOW,754.17,DOUBLE_LINE_AUTOMATIC,1150.02,WARNING
FREIGHT_GOODS,72.82,482.39,1360.29,-0.11,13.12,YELLOW,1445.42,BROAD_GAUGE_NON_ELECTRIFIED,308.12,NORMAL
PREMIUM_SUPERFAST,154.97,557.83,1145.0,-0.22,32.71,RED_STOP,830.45,BROAD_GAUGE_ELECTRIFIED,1282.2,CRITICAL
PREMIUM_SUPERFAST,32.5,689.33,1512.16,1.01,38.88,DOUBLE_YELLOW,1074.07,BROAD_GAUGE_ELECTRIFIED,73.51,NORMAL
PASSENGER_LOCAL,116.18,442.24,3235.46,0.39,24.73,GREEN,1796.39,BROAD_GAUGE_NON_ELECTRIFIED,731.65,NORMAL
SUPERFAST_EXPRESS,89.13,695.65,2182.85,0.94,41.06,DOUBLE_YELLOW,72.7,BROAD_GAUGE_NON_ELECTRIFIED,445.04,WARNING
SUPERFAST_EXPRESS,74.27,612.87,2688.39,2.62,12.75,YELLOW,727.16,BROAD_GAUGE_ELECTRIFIED,317.6,NORMAL
PASSENGER_LOCAL,108.58,468.73,1919.37,1.72,48.58,RED_STOP,398.81,BROAD_GAUGE_NON_ELECTRIFIED,643.96,CRITICAL
PASSENGER_LOCAL,118.54,531.77,489.46,-0.02,46.75,DOUBLE_YELLOW,362.64,BROAD_GAUGE_NON_ELECTRIFIED,760.9,WARNING
PREMIUM_SUPERFAST,20.61,379.07,599.01,-0.27,54.35,DOUBLE_YELLOW,2399.65,DOUBLE_LINE_AUTOMATIC,35.15,NORMAL
PREMIUM_SUPERFAST,43.37,740.98,2067.56,0.98,52.14,DOUBLE_YELLOW,972.57,DOUBLE_LINE_AUTOMATIC,120.84,NORMAL
PASSENGER_LOCAL,119.83,567.04,2628.25,-0.31,26.03,GREEN,1341.37,BROAD_GAUGE_NON_ELECTRIFIED,789.33,NORMAL
SUPERFAST_EXPRESS,113.29,224.12,1067.52,-0.3,27.97,YELLOW,1847.86,DOUBLE_LINE_AUTOMATIC,709.32,NORMAL
FREIGHT_GOODS,155.25,379.64,2637.92,-3.39,43.57,GREEN,166.25,DOUBLE_LINE_AUTOMATIC,1582.1,NORMAL
FREIGHT_GOODS,126.55,542.82,2913.06,-2.28,16.03,GREEN,640.51,BROAD_GAUGE_NON_ELECTRIFIED,988.58,NORMAL
FREIGHT_GOODS,153.11,230.98,1676.88,-0.08,24.13,YELLOW,2088.76,BROAD_GAUGE_ELECTRIFIED,1242.54,NORMAL
PREMIUM_SUPERFAST,118.36,213.14,2713.9,2.26,15.33,YELLOW,2161.88,BROAD_GAUGE_ELECTRIFIED,757.73,NORMAL
PASSENGER_LOCAL,61.73,447.51,1652.49,-1.55,30.47,DOUBLE_YELLOW,963.73,BROAD_GAUGE_ELECTRIFIED,246.31,NORMAL
SUPERFAST_EXPRESS,34.75,382.98,2502.89,0.16,34.84,YELLOW,968.41,BROAD_GAUGE_ELECTRIFIED,82.37,NORMAL
PREMIUM_SUPERFAST,129.46,441.06,2768.39,-1.09,19.5,DOUBLE_YELLOW,1904.4,DOUBLE_LINE_AUTOMATIC,956.9,NORMAL
PASSENGER_LOCAL,110.18,344.48,3474.97,-2.77,11.2,GREEN,772.92,DOUBLE_LINE_AUTOMATIC,784.34,NORMAL
PASSENGER_LOCAL,26.75,290.59,1470.73,3.21,42.37,DOUBLE_YELLOW,336.88,BROAD_GAUGE_NON_ELECTRIFIED,53.07,NORMAL
FREIGHT_GOODS,70.41,579.03,1674.23,2.48,10.9,YELLOW,680.96,BROAD_GAUGE_NON_ELECTRIFIED,287.95,NORMAL
FREIGHT_GOODS,153.95,483.01,913.42,-2.95,53.8,DOUBLE_YELLOW,998.99,BROAD_GAUGE_ELECTRIFIED,1508.35,WARNING
SUPERFAST_EXPRESS,90.06,310.08,1032.63,1.54,19.97,GREEN,177.9,BROAD_GAUGE_ELECTRIFIED,453.65,NORMAL
SUPERFAST_EXPRESS,80.58,375.77,2549.52,-1.07,39.88,YELLOW,1222.77,BROAD_GAUGE_NON_ELECTRIFIED,391.48,NORMAL
FREIGHT_GOODS,84.08,525.49,3242.84,3.46,29.56,YELLOW,1863.02,BROAD_GAUGE_NON_ELECTRIFIED,399.3,NORMAL
FREIGHT_GOODS,49.24,239.73,1623.28,-1.38,12.69,RED_STOP,1308.68,BROAD_GAUGE_ELECTRIFIED,162.21,NORMAL
PASSENGER_LOCAL,71.62,281.1,957.52,-1.83,31.25,DOUBLE_YELLOW,226.14,DOUBLE_LINE_AUTOMATIC,329.02,WARNING
SUPERFAST_EXPRESS,71.77,240.29,1283.81,0.48,33.25,DOUBLE_YELLOW,1128.37,DOUBLE_LINE_AUTOMATIC,298.27,NORMAL
PASSENGER_LOCAL,27.33,646.77,1810.66,2.35,48.46,DOUBLE_YELLOW,1786.82,DOUBLE_LINE_AUTOMATIC,55.0,NORMAL
SUPERFAST_EXPRESS,127.46,613.83,1301.02,-2.15,42.96,GREEN,192.34,DOUBLE_LINE_AUTOMATIC,993.75,NORMAL
SUPERFAST_EXPRESS,78.31,614.32,1124.1,1.47,13.57,GREEN,196.63,DOUBLE_LINE_AUTOMATIC,350.13,NORMAL
PREMIUM_SUPERFAST,135.11,593.98,2681.55,-3.07,19.41,YELLOW,957.97,BROAD_GAUGE_NON_ELECTRIFIED,1183.12,WARNING
FREIGHT_GOODS,139.05,568.16,424.32,2.93,24.03,YELLOW,527.66,BROAD_GAUGE_NON_ELECTRIFIED,1028.98,WARNING
PREMIUM_SUPERFAST,49.68,462.35,2071.61,-2.93,15.24,GREEN,2340.21,BROAD_GAUGE_ELECTRIFIED,180.23,NORMAL
SUPERFAST_EXPRESS,112.03,553.25,2860.68,2.9,30.56,DOUBLE_YELLOW,1474.29,BROAD_GAUGE_NON_ELECTRIFIED,683.06,NORMAL
PASSENGER_LOCAL,86.12,221.1,1225.31,-0.06,54.29,DOUBLE_YELLOW,753.95,BROAD_GAUGE_NON_ELECTRIFIED,418.92,NORMAL
SUPERFAST_EXPRESS,143.22,541.81,2270.2,-0.36,33.16,GREEN,1776.7,BROAD_GAUGE_NON_ELECTRIFIED,1111.67,NORMAL
PREMIUM_SUPERFAST,50.2,627.83,2473.59,3.31,43.38,DOUBLE_YELLOW,968.58,BROAD_GAUGE_NON_ELECTRIFIED,156.41,NORMAL
FREIGHT_GOODS,114.89,475.2,2430.58,3.43,40.73,GREEN,373.68,BROAD_GAUGE_ELECTRIFIED,716.39,NORMAL
PASSENGER_LOCAL,105.09,396.63,1782.13,1.05,48.25,DOUBLE_YELLOW,631.22,BROAD_GAUGE_NON_ELECTRIFIED,605.52,WARNING
SUPERFAST_EXPRESS,61.34,352.58,1474.39,-2.61,19.71,DOUBLE_YELLOW,1624.73,BROAD_GAUGE_NON_ELECTRIFIED,259.44,NORMAL
SUPERFAST_EXPRESS,39.12,553.54,2991.36,0.04,43.92,RED_STOP,177.1,BROAD_GAUGE_ELECTRIFIED,100.99,NORMAL
FREIGHT_GOODS,111.23,581.04,2751.18,0.2,49.66,YELLOW,718.09,BROAD_GAUGE_NON_ELECTRIFIED,673.89,WARNING
SUPERFAST_EXPRESS,123.4,679.03,1395.89,0.1,17.72,DOUBLE_YELLOW,560.36,BROAD_GAUGE_ELECTRIFIED,820.09,WARNING
SUPERFAST_EXPRESS,64.19,388.28,719.36,0.49,25.61,DOUBLE_YELLOW,542.78,DOUBLE_LINE_AUTOMATIC,243.27,NORMAL
FREIGHT_GOODS,110.28,623.37,622.6,-3.37,53.65,GREEN,1722.77,DOUBLE_LINE_AUTOMATIC,819.47,NORMAL
PREMIUM_SUPERFAST,75.32,508.75,692.26,1.48,45.14,RED_STOP,2073.25,BROAD_GAUGE_NON_ELECTRIFIED,325.88,NORMAL
PREMIUM_SUPERFAST,119.85,685.56,2206.9,1.49,22.72,RED_STOP,1803.87,BROAD_GAUGE_NON_ELECTRIFIED,775.93,NORMAL
PREMIUM_SUPERFAST,47.89,490.3,560.15,-2.69,35.38,GREEN,1632.03,BROAD_GAUGE_NON_ELECTRIFIED,166.23,NORMAL
PREMIUM_SUPERFAST,144.63,484.7,1444.47,0.49,28.19,GREEN,2295.31,BROAD_GAUGE_NON_ELECTRIFIED,1109.21,NORMAL
PASSENGER_LOCAL,60.24,517.83,2734.92,0.48,32.05,GREEN,193.06,DOUBLE_LINE_AUTOMATIC,216.82,NORMAL
PASSENGER_LOCAL,71.49,612.12,1312.48,1.28,25.98,DOUBLE_YELLOW,460.33,DOUBLE_LINE_AUTOMATIC,296.12,NORMAL
FREIGHT_GOODS,28.13,730.58,2766.26,-2.9,22.57,GREEN,1065.3,BROAD_GAUGE_NON_ELECTRIFIED,66.16,NORMAL
FREIGHT_GOODS,35.61,240.46,2710.95,0.89,40.36,YELLOW,962.51,BROAD_GAUGE_ELECTRIFIED,85.89,NORMAL
FREIGHT_GOODS,92.22,229.39,1162.06,-1.53,45.03,GREEN,1074.23,BROAD_GAUGE_ELECTRIFIED,517.7,NORMAL
PASSENGER_LOCAL,57.46,715.65,2659.35,0.05,49.33,DOUBLE_YELLOW,555.81,DOUBLE_LINE_AUTOMATIC,199.14,NORMAL
SUPERFAST_EXPRESS,136.97,491.43,2718.11,1.91,16.99,YELLOW,416.28,BROAD_GAUGE_ELECTRIFIED,999.82,WARNING
PASSENGER_LOCAL,22.06,538.2,1632.11,1.44,47.03,DOUBLE_YELLOW,1297.52,BROAD_GAUGE_NON_ELECTRIFIED,38.78,NORMAL
PREMIUM_SUPERFAST,73.07,465.33,1052.3,-2.67,21.47,YELLOW,2323.73,BROAD_GAUGE_NON_ELECTRIFIED,359.78,NORMAL
PREMIUM_SUPERFAST,67.23,251.51,2015.94,0.64,29.23,YELLOW,1010.33,BROAD_GAUGE_NON_ELECTRIFIED,264.65,NORMAL
SUPERFAST_EXPRESS,22.71,622.45,3256.33,3.28,50.56,YELLOW,156.22,BROAD_GAUGE_NON_ELECTRIFIED,40.63,NORMAL
FREIGHT_GOODS,37.41,610.97,2382.81,-2.4,30.45,DOUBLE_YELLOW,1780.11,BROAD_GAUGE_NON_ELECTRIFIED,105.4,NORMAL
PASSENGER_LOCAL,77.91,371.44,936.06,2.47,18.87,YELLOW,763.21,BROAD_GAUGE_ELECTRIFIED,346.83,NORMAL
SUPERFAST_EXPRESS,89.0,368.43,2516.55,1.42,17.19,RED_STOP,650.48,BROAD_GAUGE_ELECTRIFIED,443.81,NORMAL
SUPERFAST_EXPRESS,76.6,660.81,1724.33,1.92,31.28,RED_STOP,844.43,DOUBLE_LINE_AUTOMATIC,336.16,NORMAL
PASSENGER_LOCAL,94.33,239.8,2233.74,-1.53,44.32,DOUBLE_YELLOW,1823.35,DOUBLE_LINE_AUTOMATIC,539.89,NORMAL
SUPERFAST_EXPRESS,103.32,684.61,2675.6,-1.48,54.87,RED_STOP,2056.11,BROAD_GAUGE_ELECTRIFIED,639.2,NORMAL
FREIGHT_GOODS,21.39,341.16,1996.34,2.84,45.43,YELLOW,1490.74,BROAD_GAUGE_ELECTRIFIED,36.92,NORMAL
PASSENGER_LOCAL,84.97,526.14,2923.35,-0.98,49.47,GREEN,840.07,DOUBLE_LINE_AUTOMATIC,429.97,NORMAL
PASSENGER_LOCAL,154.89,714.8,2638.68,-3.06,43.65,GREEN,810.67,BROAD_GAUGE_NON_ELECTRIFIED,1538.0,NORMAL
SUPERFAST_EXPRESS,92.66,572.97,2306.73,0.7,50.29,YELLOW,354.56,DOUBLE_LINE_AUTOMATIC,478.45,WARNING
FREIGHT_GOODS,114.86,427.94,867.46,-2.63,13.43,RED_STOP,2336.59,DOUBLE_LINE_AUTOMATIC,840.87,NORMAL
FREIGHT_GOODS,63.66,579.24,2991.44,2.08,51.85,YELLOW,1613.44,BROAD_GAUGE_ELECTRIFIED,239.65,NORMAL
PREMIUM_SUPERFAST,128.36,389.19,3301.31,0.99,27.84,GREEN,116.09,DOUBLE_LINE_AUTOMATIC,883.7,NORMAL
PASSENGER_LOCAL,128.21,352.49,824.59,2.62,51.47,GREEN,1672.8,DOUBLE_LINE_AUTOMATIC,881.74,NORMAL
PREMIUM_SUPERFAST,92.98,748.18,1913.55,1.99,13.41,DOUBLE_YELLOW,1145.53,BROAD_GAUGE_ELECTRIFIED,481.5,NORMAL
FREIGHT_GOODS,156.64,612.93,1202.56,-2.72,42.19,GREEN,2432.77,BROAD_GAUGE_NON_ELECTRIFIED,1533.91,NORMAL
FREIGHT_GOODS,37.58,554.6,2739.02,-0.83,43.11,DOUBLE_YELLOW,2056.72,BROAD_GAUGE_NON_ELECTRIFIED,97.93,NORMAL
PREMIUM_SUPERFAST,22.37,395.41,2637.05,1.92,54.86,RED_STOP,469.72,BROAD_GAUGE_NON_ELECTRIFIED,39.68,NORMAL
PASSENGER_LOCAL,127.82,227.04,836.74,-0.58,44.6,YELLOW,1814.27,BROAD_GAUGE_ELECTRIFIED,906.26,NORMAL
PREMIUM_SUPERFAST,133.0,217.08,3118.78,3.31,27.22,DOUBLE_YELLOW,1239.64,DOUBLE_LINE_AUTOMATIC,945.44,NORMAL
FREIGHT_GOODS,36.83,504.8,961.02,1.65,35.08,YELLOW,508.26,BROAD_GAUGE_NON_ELECTRIFIED,90.99,NORMAL
FREIGHT_GOODS,57.18,619.12,2871.5,-3.39,26.49,DOUBLE_YELLOW,1761.91,DOUBLE_LINE_AUTOMATIC,239.81,NORMAL
SUPERFAST_EXPRESS,22.46,495.56,1816.64,2.66,18.82,RED_STOP,1391.1,BROAD_GAUGE_ELECTRIFIED,39.92,NORMAL
SUPERFAST_EXPRESS,61.06,662.43,1417.64,-2.79,21.18,RED_STOP,124.42,BROAD_GAUGE_NON_ELECTRIFIED,260.27,CRITICAL
PREMIUM_SUPERFAST,128.24,218.38,890.54,-2.52,19.99,DOUBLE_YELLOW,1634.14,BROAD_GAUGE_NON_ELECTRIFIED,1030.15,NORMAL
SUPERFAST_EXPRESS,92.51,401.71,919.6,1.64,34.7,DOUBLE_YELLOW,1605.72,DOUBLE_LINE_AUTOMATIC,477.0,NORMAL
FREIGHT_GOODS,68.73,330.39,2451.86,2.55,50.78,RED_STOP,403.01,BROAD_GAUGE_NON_ELECTRIFIED,275.56,NORMAL
PASSENGER_LOCAL,72.04,446.0,2106.33,0.25,51.07,YELLOW,905.02,BROAD_GAUGE_ELECTRIFIED,300.33,NORMAL
PASSENGER_LOCAL,20.19,239.81,778.46,-1.48,12.46,RED_STOP,1485.45,DOUBLE_LINE_AUTOMATIC,35.68,NORMAL
PREMIUM_SUPERFAST,61.97,724.77,749.36,-1.04,13.6,YELLOW,390.02,DOUBLE_LINE_AUTOMATIC,241.13,NORMAL
SUPERFAST_EXPRESS,110.5,322.79,624.16,-1.1,21.03,DOUBLE_YELLOW,2139.17,BROAD_GAUGE_NON_ELECTRIFIED,709.09,NORMAL
PREMIUM_SUPERFAST,156.39,707.27,2705.68,-1.21,21.48,YELLOW,117.34,BROAD_GAUGE_NON_ELECTRIFIED,1384.82,WARNING
SUPERFAST_EXPRESS,138.59,434.24,2606.83,-1.8,14.27,DOUBLE_YELLOW,301.95,BROAD_GAUGE_NON_ELECTRIFIED,1139.88,WARNING
PASSENGER_LOCAL,23.3,742.04,581.14,0.76,27.48,YELLOW,334.46,BROAD_GAUGE_NON_ELECTRIFIED,42.37,NORMAL
SUPERFAST_EXPRESS,145.8,504.73,2136.84,2.8,36.45,DOUBLE_YELLOW,1343.86,DOUBLE_LINE_AUTOMATIC,1126.38,WARNING
SUPERFAST_EXPRESS,129.65,711.96,662.5,-1.35,36.02,GREEN,1569.28,DOUBLE_LINE_AUTOMATIC,975.35,NORMAL
PREMIUM_SUPERFAST,129.25,202.94,3201.61,-2.19,34.45,GREEN,1039.16,BROAD_GAUGE_NON_ELECTRIFIED,1023.4,NORMAL
PASSENGER_LOCAL,84.12,611.53,3212.06,2.37,25.24,RED_STOP,757.23,DOUBLE_LINE_AUTOMATIC,399.66,NORMAL
SUPERFAST_EXPRESS,75.72,696.68,2564.52,1.69,41.79,RED_STOP,2032.83,BROAD_GAUGE_ELECTRIFIED,329.09,NORMAL
PASSENGER_LOCAL,62.41,276.85,3271.19,3.02,47.19,DOUBLE_YELLOW,217.3,DOUBLE_LINE_AUTOMATIC,231.17,WARNING
SUPERFAST_EXPRESS,29.2,252.87,2915.5,-2.34,25.58,YELLOW,736.72,BROAD_GAUGE_ELECTRIFIED,68.43,NORMAL
PASSENGER_LOCAL,51.95,433.51,2968.47,-2.49,13.85,DOUBLE_YELLOW,145.83,BROAD_GAUGE_ELECTRIFIED,190.24,WARNING
SUPERFAST_EXPRESS,54.52,713.52,2166.09,0.29,23.33,GREEN,84.03,BROAD_GAUGE_ELECTRIFIED,181.23,NORMAL
FREIGHT_GOODS,87.77,498.31,1348.78,0.8,16.18,GREEN,915.78,BROAD_GAUGE_NON_ELECTRIFIED,432.47,NORMAL
PASSENGER_LOCAL,124.64,490.1,1075.18,-0.14,31.03,DOUBLE_YELLOW,527.32,DOUBLE_LINE_AUTOMATIC,842.33,WARNING
FREIGHT_GOODS,86.33,277.62,1414.32,0.69,17.02,GREEN,707.5,BROAD_GAUGE_ELECTRIFIED,419.4,NORMAL
FREIGHT_GOODS,28.1,200.43,2348.34,-2.24,30.83,RED_STOP,2061.32,BROAD_GAUGE_NON_ELECTRIFIED,63.78,NORMAL
FREIGHT_GOODS,154.09,645.58,935.24,-0.14,19.95,DOUBLE_YELLOW,449.3,DOUBLE_LINE_AUTOMATIC,1262.37,WARNING
SUPERFAST_EXPRESS,151.98,248.17,1201.78,1.11,43.24,RED_STOP,1961.57,DOUBLE_LINE_AUTOMATIC,1219.47,NORMAL
PASSENGER_LOCAL,129.93,548.62,1850.99,-0.47,11.24,RED_STOP,1703.87,BROAD_GAUGE_NON_ELECTRIFIED,929.01,NORMAL
SUPERFAST_EXPRESS,158.79,703.04,1122.46,1.26,34.96,RED_STOP,849.79,DOUBLE_LINE_AUTOMATIC,1326.17,CRITICAL
SUPERFAST_EXPRESS,96.23,314.76,2224.8,-0.34,17.63,GREEN,1389.06,BROAD_GAUGE_NON_ELECTRIFIED,523.12,NORMAL
PASSENGER_LOCAL,154.79,565.9,3261.85,-1.16,10.04,YELLOW,1138.87,BROAD_GAUGE_NON_ELECTRIFIED,1353.65,WARNING
PREMIUM_SUPERFAST,30.58,243.28,2719.08,-1.37,49.11,YELLOW,364.57,BROAD_GAUGE_NON_ELECTRIFIED,70.59,NORMAL
SUPERFAST_EXPRESS,71.2,532.07,2465.92,-0.62,40.22,YELLOW,2272.6,DOUBLE_LINE_AUTOMATIC,303.8,NORMAL
FREIGHT_GOODS,51.55,290.16,2206.44,-3.34,14.45,RED_STOP,1445.56,BROAD_GAUGE_NON_ELECTRIFIED,197.77,NORMAL
SUPERFAST_EXPRESS,47.42,604.77,1912.64,1.18,39.88,DOUBLE_YELLOW,2206.59,BROAD_GAUGE_NON_ELECTRIFIED,141.35,NORMAL
PREMIUM_SUPERFAST,39.71,365.68,978.35,2.42,37.52,RED_STOP,2068.37,DOUBLE_LINE_AUTOMATIC,103.63,NORMAL
FREIGHT_GOODS,107.14,454.87,3173.6,-1.02,31.3,RED_STOP,245.45,BROAD_GAUGE_ELECTRIFIED,665.55,CRITICAL
SUPERFAST_EXPRESS,129.39,529.69,1170.46,-3.18,28.87,DOUBLE_YELLOW,557.81,BROAD_GAUGE_NON_ELECTRIFIED,1097.25,WARNING
PASSENGER_LOCAL,100.96,294.2,683.06,3.41,49.92,YELLOW,405.89,BROAD_GAUGE_NON_ELECTRIFIED,561.69,WARNING
FREIGHT_GOODS,40.57,607.9,2725.05,-1.65,21.03,YELLOW,2085.41,BROAD_GAUGE_ELECTRIFIED,116.73,NORMAL
PREMIUM_SUPERFAST,133.56,366.45,944.41,-2.61,27.92,YELLOW,2162.99,DOUBLE_LINE_AUTOMATIC,1120.93,NORMAL
SUPERFAST_EXPRESS,109.03,564.3,1552.88,-0.91,24.81,RED_STOP,1343.53,DOUBLE_LINE_AUTOMATIC,683.68,NORMAL
PASSENGER_LOCAL,74.34,287.06,487.68,1.67,44.7,RED_STOP,305.24,DOUBLE_LINE_AUTOMATIC,318.16,CRITICAL
FREIGHT_GOODS,114.38,578.46,824.91,-1.44,51.24,GREEN,382.26,BROAD_GAUGE_NON_ELECTRIFIED,772.85,NORMAL
FREIGHT_GOODS,56.39,270.5,936.93,0.52,48.24,YELLOW,2043.19,BROAD_GAUGE_ELECTRIFIED,192.49,NORMAL
PASSENGER_LOCAL,68.33,433.95,568.67,-0.59,45.9,RED_STOP,2326.52,DOUBLE_LINE_AUTOMATIC,281.23,NORMAL
PREMIUM_SUPERFAST,148.45,335.96,2435.64,-2.68,54.41,GREEN,538.72,BROAD_GAUGE_ELECTRIFIED,1379.23,WARNING
FREIGHT_GOODS,60.67,611.61,2994.72,-1.19,41.37,RED_STOP,77.29,DOUBLE_LINE_AUTOMATIC,233.88,CRITICAL
PREMIUM_SUPERFAST,85.8,344.12,1557.28,1.57,43.8,RED_STOP,860.83,BROAD_GAUGE_NON_ELECTRIFIED,414.59,NORMAL
PREMIUM_SUPERFAST,144.62,684.94,3111.19,0.78,54.23,YELLOW,124.72,DOUBLE_LINE_AUTOMATIC,1109.06,WARNING
PASSENGER_LOCAL,119.08,690.5,1061.37,-2.66,10.31,DOUBLE_YELLOW,2078.54,BROAD_GAUGE_ELECTRIFIED,903.0,NORMAL
FREIGHT_GOODS,28.71,308.04,1408.71,-2.36,38.53,RED_STOP,1254.21,BROAD_GAUGE_ELECTRIFIED,66.55,NORMAL
SUPERFAST_EXPRESS,40.62,537.62,867.28,0.99,43.25,RED_STOP,1622.56,BROAD_GAUGE_ELECTRIFIED,107.79,NORMAL
PASSENGER_LOCAL,21.1,248.24,2323.73,2.19,51.3,RED_STOP,1058.14,BROAD_GAUGE_NON_ELECTRIFIED,36.12,NORMAL
PASSENGER_LOCAL,108.33,415.35,1701.6,-1.05,49.77,YELLOW,896.49,DOUBLE_LINE_AUTOMATIC,681.06,NORMAL
PREMIUM_SUPERFAST,82.67,592.33,2301.18,0.67,47.89,RED_STOP,594.39,BROAD_GAUGE_NON_ELECTRIFIED,387.03,NORMAL
SUPERFAST_EXPRESS,38.8,562.68,2761.19,-2.31,52.56,GREEN,1937.8,BROAD_GAUGE_NON_ELECTRIFIED,111.76,NORMAL
PASSENGER_LOCAL,154.11,543.59,2091.68,-1.32,34.18,YELLOW,1754.09,BROAD_GAUGE_ELECTRIFIED,1355.4,NORMAL
PREMIUM_SUPERFAST,94.15,355.4,2345.65,-3.36,10.31,GREEN,933.79,BROAD_GAUGE_ELECTRIFIED,606.44,NORMAL
FREIGHT_GOODS,53.87,407.91,3299.28,1.88,10.5,YELLOW,836.73,BROAD_GAUGE_NON_ELECTRIFIED,177.33,NORMAL
PREMIUM_SUPERFAST,90.08,256.62,1327.1,-0.69,34.51,RED_STOP,53.05,BROAD_GAUGE_NON_ELECTRIFIED,471.63,CRITICAL
SUPERFAST_EXPRESS,115.15,595.46,1513.41,2.21,29.59,RED_STOP,205.7,DOUBLE_LINE_AUTOMATIC,719.37,CRITICAL
SUPERFAST_EXPRESS,30.67,477.14,2624.88,1.46,30.31,GREEN,1576.98,BROAD_GAUGE_ELECTRIFIED,66.67,NORMAL
PREMIUM_SUPERFAST,58.46,589.82,2295.05,2.3,28.02,GREEN,1310.79,BROAD_GAUGE_ELECTRIFIED,205.4,NORMAL
FREIGHT_GOODS,132.98,336.92,953.45,-1.5,51.3,YELLOW,1115.27,BROAD_GAUGE_ELECTRIFIED,1033.32,WARNING
SUPERFAST_EXPRESS,84.35,378.44,1566.06,-2.2,26.16,YELLOW,2077.38,DOUBLE_LINE_AUTOMATIC,456.55,NORMAL
SUPERFAST_EXPRESS,96.52,383.82,1850.3,3.3,48.53,DOUBLE_YELLOW,1284.55,DOUBLE_LINE_AUTOMATIC,516.31,NORMAL
FREIGHT_GOODS,80.59,214.16,1700.11,1.52,50.63,DOUBLE_YELLOW,992.01,BROAD_GAUGE_ELECTRIFIED,369.21,NORMAL
PASSENGER_LOCAL,26.15,387.58,952.65,2.34,32.48,DOUBLE_YELLOW,445.08,BROAD_GAUGE_ELECTRIFIED,51.12,NORMAL
SUPERFAST_EXPRESS,43.2,641.82,3265.73,-3.41,30.11,RED_STOP,2060.69,BROAD_GAUGE_NON_ELECTRIFIED,144.39,NORMAL
PREMIUM_SUPERFAST,82.38,693.51,2763.19,-1.02,44.25,GREEN,1461.81,BROAD_GAUGE_NON_ELECTRIFIED,406.71,NORMAL
FREIGHT_GOODS,49.29,485.02,1892.2,1.7,41.86,GREEN,276.53,DOUBLE_LINE_AUTOMATIC,151.37,NORMAL
SUPERFAST_EXPRESS,27.0,450.53,2508.19,-2.95,24.78,DOUBLE_YELLOW,1639.8,BROAD_GAUGE_ELECTRIFIED,61.86,NORMAL
PASSENGER_LOCAL,138.11,216.95,3181.58,0.47,14.61,DOUBLE_YELLOW,1091.42,BROAD_GAUGE_NON_ELECTRIFIED,1015.79,WARNING
SUPERFAST_EXPRESS,157.37,683.56,822.14,-0.5,21.92,YELLOW,2037.9,BROAD_GAUGE_NON_ELECTRIFIED,1341.8,NORMAL
PASSENGER_LOCAL,131.04,207.16,1176.16,-3.38,15.9,DOUBLE_YELLOW,2301.34,BROAD_GAUGE_ELECTRIFIED,1140.61,NORMAL
SUPERFAST_EXPRESS,139.53,719.61,2082.37,-1.85,23.26,GREEN,1521.14,BROAD_GAUGE_ELECTRIFIED,1158.39,NORMAL
SUPERFAST_EXPRESS,53.88,469.07,2876.93,-1.51,21.78,YELLOW,1842.45,BROAD_GAUGE_NON_ELECTRIFIED,191.95,NORMAL
PREMIUM_SUPERFAST,154.49,388.06,512.39,-2.72,38.7,DOUBLE_YELLOW,188.65,BROAD_GAUGE_ELECTRIFIED,1493.68,WARNING
FREIGHT_GOODS,47.57,708.32,3450.46,0.92,52.95,RED_STOP,1422.63,BROAD_GAUGE_ELECTRIFIED,142.16,NORMAL
FREIGHT_GOODS,153.2,213.42,1810.21,-1.8,40.86,DOUBLE_YELLOW,1900.58,DOUBLE_LINE_AUTOMATIC,1382.02,NORMAL
PREMIUM_SUPERFAST,159.27,519.78,1513.62,-1.56,51.7,RED_STOP,1267.07,BROAD_GAUGE_NON_ELECTRIFIED,1465.86,CRITICAL
FREIGHT_GOODS,119.64,501.91,1307.45,2.79,45.29,DOUBLE_YELLOW,1504.2,BROAD_GAUGE_NON_ELECTRIFIED,773.38,NORMAL
FREIGHT_GOODS,157.36,320.63,940.51,-0.23,42.75,YELLOW,2252.42,DOUBLE_LINE_AUTOMATIC,1320.87,NORMAL
FREIGHT_GOODS,99.74,435.89,2853.88,-0.76,28.63,RED_STOP,535.34,DOUBLE_LINE_AUTOMATIC,572.73,CRITICAL
SUPERFAST_EXPRESS,56.34,558.75,3361.78,1.57,24.62,RED_STOP,290.7,BROAD_GAUGE_NON_ELECTRIFIED,192.18,NORMAL
SUPERFAST_EXPRESS,81.18,599.92,1682.3,2.87,48.08,YELLOW,1742.08,BROAD_GAUGE_NON_ELECTRIFIED,374.18,NORMAL
PASSENGER_LOCAL,103.1,200.39,3352.5,-3.32,50.74,RED_STOP,2065.98,BROAD_GAUGE_ELECTRIFIED,718.65,NORMAL
PASSENGER_LOCAL,30.23,715.27,2953.77,-0.36,30.33,YELLOW,2133.7,BROAD_GAUGE_ELECTRIFIED,66.09,NORMAL
FREIGHT_GOODS,107.13,290.49,1891.26,0.78,10.41,DOUBLE_YELLOW,1622.03,BROAD_GAUGE_NON_ELECTRIFIED,627.85,NORMAL
FREIGHT_GOODS,157.36,328.47,2489.48,-1.27,45.66,YELLOW,2091.37,BROAD_GAUGE_ELECTRIFIED,1406.49,NORMAL
FREIGHT_GOODS,46.62,344.91,1748.45,1.91,22.83,YELLOW,1766.63,BROAD_GAUGE_ELECTRIFIED,137.16,NORMAL
PREMIUM_SUPERFAST,130.96,220.8,2132.04,3.3,10.44,YELLOW,264.07,BROAD_GAUGE_ELECTRIFIED,918.08,WARNING
SUPERFAST_EXPRESS,147.11,267.68,579.94,3.1,46.22,YELLOW,1917.01,DOUBLE_LINE_AUTOMATIC,1145.76,NORMAL
FREIGHT_GOODS,152.12,742.49,2558.42,-1.64,33.28,GREEN,489.43,BROAD_GAUGE_NON_ELECTRIFIED,1348.85,NORMAL
FREIGHT_GOODS,154.42,373.37,563.76,-1.92,40.83,RED_STOP,629.69,BROAD_GAUGE_NON_ELECTRIFIED,1413.58,CRITICAL
SUPERFAST_EXPRESS,93.0,263.42,2932.96,3.2,51.16,DOUBLE_YELLOW,1016.89,BROAD_GAUGE_NON_ELECTRIFIED,481.73,NORMAL
PASSENGER_LOCAL,156.82,258.85,2957.34,-0.29,34.35,YELLOW,820.69,BROAD_GAUGE_ELECTRIFIED,1316.8,WARNING
FREIGHT_GOODS,126.02,595.7,1134.94,-2.04,32.64,GREEN,838.05,BROAD_GAUGE_ELECTRIFIED,965.47,NORMAL
FREIGHT_GOODS,42.63,670.01,1403.35,1.45,23.08,GREEN,464.69,DOUBLE_LINE_AUTOMATIC,117.26,NORMAL
FREIGHT_GOODS,86.77,341.32,1892.06,-1.51,23.73,DOUBLE_YELLOW,769.98,DOUBLE_LINE_AUTOMATIC,461.12,NORMAL
FREIGHT_GOODS,120.57,211.5,2249.66,-1.63,45.84,RED_STOP,98.17,BROAD_GAUGE_NON_ELECTRIFIED,864.22,CRITICAL
SUPERFAST_EXPRESS,54.63,322.7,1290.8,2.65,30.21,DOUBLE_YELLOW,1208.63,DOUBLE_LINE_AUTOMATIC,181.85,NORMAL
SUPERFAST_EXPRESS,109.69,231.08,2236.71,-2.36,17.36,YELLOW,1933.05,DOUBLE_LINE_AUTOMATIC,756.89,NORMAL
SUPERFAST_EXPRESS,113.32,256.87,1323.14,-3.05,14.25,RED_STOP,2162.51,BROAD_GAUGE_ELECTRIFIED,843.84,NORMAL
PASSENGER_LOCAL,42.78,437.33,572.02,-1.62,31.28,RED_STOP,2060.05,BROAD_GAUGE_NON_ELECTRIFIED,127.87,NORMAL
FREIGHT_GOODS,99.11,326.46,407.84,0.75,30.92,DOUBLE_YELLOW,1070.32,BROAD_GAUGE_NON_ELECTRIFIED,542.55,NORMAL
PASSENGER_LOCAL,128.03,483.77,713.57,-2.64,39.41,DOUBLE_YELLOW,1839.54,DOUBLE_LINE_AUTOMATIC,1035.46,NORMAL
PASSENGER_LOCAL,89.85,339.42,2855.98,-0.2,31.2,RED_STOP,755.33,BROAD_GAUGE_ELECTRIFIED,456.58,NORMAL
SUPERFAST_EXPRESS,21.69,717.3,3380.44,0.89,16.46,DOUBLE_YELLOW,186.13,DOUBLE_LINE_AUTOMATIC,37.76,NORMAL
FREIGHT_GOODS,21.27,698.27,1723.6,2.44,32.85,RED_STOP,1706.13,DOUBLE_LINE_AUTOMATIC,36.58,NORMAL
FREIGHT_GOODS,69.98,511.74,1989.32,-1.89,50.81,DOUBLE_YELLOW,1639.55,BROAD_GAUGE_NON_ELECTRIFIED,316.45,NORMAL
PASSENGER_LOCAL,149.67,394.93,855.23,2.22,17.17,RED_STOP,2013.99,BROAD_GAUGE_ELECTRIFIED,1184.2,NORMAL
PREMIUM_SUPERFAST,52.01,409.63,2108.2,-1.86,41.04,YELLOW,1559.46,DOUBLE_LINE_AUTOMATIC,183.71,NORMAL
PREMIUM_SUPERFAST,108.81,426.52,848.43,1.24,36.72,GREEN,434.38,DOUBLE_LINE_AUTOMATIC,646.54,NORMAL
FREIGHT_GOODS,51.09,600.17,2294.76,-0.49,43.69,DOUBLE_YELLOW,2140.25,BROAD_GAUGE_ELECTRIFIED,165.3,NORMAL
FREIGHT_GOODS,65.03,448.4,3293.1,-2.7,16.78,RED_STOP,1586.77,DOUBLE_LINE_AUTOMATIC,290.48,NORMAL
PASSENGER_LOCAL,138.73,671.2,1006.67,1.5,52.37,GREEN,2028.64,BROAD_GAUGE_NON_ELECTRIFIED,1024.43,WARNING
PASSENGER_LOCAL,122.04,719.25,2770.15,-1.98,37.94,GREEN,1946.56,DOUBLE_LINE_AUTOMATIC,904.2,NORMAL
SUPERFAST_EXPRESS,33.36,384.77,472.86,-2.26,48.12,GREEN,779.77,BROAD_GAUGE_NON_ELECTRIFIED,85.66,NORMAL
PASSENGER_LOCAL,80.02,508.38,1564.04,-0.99,21.1,DOUBLE_YELLOW,232.65,BROAD_GAUGE_NON_ELECTRIFIED,384.76,WARNING
PASSENGER_LOCAL,24.08,252.28,743.32,1.07,43.27,DOUBLE_YELLOW,482.44,BROAD_GAUGE_NON_ELECTRIFIED,44.7,NORMAL
PREMIUM_SUPERFAST,87.32,310.26,1492.67,-1.86,45.15,YELLOW,277.51,BROAD_GAUGE_NON_ELECTRIFIED,476.82,WARNING
PREMIUM_SUPERFAST,112.74,427.41,937.96,-2.21,27.88,DOUBLE_YELLOW,646.36,BROAD_GAUGE_NON_ELECTRIFIED,789.72,WARNING
PREMIUM_SUPERFAST,36.59,313.41,1557.25,-3.43,27.28,DOUBLE_YELLOW,1175.85,BROAD_GAUGE_NON_ELECTRIFIED,107.6,NORMAL
PREMIUM_SUPERFAST,60.44,682.11,1694.32,-0.2,39.6,DOUBLE_YELLOW,2271.69,DOUBLE_LINE_AUTOMATIC,220.38,NORMAL
PASSENGER_LOCAL,75.7,287.06,1331.83,-0.5,14.2,GREEN,2186.45,BROAD_GAUGE_ELECTRIFIED,337.81,NORMAL
FREIGHT_GOODS,148.73,450.61,2435.53,-1.86,43.1,YELLOW,1810.57,DOUBLE_LINE_AUTOMATIC,1310.71,NORMAL
PREMIUM_SUPERFAST,159.06,533.13,3248.44,-3.12,11.93,GREEN,109.08,BROAD_GAUGE_ELECTRIFIED,1626.55,NORMAL
SUPERFAST_EXPRESS,26.29,580.53,1641.85,-0.5,18.58,YELLOW,886.4,DOUBLE_LINE_AUTOMATIC,52.65,NORMAL
SUPERFAST_EXPRESS,126.54,410.69,996.26,2.02,39.89,DOUBLE_YELLOW,1721.75,BROAD_GAUGE_ELECTRIFIED,860.09,NORMAL
PASSENGER_LOCAL,72.04,678.0,1239.24,1.51,14.42,RED_STOP,366.12,DOUBLE_LINE_AUTOMATIC,300.32,NORMAL
SUPERFAST_EXPRESS,74.94,512.58,3047.4,2.53,53.73,DOUBLE_YELLOW,2012.67,BROAD_GAUGE_NON_ELECTRIFIED,322.91,NORMAL
PREMIUM_SUPERFAST,125.6,441.73,2172.08,-3.43,49.08,GREEN,2290.71,BROAD_GAUGE_ELECTRIFIED,1055.77,NORMAL
FREIGHT_GOODS,148.58,236.98,1810.53,3.26,38.18,GREEN,917.56,DOUBLE_LINE_AUTOMATIC,1167.8,NORMAL
FREIGHT_GOODS,153.13,455.58,863.87,-1.11,46.86,GREEN,1779.32,BROAD_GAUGE_NON_ELECTRIFIED,1321.47,NORMAL
PREMIUM_SUPERFAST,100.8,651.4,1794.15,3.43,49.94,YELLOW,413.1,DOUBLE_LINE_AUTOMATIC,559.97,WARNING
SUPERFAST_EXPRESS,70.0,538.0,1263.33,-1.73,21.68,GREEN,1742.5,BROAD_GAUGE_ELECTRIFIED,313.57,NORMAL
PASSENGER_LOCAL,130.26,657.69,3323.81,-0.2,48.22,RED_STOP,102.57,DOUBLE_LINE_AUTOMATIC,919.01,CRITICAL
FREIGHT_GOODS,55.14,471.71,3140.62,-1.02,18.77,RED_STOP,419.39,DOUBLE_LINE_AUTOMATIC,194.93,NORMAL
PREMIUM_SUPERFAST,98.97,265.15,660.1,-1.01,28.6,DOUBLE_YELLOW,1789.21,BROAD_GAUGE_NON_ELECTRIFIED,572.92,NORMAL
PREMIUM_SUPERFAST,70.2,207.5,2001.63,2.4,35.12,YELLOW,1794.03,BROAD_GAUGE_NON_ELECTRIFIED,286.41,NORMAL
SUPERFAST_EXPRESS,111.93,366.77,1097.68,1.72,42.13,YELLOW,1620.85,BROAD_GAUGE_NON_ELECTRIFIED,681.89,NORMAL
PASSENGER_LOCAL,53.66,583.89,1673.41,3.45,11.36,DOUBLE_YELLOW,1219.54,BROAD_GAUGE_ELECTRIFIED,176.1,NORMAL
PASSENGER_LOCAL,46.82,634.64,3118.23,0.79,23.07,GREEN,1703.52,BROAD_GAUGE_NON_ELECTRIFIED,138.24,NORMAL
SUPERFAST_EXPRESS,148.55,362.66,2035.3,-0.26,37.38,GREEN,1945.81,BROAD_GAUGE_ELECTRIFIED,1184.79,NORMAL
PREMIUM_SUPERFAST,34.25,472.61,1436.07,-2.87,26.08,DOUBLE_YELLOW,2417.88,BROAD_GAUGE_NON_ELECTRIFIED,92.73,NORMAL
SUPERFAST_EXPRESS,90.83,431.62,1044.45,3.48,44.88,DOUBLE_YELLOW,2227.17,BROAD_GAUGE_NON_ELECTRIFIED,460.98,NORMAL
SUPERFAST_EXPRESS,50.92,425.79,2881.01,0.36,39.32,DOUBLE_YELLOW,1996.61,BROAD_GAUGE_NON_ELECTRIFIED,160.4,NORMAL
SUPERFAST_EXPRESS,25.45,327.24,2336.01,1.4,20.55,DOUBLE_YELLOW,1752.16,BROAD_GAUGE_NON_ELECTRIFIED,48.91,NORMAL
PREMIUM_SUPERFAST,25.04,275.0,1851.0,-0.65,16.57,YELLOW,1456.68,BROAD_GAUGE_ELECTRIFIED,48.92,NORMAL
FREIGHT_GOODS,44.53,308.18,1074.2,0.33,38.31,YELLOW,345.49,BROAD_GAUGE_ELECTRIFIED,126.56,NORMAL
PREMIUM_SUPERFAST,141.35,230.43,1436.16,3.1,30.27,GREEN,455.61,BROAD_GAUGE_ELECTRIFIED,1061.66,NORMAL
FREIGHT_GOODS,59.55,308.97,3375.51,-2.34,17.6,YELLOW,2059.68,BROAD_GAUGE_NON_ELECTRIFIED,241.57,NORMAL
FREIGHT_GOODS,153.06,205.06,2012.28,-1.45,24.69,YELLOW,2018.12,BROAD_GAUGE_NON_ELECTRIFIED,1349.04,NORMAL
SUPERFAST_EXPRESS,101.43,544.99,1642.17,-2.44,23.64,YELLOW,1555.42,BROAD_GAUGE_NON_ELECTRIFIED,655.63,NORMAL
PASSENGER_LOCAL,81.13,374.01,2016.41,2.05,14.87,DOUBLE_YELLOW,1125.16,BROAD_GAUGE_ELECTRIFIED,373.73,NORMAL
SUPERFAST_EXPRESS,101.21,735.23,2814.86,-3.07,34.61,YELLOW,113.78,DOUBLE_LINE_AUTOMATIC,681.4,WARNING
PREMIUM_SUPERFAST,92.34,306.54,1454.34,-2.93,44.36,GREEN,851.58,DOUBLE_LINE_AUTOMATIC,567.43,NORMAL
PASSENGER_LOCAL,126.23,390.21,953.99,-1.41,35.9,YELLOW,1080.57,DOUBLE_LINE_AUTOMATIC,930.36,WARNING
PASSENGER_LOCAL,59.55,396.81,2213.3,0.1,47.18,DOUBLE_YELLOW,1240.25,BROAD_GAUGE_ELECTRIFIED,212.37,NORMAL
PREMIUM_SUPERFAST,69.43,204.65,2462.13,-0.66,15.74,YELLOW,2326.85,DOUBLE_LINE_AUTOMATIC,290.6,NORMAL
PREMIUM_SUPERFAST,145.17,661.56,2609.43,-3.19,29.6,RED_STOP,316.34,BROAD_GAUGE_ELECTRIFIED,1369.91,CRITICAL
SUPERFAST_EXPRESS,152.5,217.6,3134.16,3.2,37.42,GREEN,1321.22,BROAD_GAUGE_ELECTRIFIED,1227.5,NORMAL
PREMIUM_SUPERFAST,144.96,717.1,1550.64,3.17,40.42,YELLOW,951.41,BROAD_GAUGE_NON_ELECTRIFIED,1114.02,WARNING
FREIGHT_GOODS,78.72,690.64,633.6,-1.54,41.31,GREEN,2475.74,BROAD_GAUGE_NON_ELECTRIFIED,385.47,NORMAL
FREIGHT_GOODS,129.25,494.54,3370.88,1.62,42.8,DOUBLE_YELLOW,2161.57,BROAD_GAUGE_ELECTRIFIED,895.4,NORMAL
PASSENGER_LOCAL,86.69,498.98,1748.54,0.55,39.31,GREEN,1125.03,DOUBLE_LINE_AUTOMATIC,422.59,NORMAL
SUPERFAST_EXPRESS,89.66,559.58,2332.1,-1.84,14.24,RED_STOP,2499.25,BROAD_GAUGE_ELECTRIFIED,500.2,NORMAL
SUPERFAST_EXPRESS,48.66,412.88,2465.55,-1.66,41.29,RED_STOP,1309.45,BROAD_GAUGE_ELECTRIFIED,161.21,NORMAL
PASSENGER_LOCAL,102.76,555.97,2094.19,-0.06,42.62,GREEN,459.44,DOUBLE_LINE_AUTOMATIC,582.56,NORMAL
PREMIUM_SUPERFAST,46.06,224.62,1036.3,-0.57,54.71,DOUBLE_YELLOW,1411.89,BROAD_GAUGE_NON_ELECTRIFIED,138.04,NORMAL
SUPERFAST_EXPRESS,66.42,229.73,2740.94,-1.46,41.2,GREEN,604.2,BROAD_GAUGE_ELECTRIFIED,280.25,NORMAL
PASSENGER_LOCAL,139.7,451.48,2891.63,2.15,40.91,YELLOW,1608.97,BROAD_GAUGE_NON_ELECTRIFIED,1038.24,NORMAL
PASSENGER_LOCAL,48.99,502.29,2114.22,-0.13,33.17,YELLOW,2346.73,BROAD_GAUGE_NON_ELECTRIFIED,150.71,NORMAL
FREIGHT_GOODS,29.96,688.3,1914.54,1.08,49.06,GREEN,1976.19,BROAD_GAUGE_NON_ELECTRIFIED,64.1,NORMAL
PASSENGER_LOCAL,29.66,257.56,753.21,-2.18,54.86,YELLOW,719.25,BROAD_GAUGE_ELECTRIFIED,69.7,NORMAL
PREMIUM_SUPERFAST,151.71,652.46,660.25,0.23,45.06,YELLOW,777.3,DOUBLE_LINE_AUTOMATIC,1215.3,WARNING
PREMIUM_SUPERFAST,90.97,315.53,1452.65,-1.27,37.56,DOUBLE_YELLOW,219.76,DOUBLE_LINE_AUTOMATIC,496.78,WARNING
PREMIUM_SUPERFAST,77.32,416.75,1363.62,0.18,13.55,GREEN,750.38,BROAD_GAUGE_NON_ELECTRIFIED,341.98,NORMAL
PREMIUM_SUPERFAST,133.52,374.13,3356.33,1.97,42.7,YELLOW,276.93,BROAD_GAUGE_NON_ELECTRIFIED,952.5,WARNING
PASSENGER_LOCAL,137.02,420.09,2829.23,1.88,41.89,GREEN,1273.65,DOUBLE_LINE_AUTOMATIC,1000.5,NORMAL
SUPERFAST_EXPRESS,66.51,282.77,2445.77,-1.02,44.9,GREEN,1785.45,BROAD_GAUGE_NON_ELECTRIFIED,274.02,NORMAL
PASSENGER_LOCAL,117.11,476.96,2004.71,1.36,15.6,YELLOW,1890.39,DOUBLE_LINE_AUTOMATIC,742.68,NORMAL
SUPERFAST_EXPRESS,127.96,640.9,918.84,3.09,39.42,DOUBLE_YELLOW,195.85,DOUBLE_LINE_AUTOMATIC,878.45,WARNING
SUPERFAST_EXPRESS,111.65,442.84,3433.22,0.88,23.31,DOUBLE_YELLOW,882.89,BROAD_GAUGE_ELECTRIFIED,678.71,NORMAL
SUPERFAST_EXPRESS,41.22,469.84,1562.63,-2.46,44.21,RED_STOP,756.02,BROAD_GAUGE_NON_ELECTRIFIED,125.48,NORMAL
FREIGHT_GOODS,142.62,666.82,731.47,1.26,20.82,GREEN,305.54,BROAD_GAUGE_NON_ELECTRIFIED,1080.02,NORMAL
PREMIUM_SUPERFAST,95.47,588.33,1930.78,-2.77,40.78,RED_STOP,938.05,BROAD_GAUGE_ELECTRIFIED,597.74,NORMAL
FREIGHT_GOODS,59.55,469.75,3109.39,2.6,23.27,DOUBLE_YELLOW,783.33,DOUBLE_LINE_AUTOMATIC,212.35,NORMAL
PASSENGER_LOCAL,79.53,341.73,3150.6,0.12,10.4,YELLOW,1604.52,BROAD_GAUGE_NON_ELECTRIFIED,360.27,NORMAL
FREIGHT_GOODS,25.26,686.71,433.99,-0.8,38.5,YELLOW,2214.09,BROAD_GAUGE_ELECTRIFIED,49.94,NORMAL
SUPERFAST_EXPRESS,37.9,517.36,3147.52,-3.1,15.1,DOUBLE_YELLOW,1164.36,DOUBLE_LINE_AUTOMATIC,112.25,NORMAL
PASSENGER_LOCAL,127.18,321.63,1241.6,-0.83,39.67,DOUBLE_YELLOW,1879.33,BROAD_GAUGE_ELECTRIFIED,911.23,NORMAL
PREMIUM_SUPERFAST,20.0,348.02,520.81,2.82,51.65,GREEN,407.73,BROAD_GAUGE_ELECTRIFIED,33.18,NORMAL
SUPERFAST_EXPRESS,78.32,641.72,3028.15,-3.35,53.62,RED_STOP,2242.67,BROAD_GAUGE_ELECTRIFIED,428.63,NORMAL
PREMIUM_SUPERFAST,93.15,224.28,3077.99,-0.18,20.62,RED_STOP,423.86,BROAD_GAUGE_ELECTRIFIED,487.84,CRITICAL
FREIGHT_GOODS,27.65,745.65,2248.32,3.02,46.42,DOUBLE_YELLOW,520.65,DOUBLE_LINE_AUTOMATIC,56.07,NORMAL
PREMIUM_SUPERFAST,156.23,271.69,2180.74,-0.74,25.91,GREEN,310.84,BROAD_GAUGE_ELECTRIFIED,1342.35,NORMAL
PASSENGER_LOCAL,51.66,637.84,2920.67,-0.5,50.52,YELLOW,808.71,DOUBLE_LINE_AUTOMATIC,168.74,NORMAL
SUPERFAST_EXPRESS,62.59,417.13,2837.56,0.55,45.44,DOUBLE_YELLOW,1403.41,BROAD_GAUGE_ELECTRIFIED,232.37,NORMAL
PREMIUM_SUPERFAST,62.55,470.72,3159.33,-0.26,13.33,RED_STOP,2470.59,BROAD_GAUGE_ELECTRIFIED,235.24,NORMAL
FREIGHT_GOODS,52.26,684.36,2113.52,-2.32,28.32,GREEN,1993.75,BROAD_GAUGE_NON_ELECTRIFIED,190.32,NORMAL
PASSENGER_LOCAL,20.21,427.1,3399.71,-3.37,25.18,GREEN,982.07,BROAD_GAUGE_NON_ELECTRIFIED,38.98,NORMAL
SUPERFAST_EXPRESS,122.11,495.62,3488.06,0.77,45.33,GREEN,1460.82,BROAD_GAUGE_NON_ELECTRIFIED,803.86,NORMAL
FREIGHT_GOODS,155.36,227.11,761.29,2.95,28.46,RED_STOP,1577.1,BROAD_GAUGE_NON_ELECTRIFIED,1271.86,NORMAL
SUPERFAST_EXPRESS,51.4,201.29,3033.59,-2.76,40.81,GREEN,2065.68,BROAD_GAUGE_ELECTRIFIED,189.62,NORMAL
PREMIUM_SUPERFAST,112.83,334.64,1949.45,-2.02,37.11,YELLOW,1854.31,BROAD_GAUGE_ELECTRIFIED,781.12,NORMAL
FREIGHT_GOODS,123.87,574.32,1601.46,-0.91,53.9,RED_STOP,1444.76,DOUBLE_LINE_AUTOMATIC,870.46,NORMAL
FREIGHT_GOODS,138.78,266.7,2300.52,2.16,52.2,DOUBLE_YELLOW,1689.5,BROAD_GAUGE_ELECTRIFIED,1025.18,WARNING
PREMIUM_SUPERFAST,79.17,262.57,573.49,-1.62,29.25,GREEN,1877.5,DOUBLE_LINE_AUTOMATIC,391.17,NORMAL
FREIGHT_GOODS,62.41,426.03,1970.03,2.67,42.56,RED_STOP,376.2,BROAD_GAUGE_ELECTRIFIED,231.18,NORMAL
FREIGHT_GOODS,65.54,556.31,3099.76,-3.12,47.33,DOUBLE_YELLOW,541.12,BROAD_GAUGE_ELECTRIFIED,302.76,NORMAL
FREIGHT_GOODS,119.77,591.64,1061.73,3.09,50.45,DOUBLE_YELLOW,1737.03,DOUBLE_LINE_AUTOMATIC,774.92,NORMAL
PREMIUM_SUPERFAST,134.35,298.15,1721.81,0.43,13.07,YELLOW,2133.54,BROAD_GAUGE_NON_ELECTRIFIED,963.75,NORMAL
PREMIUM_SUPERFAST,45.43,243.77,3312.39,1.11,23.59,DOUBLE_YELLOW,1052.69,BROAD_GAUGE_ELECTRIFIED,131.06,NORMAL
SUPERFAST_EXPRESS,71.93,717.22,1728.55,-0.93,24.41,YELLOW,2450.73,BROAD_GAUGE_NON_ELECTRIFIED,314.81,NORMAL
PREMIUM_SUPERFAST,146.27,343.37,1510.94,1.97,29.55,RED_STOP,579.38,DOUBLE_LINE_AUTOMATIC,1133.38,CRITICAL
FREIGHT_GOODS,132.94,669.34,1765.66,-2.33,17.62,YELLOW,1070.91,BROAD_GAUGE_ELECTRIFIED,1090.13,WARNING
PREMIUM_SUPERFAST,157.88,674.92,2010.3,-3.16,32.33,RED_STOP,977.38,DOUBLE_LINE_AUTOMATIC,1607.27,CRITICAL
FREIGHT_GOODS,125.59,624.89,2359.17,-0.73,39.84,RED_STOP,2329.23,BROAD_GAUGE_ELECTRIFIED,884.37,NORMAL
FREIGHT_GOODS,75.05,292.86,2882.15,2.48,32.38,GREEN,749.18,DOUBLE_LINE_AUTOMATIC,323.73,NORMAL
FREIGHT_GOODS,102.69,651.99,1801.52,1.78,39.96,YELLOW,1203.44,DOUBLE_LINE_AUTOMATIC,579.85,NORMAL
PREMIUM_SUPERFAST,112.54,623.09,2934.19,0.12,12.99,RED_STOP,508.72,BROAD_GAUGE_NON_ELECTRIFIED,688.96,CRITICAL
FREIGHT_GOODS,30.98,528.2,2054.53,0.5,49.42,GREEN,1327.1,BROAD_GAUGE_NON_ELECTRIFIED,67.81,NORMAL
SUPERFAST_EXPRESS,96.23,385.46,1449.29,-2.59,52.26,YELLOW,2150.64,BROAD_GAUGE_NON_ELECTRIFIED,599.68,NORMAL
PASSENGER_LOCAL,119.3,344.38,2439.65,2.38,37.81,YELLOW,794.9,BROAD_GAUGE_ELECTRIFIED,769.27,WARNING
PASSENGER_LOCAL,43.42,267.04,2624.94,2.01,49.66,DOUBLE_YELLOW,2036.44,DOUBLE_LINE_AUTOMATIC,121.1,NORMAL
SUPERFAST_EXPRESS,129.29,480.37,2129.95,1.1,15.92,GREEN,2282.71,BROAD_GAUGE_NON_ELECTRIFIED,895.89,NORMAL
PASSENGER_LOCAL,101.73,521.89,575.51,-0.24,45.89,DOUBLE_YELLOW,228.75,BROAD_GAUGE_ELECTRIFIED,577.2,WARNING
SUPERFAST_EXPRESS,153.31,397.64,926.64,3.25,15.36,RED_STOP,1903.24,BROAD_GAUGE_NON_ELECTRIFIED,1239.97,NORMAL
PREMIUM_SUPERFAST,25.94,461.45,1284.42,2.65,28.36,YELLOW,675.59,BROAD_GAUGE_ELECTRIFIED,50.46,NORMAL
PASSENGER_LOCAL,57.15,399.93,1276.14,1.01,24.57,RED_STOP,479.55,DOUBLE_LINE_AUTOMATIC,197.17,NORMAL
SUPERFAST_EXPRESS,104.22,552.55,2487.6,-0.9,36.35,GREEN,1522.75,DOUBLE_LINE_AUTOMATIC,627.29,NORMAL
SUPERFAST_EXPRESS,61.52,695.69,456.88,0.83,23.57,YELLOW,1778.73,DOUBLE_LINE_AUTOMATIC,225.23,NORMAL
FREIGHT_GOODS,120.02,290.16,2742.61,0.53,38.68,RED_STOP,1017.16,BROAD_GAUGE_ELECTRIFIED,778.02,NORMAL
PREMIUM_SUPERFAST,126.26,409.77,1222.56,-0.74,26.53,YELLOW,145.98,DOUBLE_LINE_AUTOMATIC,893.78,WARNING
SUPERFAST_EXPRESS,34.35,277.48,1361.07,-1.35,48.74,DOUBLE_YELLOW,2276.33,BROAD_GAUGE_ELECTRIFIED,86.02,NORMAL
PASSENGER_LOCAL,91.94,543.72,2036.52,-0.65,38.52,GREEN,1840.33,BROAD_GAUGE_ELECTRIFIED,488.78,NORMAL
FREIGHT_GOODS,91.24,600.88,1069.37,0.52,19.69,GREEN,715.58,BROAD_GAUGE_ELECTRIFIED,464.87,NORMAL
FREIGHT_GOODS,71.7,712.55,3141.86,-0.5,25.13,GREEN,1267.32,DOUBLE_LINE_AUTOMATIC,305.76,NORMAL
FREIGHT_GOODS,150.61,353.38,664.64,-1.65,48.13,YELLOW,118.09,DOUBLE_LINE_AUTOMATIC,1324.7,WARNING
PREMIUM_SUPERFAST,135.85,722.62,1777.59,1.83,27.39,RED_STOP,881.24,DOUBLE_LINE_AUTOMATIC,984.36,CRITICAL
SUPERFAST_EXPRESS,117.61,234.79,3033.21,0.22,34.11,RED_STOP,1330.21,BROAD_GAUGE_ELECTRIFIED,748.72,NORMAL
PREMIUM_SUPERFAST,120.01,531.66,2309.12,-3.03,39.2,GREEN,1317.2,DOUBLE_LINE_AUTOMATIC,939.85,NORMAL
SUPERFAST_EXPRESS,84.64,231.42,1306.22,-0.92,25.65,YELLOW,560.05,BROAD_GAUGE_ELECTRIFIED,425.38,NORMAL
FREIGHT_GOODS,148.94,691.58,1704.36,2.69,23.23,YELLOW,1953.03,DOUBLE_LINE_AUTOMATIC,1173.21,NORMAL
PASSENGER_LOCAL,117.24,491.39,2590.75,1.79,31.39,YELLOW,782.21,BROAD_GAUGE_ELECTRIFIED,744.32,WARNING
PASSENGER_LOCAL,122.06,568.14,3417.11,-1.24,19.67,RED_STOP,1472.0,BROAD_GAUGE_NON_ELECTRIFIED,863.44,NORMAL
PREMIUM_SUPERFAST,140.64,657.37,3168.73,3.07,22.79,GREEN,715.23,DOUBLE_LINE_AUTOMATIC,1051.5,NORMAL
FREIGHT_GOODS,58.37,282.67,1461.54,-2.96,12.79,RED_STOP,1091.66,DOUBLE_LINE_AUTOMATIC,242.2,NORMAL
SUPERFAST_EXPRESS,132.99,221.23,3494.41,3.23,23.68,DOUBLE_YELLOW,558.41,BROAD_GAUGE_ELECTRIFIED,945.28,WARNING
PREMIUM_SUPERFAST,47.33,683.38,410.86,-1.78,24.43,YELLOW,1600.87,BROAD_GAUGE_ELECTRIFIED,154.44,NORMAL
FREIGHT_GOODS,68.35,373.21,485.65,-3.44,53.28,DOUBLE_YELLOW,1092.68,BROAD_GAUGE_ELECTRIFIED,334.36,NORMAL
PREMIUM_SUPERFAST,66.99,270.94,2953.91,-0.46,36.54,GREEN,89.49,BROAD_GAUGE_NON_ELECTRIFIED,269.36,NORMAL
PASSENGER_LOCAL,156.99,457.65,1018.33,-0.99,45.43,GREEN,119.0,DOUBLE_LINE_AUTOMATIC,1375.79,NORMAL
FREIGHT_GOODS,139.92,529.07,588.38,0.27,12.04,RED_STOP,1204.28,BROAD_GAUGE_ELECTRIFIED,1041.23,NORMAL
PREMIUM_SUPERFAST,118.16,217.03,1135.16,2.08,14.79,GREEN,498.9,BROAD_GAUGE_NON_ELECTRIFIED,755.41,NORMAL
SUPERFAST_EXPRESS,121.79,351.19,1720.91,2.4,46.65,GREEN,1483.35,BROAD_GAUGE_NON_ELECTRIFIED,799.87,NORMAL
PASSENGER_LOCAL,98.69,218.04,2664.76,-0.69,38.06,RED_STOP,1050.07,BROAD_GAUGE_ELECTRIFIED,559.45,NORMAL
SUPERFAST_EXPRESS,152.59,431.18,2335.44,-0.49,18.59,RED_STOP,1653.33,DOUBLE_LINE_AUTOMATIC,1264.43,NORMAL
PREMIUM_SUPERFAST,89.48,692.31,1136.63,-2.46,28.22,RED_STOP,2383.37,BROAD_GAUGE_ELECTRIFIED,518.47,NORMAL
FREIGHT_GOODS,73.27,740.46,1960.14,-3.17,34.24,RED_STOP,1345.4,BROAD_GAUGE_ELECTRIFIED,373.7,NORMAL
PASSENGER_LOCAL,42.82,550.38,3271.26,0.99,47.96,GREEN,1979.08,BROAD_GAUGE_ELECTRIFIED,118.18,NORMAL
SUPERFAST_EXPRESS,130.07,288.9,2926.52,-3.05,12.72,DOUBLE_YELLOW,1894.95,BROAD_GAUGE_NON_ELECTRIFIED,1098.27,NORMAL
SUPERFAST_EXPRESS,122.82,698.22,1401.89,1.64,36.85,RED_STOP,2308.39,BROAD_GAUGE_NON_ELECTRIFIED,812.79,NORMAL
FREIGHT_GOODS,73.81,483.94,3445.02,0.27,42.27,GREEN,574.34,DOUBLE_LINE_AUTOMATIC,313.98,NORMAL
PREMIUM_SUPERFAST,23.53,284.56,2596.72,-2.11,54.01,GREEN,2076.95,BROAD_GAUGE_NON_ELECTRIFIED,47.09,NORMAL
SUPERFAST_EXPRESS,137.46,706.95,593.59,0.28,46.32,GREEN,2268.52,BROAD_GAUGE_ELECTRIFIED,1006.68,NORMAL
PREMIUM_SUPERFAST,21.6,616.61,509.0,-2.22,22.43,GREEN,1012.27,BROAD_GAUGE_NON_ELECTRIFIED,41.12,NORMAL
PREMIUM_SUPERFAST,118.52,602.44,922.06,-0.43,41.93,GREEN,818.85,DOUBLE_LINE_AUTOMATIC,778.36,NORMAL
PREMIUM_SUPERFAST,155.84,590.05,2656.35,2.1,44.35,RED_STOP,2382.49,BROAD_GAUGE_ELECTRIFIED,1279.36,NORMAL
FREIGHT_GOODS,81.27,310.19,969.59,-0.27,42.84,RED_STOP,1587.7,BROAD_GAUGE_ELECTRIFIED,380.38,NORMAL
PREMIUM_SUPERFAST,52.9,316.05,1985.61,-2.46,46.91,YELLOW,982.66,BROAD_GAUGE_NON_ELECTRIFIED,196.17,NORMAL
PASSENGER_LOCAL,118.68,578.56,689.11,1.57,50.67,YELLOW,1989.98,BROAD_GAUGE_NON_ELECTRIFIED,761.69,NORMAL
FREIGHT_GOODS,134.4,320.85,3254.75,-2.19,14.43,RED_STOP,795.96,DOUBLE_LINE_AUTOMATIC,1102.75,CRITICAL
SUPERFAST_EXPRESS,96.5,441.27,1466.28,1.67,14.71,RED_STOP,482.2,BROAD_GAUGE_ELECTRIFIED,516.1,CRITICAL
FREIGHT_GOODS,155.38,630.1,3215.21,-0.14,45.84,RED_STOP,1382.73,DOUBLE_LINE_AUTOMATIC,1282.9,NORMAL
SUPERFAST_EXPRESS,27.23,631.17,3329.11,-0.32,21.36,DOUBLE_YELLOW,1437.22,BROAD_GAUGE_NON_ELECTRIFIED,55.42,NORMAL
PASSENGER_LOCAL,90.67,449.29,419.0,2.46,12.63,RED_STOP,2073.08,BROAD_GAUGE_ELECTRIFIED,459.44,NORMAL
PREMIUM_SUPERFAST,120.58,635.7,1838.82,1.46,28.06,GREEN,1169.72,BROAD_GAUGE_NON_ELECTRIFIED,784.95,NORMAL
PREMIUM_SUPERFAST,140.77,661.24,476.43,-3.27,46.89,DOUBLE_YELLOW,2045.74,BROAD_GAUGE_ELECTRIFIED,1298.84,NORMAL
PREMIUM_SUPERFAST,45.1,560.13,3216.95,-1.43,15.7,DOUBLE_YELLOW,812.74,DOUBLE_LINE_AUTOMATIC,138.99,NORMAL
PREMIUM_SUPERFAST,132.0,325.63,2007.06,2.6,40.23,GREEN,1459.65,BROAD_GAUGE_ELECTRIFIED,931.95,NORMAL
FREIGHT_GOODS,97.38,350.71,632.33,-3.37,10.16,GREEN,560.76,BROAD_GAUGE_NON_ELECTRIFIED,647.03,NORMAL
PASSENGER_LOCAL,75.52,373.16,741.86,0.32,14.94,YELLOW,994.34,BROAD_GAUGE_ELECTRIFIED,327.47,NORMAL
SUPERFAST_EXPRESS,38.44,264.24,1588.88,1.59,25.79,GREEN,2150.97,DOUBLE_LINE_AUTOMATIC,97.95,NORMAL
FREIGHT_GOODS,141.14,350.24,3314.73,0.85,13.76,RED_STOP,579.17,BROAD_GAUGE_NON_ELECTRIFIED,1058.71,CRITICAL
PREMIUM_SUPERFAST,42.02,315.24,2548.02,1.82,48.07,RED_STOP,2035.09,DOUBLE_LINE_AUTOMATIC,114.32,NORMAL
PREMIUM_SUPERFAST,63.37,450.43,3089.62,1.58,48.88,YELLOW,743.04,BROAD_GAUGE_ELECTRIFIED,237.67,NORMAL
PREMIUM_SUPERFAST,60.61,699.64,1536.02,1.34,44.0,DOUBLE_YELLOW,134.5,BROAD_GAUGE_ELECTRIFIED,219.23,WARNING
SUPERFAST_EXPRESS,142.0,257.46,533.96,2.25,20.91,DOUBLE_YELLOW,319.34,BROAD_GAUGE_ELECTRIFIED,1071.0,WARNING
SUPERFAST_EXPRESS,114.18,596.15,3420.38,1.02,33.55,YELLOW,1877.4,BROAD_GAUGE_ELECTRIFIED,707.99,NORMAL
FREIGHT_GOODS,131.54,578.01,453.24,-0.68,18.29,RED_STOP,692.07,BROAD_GAUGE_NON_ELECTRIFIED,962.93,CRITICAL
PASSENGER_LOCAL,55.07,252.66,3337.72,-0.2,22.66,YELLOW,1652.66,BROAD_GAUGE_ELECTRIFIED,186.29,NORMAL
SUPERFAST_EXPRESS,107.48,707.41,1542.9,1.52,33.22,RED_STOP,1763.04,BROAD_GAUGE_NON_ELECTRIFIED,631.76,NORMAL
FREIGHT_GOODS,100.04,512.66,431.28,2.63,43.08,RED_STOP,895.54,BROAD_GAUGE_NON_ELECTRIFIED,552.16,NORMAL
SUPERFAST_EXPRESS,136.6,400.05,2536.39,-1.59,14.26,GREEN,1213.55,BROAD_GAUGE_NON_ELECTRIFIED,1094.27,NORMAL
FREIGHT_GOODS,146.85,616.1,3439.67,-1.11,23.35,YELLOW,1039.23,BROAD_GAUGE_ELECTRIFIED,1219.18,WARNING
PREMIUM_SUPERFAST,21.7,341.55,3393.44,3.02,51.7,YELLOW,2371.01,BROAD_GAUGE_ELECTRIFIED,37.78,NORMAL
SUPERFAST_EXPRESS,114.36,581.43,898.9,0.55,29.31,RED_STOP,833.87,DOUBLE_LINE_AUTOMATIC,710.15,NORMAL
PREMIUM_SUPERFAST,27.26,221.84,961.87,-2.25,52.25,RED_STOP,499.14,BROAD_GAUGE_ELECTRIFIED,60.61,NORMAL
PASSENGER_LOCAL,96.84,661.67,2153.17,1.15,54.61,GREEN,945.7,BROAD_GAUGE_ELECTRIFIED,519.51,NORMAL
PREMIUM_SUPERFAST,60.27,446.49,2375.64,3.44,33.7,RED_STOP,1690.31,BROAD_GAUGE_ELECTRIFIED,217.02,NORMAL
PASSENGER_LOCAL,62.95,550.18,2692.2,2.26,22.96,RED_STOP,1758.54,BROAD_GAUGE_NON_ELECTRIFIED,234.81,NORMAL
SUPERFAST_EXPRESS,69.41,321.68,961.26,1.72,45.58,DOUBLE_YELLOW,2313.94,DOUBLE_LINE_AUTOMATIC,280.57,NORMAL
PASSENGER_LOCAL,106.98,572.39,3372.92,-2.04,17.17,YELLOW,2210.3,BROAD_GAUGE_ELECTRIFIED,707.05,NORMAL
PREMIUM_SUPERFAST,66.77,624.73,2380.09,2.63,21.34,GREEN,756.39,DOUBLE_LINE_AUTOMATIC,261.35,NORMAL
SUPERFAST_EXPRESS,122.58,460.27,3025.85,0.18,45.32,GREEN,1165.15,BROAD_GAUGE_NON_ELECTRIFIED,809.72,NORMAL
FREIGHT_GOODS,76.63,539.75,2074.2,2.73,29.51,RED_STOP,1880.81,DOUBLE_LINE_AUTOMATIC,336.43,NORMAL
SUPERFAST_EXPRESS,29.57,450.98,1684.26,-1.19,19.07,YELLOW,2295.52,DOUBLE_LINE_AUTOMATIC,66.09,NORMAL
FREIGHT_GOODS,129.73,691.75,3429.27,-3.07,39.3,DOUBLE_YELLOW,876.05,DOUBLE_LINE_AUTOMATIC,1094.03,WARNING
PREMIUM_SUPERFAST,60.01,473.83,2204.58,-0.17,42.97,GREEN,1138.88,DOUBLE_LINE_AUTOMATIC,217.16,NORMAL
SUPERFAST_EXPRESS,80.59,662.99,3087.31,-1.61,15.63,RED_STOP,2253.72,DOUBLE_LINE_AUTOMATIC,404.22,NORMAL
FREIGHT_GOODS,115.96,640.74,3355.21,1.51,22.46,YELLOW,928.29,BROAD_GAUGE_NON_ELECTRIFIED,729.03,NORMAL
PREMIUM_SUPERFAST,66.54,425.78,2493.6,3.2,19.96,DOUBLE_YELLOW,1227.26,BROAD_GAUGE_ELECTRIFIED,259.76,NORMAL
PASSENGER_LOCAL,27.92,326.55,2101.71,1.34,27.09,YELLOW,2266.04,DOUBLE_LINE_AUTOMATIC,56.99,NORMAL
FREIGHT_GOODS,72.35,423.35,410.88,2.71,44.36,GREEN,2015.5,BROAD_GAUGE_NON_ELECTRIFIED,302.67,NORMAL
PASSENGER_LOCAL,152.22,654.42,524.06,-0.33,42.12,RED_STOP,646.41,BROAD_GAUGE_NON_ELECTRIFIED,1246.62,CRITICAL
SUPERFAST_EXPRESS,109.84,325.2,1022.64,1.9,39.81,RED_STOP,845.75,BROAD_GAUGE_ELECTRIFIED,658.14,NORMAL
FREIGHT_GOODS,114.01,488.44,976.63,2.4,10.28,GREEN,914.75,BROAD_GAUGE_NON_ELECTRIFIED,705.99,NORMAL
PREMIUM_SUPERFAST,108.52,643.35,1189.75,1.48,16.4,GREEN,2286.21,BROAD_GAUGE_ELECTRIFIED,643.29,NORMAL
PREMIUM_SUPERFAST,47.86,394.41,1345.3,0.05,20.05,YELLOW,2497.39,DOUBLE_LINE_AUTOMATIC,143.69,NORMAL
PASSENGER_LOCAL,78.57,553.22,1516.2,0.88,22.24,GREEN,1946.31,BROAD_GAUGE_NON_ELECTRIFIED,352.24,NORMAL
PREMIUM_SUPERFAST,125.13,335.1,1703.67,1.4,16.59,YELLOW,1236.6,BROAD_GAUGE_NON_ELECTRIFIED,842.0,NORMAL
SUPERFAST_EXPRESS,34.19,260.1,706.49,-1.73,28.46,RED_STOP,74.93,BROAD_GAUGE_NON_ELECTRIFIED,86.95,CRITICAL
SUPERFAST_EXPRESS,58.9,636.91,531.32,2.17,13.38,DOUBLE_YELLOW,1758.85,DOUBLE_LINE_AUTOMATIC,208.2,NORMAL
PASSENGER_LOCAL,58.68,254.43,2489.23,3.15,43.75,RED_STOP,1003.93,BROAD_GAUGE_ELECTRIFIED,206.84,NORMAL
FREIGHT_GOODS,80.48,349.26,2065.74,-0.24,45.45,RED_STOP,1600.82,BROAD_GAUGE_ELECTRIFIED,373.09,NORMAL
PREMIUM_SUPERFAST,157.25,670.31,1776.85,1.41,35.84,DOUBLE_YELLOW,1536.4,BROAD_GAUGE_NON_ELECTRIFIED,1301.72,WARNING
SUPERFAST_EXPRESS,29.45,390.56,2366.76,1.66,14.04,DOUBLE_YELLOW,1228.04,BROAD_GAUGE_NON_ELECTRIFIED,62.28,NORMAL
FREIGHT_GOODS,92.62,735.17,2965.81,1.14,50.05,DOUBLE_YELLOW,2363.75,DOUBLE_LINE_AUTOMATIC,478.0,NORMAL
SUPERFAST_EXPRESS,45.11,738.85,1725.85,0.33,53.45,RED_STOP,106.71,DOUBLE_LINE_AUTOMATIC,129.47,CRITICAL
SUPERFAST_EXPRESS,155.89,347.55,2387.47,2.67,19.11,GREEN,1794.72,BROAD_GAUGE_ELECTRIFIED,1280.29,NORMAL
FREIGHT_GOODS,35.86,222.54,3356.07,-0.36,41.71,RED_STOP,1054.11,BROAD_GAUGE_NON_ELECTRIFIED,88.35,NORMAL
FREIGHT_GOODS,76.5,587.78,3002.84,-3.07,47.89,GREEN,1798.79,BROAD_GAUGE_NON_ELECTRIFIED,402.46,NORMAL
PREMIUM_SUPERFAST,123.3,448.04,1720.6,2.41,34.29,YELLOW,1704.29,BROAD_GAUGE_NON_ELECTRIFIED,818.84,NORMAL
PASSENGER_LOCAL,118.64,255.41,2398.62,1.22,24.55,RED_STOP,75.08,BROAD_GAUGE_NON_ELECTRIFIED,761.15,CRITICAL
PASSENGER_LOCAL,79.18,589.14,948.92,2.44,31.54,DOUBLE_YELLOW,749.08,DOUBLE_LINE_AUTOMATIC,357.35,NORMAL
SUPERFAST_EXPRESS,68.51,217.15,2137.62,-2.53,33.05,RED_STOP,513.27,DOUBLE_LINE_AUTOMATIC,316.47,NORMAL
PASSENGER_LOCAL,75.67,678.61,3442.12,-3.28,28.03,RED_STOP,459.12,BROAD_GAUGE_ELECTRIFIED,399.98,NORMAL
SUPERFAST_EXPRESS,57.0,276.26,2006.78,3.04,51.84,DOUBLE_YELLOW,1834.77,BROAD_GAUGE_NON_ELECTRIFIED,196.26,NORMAL
FREIGHT_GOODS,48.75,270.02,3275.68,-2.47,43.47,YELLOW,636.9,DOUBLE_LINE_AUTOMATIC,169.33,NORMAL
SUPERFAST_EXPRESS,87.63,296.62,1662.74,2.17,20.86,YELLOW,1213.11,BROAD_GAUGE_NON_ELECTRIFIED,431.14,NORMAL
PREMIUM_SUPERFAST,57.59,728.15,3496.42,2.26,36.35,YELLOW,655.12,BROAD_GAUGE_ELECTRIFIED,199.97,NORMAL
SUPERFAST_EXPRESS,60.24,581.24,2195.58,1.46,40.99,YELLOW,1471.57,BROAD_GAUGE_NON_ELECTRIFIED,216.87,NORMAL
SUPERFAST_EXPRESS,111.95,640.75,531.03,-2.58,16.31,RED_STOP,1815.41,DOUBLE_LINE_AUTOMATIC,798.34,NORMAL
PREMIUM_SUPERFAST,155.6,418.7,2218.94,1.17,26.13,RED_STOP,861.13,DOUBLE_LINE_AUTOMATIC,1275.58,CRITICAL
PREMIUM_SUPERFAST,104.51,384.97,1251.18,2.72,50.75,DOUBLE_YELLOW,1527.4,BROAD_GAUGE_ELECTRIFIED,599.3,NORMAL
PASSENGER_LOCAL,30.78,328.97,500.69,-0.52,35.52,GREEN,2070.89,BROAD_GAUGE_ELECTRIFIED,68.59,NORMAL
FREIGHT_GOODS,30.58,464.36,2944.65,-0.61,19.76,DOUBLE_YELLOW,280.85,BROAD_GAUGE_NON_ELECTRIFIED,68.11,NORMAL
FREIGHT_GOODS,153.2,503.51,1254.76,-0.4,15.53,YELLOW,1791.14,BROAD_GAUGE_NON_ELECTRIFIED,1267.26,NORMAL
PREMIUM_SUPERFAST,61.62,547.48,2869.3,-2.92,33.32,GREEN,841.71,DOUBLE_LINE_AUTOMATIC,266.86,NORMAL
FREIGHT_GOODS,32.89,341.42,1293.47,2.74,34.65,DOUBLE_YELLOW,350.49,DOUBLE_LINE_AUTOMATIC,75.01,NORMAL
SUPERFAST_EXPRESS,103.87,721.76,1002.41,2.58,25.05,YELLOW,1386.85,DOUBLE_LINE_AUTOMATIC,592.39,NORMAL
FREIGHT_GOODS,107.31,293.37,3419.2,3.49,38.37,GREEN,604.34,BROAD_GAUGE_ELECTRIFIED,629.87,NORMAL
PREMIUM_SUPERFAST,110.79,731.11,1521.1,0.6,13.09,GREEN,2062.34,BROAD_GAUGE_ELECTRIFIED,668.88,NORMAL
FREIGHT_GOODS,57.44,208.17,2264.27,1.76,16.53,YELLOW,155.09,BROAD_GAUGE_ELECTRIFIED,198.98,WARNING
PREMIUM_SUPERFAST,22.12,464.62,2290.94,-2.08,34.58,GREEN,291.7,BROAD_GAUGE_NON_ELECTRIFIED,42.47,NORMAL
PASSENGER_LOCAL,155.1,383.35,2137.47,1.17,12.78,DOUBLE_YELLOW,1326.44,BROAD_GAUGE_ELECTRIFIED,1267.85,WARNING
PREMIUM_SUPERFAST,55.13,447.02,3235.56,1.05,49.64,DOUBLE_YELLOW,1492.91,BROAD_GAUGE_NON_ELECTRIFIED,184.83,NORMAL
SUPERFAST_EXPRESS,114.64,513.87,2490.77,2.81,16.4,DOUBLE_YELLOW,1838.22,BROAD_GAUGE_NON_ELECTRIFIED,713.45,NORMAL
SUPERFAST_EXPRESS,118.93,439.57,1651.57,2.32,40.33,GREEN,685.19,BROAD_GAUGE_NON_ELECTRIFIED,764.68,NORMAL
SUPERFAST_EXPRESS,105.4,428.17,3073.38,3.07,27.6,GREEN,2112.31,BROAD_GAUGE_ELECTRIFIED,608.95,NORMAL
PREMIUM_SUPERFAST,63.81,603.0,961.29,2.58,27.99,YELLOW,2385.2,DOUBLE_LINE_AUTOMATIC,240.65,NORMAL
PREMIUM_SUPERFAST,57.95,577.23,2087.13,2.58,44.42,YELLOW,1272.65,BROAD_GAUGE_ELECTRIFIED,202.22,NORMAL
SUPERFAST_EXPRESS,103.67,658.3,3346.71,-3.05,32.48,GREEN,1913.3,BROAD_GAUGE_ELECTRIFIED,712.6,NORMAL
FREIGHT_GOODS,141.25,337.48,2338.73,2.42,42.65,DOUBLE_YELLOW,1335.88,BROAD_GAUGE_ELECTRIFIED,1060.31,NORMAL
PREMIUM_SUPERFAST,152.54,535.24,2932.6,0.75,32.73,GREEN,220.19,BROAD_GAUGE_NON_ELECTRIFIED,1228.1,NORMAL
FREIGHT_GOODS,34.83,521.86,2426.04,-0.84,36.68,RED_STOP,848.97,DOUBLE_LINE_AUTOMATIC,85.91,NORMAL
PASSENGER_LOCAL,41.68,403.36,3002.05,-3.1,44.23,DOUBLE_YELLOW,264.34,BROAD_GAUGE_ELECTRIFIED,132.87,NORMAL
PASSENGER_LOCAL,152.26,467.33,3327.91,1.24,37.33,RED_STOP,2472.75,BROAD_GAUGE_ELECTRIFIED,1223.8,NORMAL
PASSENGER_LOCAL,123.11,372.58,1246.06,-1.2,37.7,YELLOW,611.11,BROAD_GAUGE_NON_ELECTRIFIED,875.87,WARNING
PASSENGER_LOCAL,143.62,278.01,925.95,-0.23,45.51,GREEN,1607.96,BROAD_GAUGE_ELECTRIFIED,1108.68,NORMAL
SUPERFAST_EXPRESS,48.37,317.59,1900.37,1.27,52.71,RED_STOP,746.65,BROAD_GAUGE_ELECTRIFIED,146.41,NORMAL
PREMIUM_SUPERFAST,102.26,258.03,2575.77,2.88,26.95,GREEN,1650.45,BROAD_GAUGE_NON_ELECTRIFIED,575.33,NORMAL
PASSENGER_LOCAL,118.16,575.69,1104.29,2.28,35.97,RED_STOP,565.48,BROAD_GAUGE_ELECTRIFIED,755.36,CRITICAL
SUPERFAST_EXPRESS,115.22,563.4,412.71,-0.35,13.88,GREEN,1973.91,DOUBLE_LINE_AUTOMATIC,734.33,NORMAL
PASSENGER_LOCAL,77.14,722.83,1463.1,-0.79,26.15,DOUBLE_YELLOW,321.49,BROAD_GAUGE_NON_ELECTRIFIED,355.36,WARNING
PREMIUM_SUPERFAST,22.16,601.32,3403.46,-1.82,28.54,YELLOW,2243.12,DOUBLE_LINE_AUTOMATIC,42.1,NORMAL
PASSENGER_LOCAL,101.61,228.63,2554.4,-0.89,47.59,DOUBLE_YELLOW,2109.03,BROAD_GAUGE_ELECTRIFIED,597.9,NORMAL
PASSENGER_LOCAL,55.43,686.33,1644.11,-2.72,33.1,YELLOW,1713.08,BROAD_GAUGE_NON_ELECTRIFIED,217.08,NORMAL
FREIGHT_GOODS,83.04,674.47,996.99,3.3,42.9,DOUBLE_YELLOW,215.17,BROAD_GAUGE_NON_ELECTRIFIED,390.17,WARNING
FREIGHT_GOODS,154.06,443.83,1503.88,0.52,10.86,YELLOW,560.99,BROAD_GAUGE_ELECTRIFIED,1251.61,WARNING
FREIGHT_GOODS,75.86,522.22,926.5,-2.61,30.9,DOUBLE_YELLOW,2155.44,DOUBLE_LINE_AUTOMATIC,384.23,NORMAL
FREIGHT_GOODS,137.57,736.84,729.55,-1.03,50.56,GREEN,348.84,BROAD_GAUGE_ELECTRIFIED,1071.08,WARNING
PASSENGER_LOCAL,46.4,492.77,3210.9,0.33,20.09,DOUBLE_YELLOW,432.03,BROAD_GAUGE_NON_ELECTRIFIED,136.03,NORMAL
PASSENGER_LOCAL,114.14,697.93,3492.72,0.23,11.42,RED_STOP,1382.81,BROAD_GAUGE_NON_ELECTRIFIED,707.59,NORMAL
FREIGHT_GOODS,156.78,245.67,908.75,-3.25,29.5,RED_STOP,721.73,BROAD_GAUGE_NON_ELECTRIFIED,1596.6,CRITICAL
PREMIUM_SUPERFAST,34.27,305.08,569.02,3.16,41.7,GREEN,594.09,BROAD_GAUGE_ELECTRIFIED,80.42,NORMAL
SUPERFAST_EXPRESS,21.16,442.42,1422.17,-1.57,30.45,GREEN,1460.74,BROAD_GAUGE_ELECTRIFIED,38.65,NORMAL
PASSENGER_LOCAL,80.7,521.62,1831.14,-3.39,30.7,GREEN,962.81,BROAD_GAUGE_ELECTRIFIED,454.45,NORMAL
FREIGHT_GOODS,32.97,648.93,1034.95,-2.96,40.14,RED_STOP,394.37,DOUBLE_LINE_AUTOMATIC,87.23,NORMAL
SUPERFAST_EXPRESS,124.77,743.54,1334.42,0.56,21.45,DOUBLE_YELLOW,1360.39,DOUBLE_LINE_AUTOMATIC,837.44,NORMAL
FREIGHT_GOODS,148.04,413.87,1022.7,-2.54,43.84,GREEN,998.18,DOUBLE_LINE_AUTOMATIC,1358.67,NORMAL
FREIGHT_GOODS,80.76,226.08,2800.21,-3.21,16.89,DOUBLE_YELLOW,1849.57,BROAD_GAUGE_NON_ELECTRIFIED,449.53,NORMAL
PREMIUM_SUPERFAST,56.22,640.64,2608.99,-0.84,27.81,YELLOW,301.75,DOUBLE_LINE_AUTOMATIC,199.94,NORMAL
PREMIUM_SUPERFAST,80.82,532.41,2368.35,0.86,39.52,DOUBLE_YELLOW,1570.5,BROAD_GAUGE_NON_ELECTRIFIED,371.1,NORMAL
PASSENGER_LOCAL,121.28,309.2,1600.38,-2.72,47.28,DOUBLE_YELLOW,1119.41,DOUBLE_LINE_AUTOMATIC,938.7,WARNING
FREIGHT_GOODS,21.27,472.16,3218.03,-1.31,45.62,RED_STOP,1044.85,DOUBLE_LINE_AUTOMATIC,38.52,NORMAL
SUPERFAST_EXPRESS,102.52,608.27,3405.55,-0.58,42.48,DOUBLE_YELLOW,619.1,BROAD_GAUGE_NON_ELECTRIFIED,597.02,WARNING
PASSENGER_LOCAL,105.86,623.73,938.28,-2.38,26.16,RED_STOP,124.54,BROAD_GAUGE_ELECTRIFIED,708.57,CRITICAL
PREMIUM_SUPERFAST,109.28,474.79,1091.34,0.04,15.5,YELLOW,2126.84,DOUBLE_LINE_AUTOMATIC,651.76,NORMAL
PASSENGER_LOCAL,53.88,367.87,2029.46,-2.9,19.76,RED_STOP,849.7,BROAD_GAUGE_NON_ELECTRIFIED,208.48,NORMAL
PASSENGER_LOCAL,119.97,735.56,682.88,-3.17,48.92,YELLOW,1718.67,BROAD_GAUGE_ELECTRIFIED,949.16,NORMAL
FREIGHT_GOODS,32.79,564.85,1752.99,0.14,48.58,YELLOW,2371.59,BROAD_GAUGE_ELECTRIFIED,74.64,NORMAL
SUPERFAST_EXPRESS,47.9,424.53,2203.55,-1.76,52.82,GREEN,1434.23,BROAD_GAUGE_ELECTRIFIED,157.62,NORMAL
PREMIUM_SUPERFAST,142.85,354.25,2018.43,-2.83,13.42,DOUBLE_YELLOW,1023.01,BROAD_GAUGE_NON_ELECTRIFIED,1294.9,WARNING
PASSENGER_LOCAL,123.42,602.11,1425.82,-0.53,34.16,DOUBLE_YELLOW,707.27,DOUBLE_LINE_AUTOMATIC,845.61,WARNING
PASSENGER_LOCAL,21.92,333.2,2081.58,2.91,39.19,GREEN,2338.41,DOUBLE_LINE_AUTOMATIC,38.41,NORMAL
FREIGHT_GOODS,54.77,294.44,3372.28,1.57,41.98,GREEN,1721.09,DOUBLE_LINE_AUTOMATIC,182.71,NORMAL
PASSENGER_LOCAL,50.02,491.41,1038.65,2.21,38.97,DOUBLE_YELLOW,1679.94,BROAD_GAUGE_ELECTRIFIED,155.38,NORMAL
SUPERFAST_EXPRESS,57.91,359.49,2429.98,2.6,44.65,GREEN,1094.09,DOUBLE_LINE_AUTOMATIC,201.96,NORMAL
FREIGHT_GOODS,54.66,545.9,534.53,3.31,26.18,GREEN,2120.37,BROAD_GAUGE_NON_ELECTRIFIED,182.03,NORMAL
PREMIUM_SUPERFAST,28.75,264.87,605.89,1.84,18.07,YELLOW,1798.5,DOUBLE_LINE_AUTOMATIC,59.84,NORMAL
PASSENGER_LOCAL,84.25,560.22,2110.67,0.76,19.21,GREEN,743.8,DOUBLE_LINE_AUTOMATIC,400.83,NORMAL
PASSENGER_LOCAL,122.58,355.81,725.31,-0.94,10.54,GREEN,1518.97,DOUBLE_LINE_AUTOMATIC,855.12,NORMAL
FREIGHT_GOODS,104.94,200.13,469.28,-2.23,25.76,RED_STOP,1103.98,DOUBLE_LINE_AUTOMATIC,689.92,NORMAL
PASSENGER_LOCAL,114.2,269.81,931.69,1.31,14.13,DOUBLE_YELLOW,66.15,BROAD_GAUGE_NON_ELECTRIFIED,708.27,WARNING
PREMIUM_SUPERFAST,31.36,713.49,2151.03,3.46,24.47,RED_STOP,2028.68,DOUBLE_LINE_AUTOMATIC,69.21,NORMAL
SUPERFAST_EXPRESS,153.21,677.05,2580.36,-0.23,38.27,GREEN,350.93,BROAD_GAUGE_ELECTRIFIED,1254.78,NORMAL
SUPERFAST_EXPRESS,137.39,328.48,1027.68,1.57,50.25,GREEN,1299.39,DOUBLE_LINE_AUTOMATIC,1005.7,WARNING
FREIGHT_GOODS,132.71,628.1,2471.6,-0.03,47.78,RED_STOP,873.75,BROAD_GAUGE_ELECTRIFIED,943.36,CRITICAL
PASSENGER_LOCAL,135.22,534.71,965.68,-0.48,21.37,GREEN,888.12,BROAD_GAUGE_ELECTRIFIED,1002.71,NORMAL
FREIGHT_GOODS,150.58,734.0,2301.72,-0.63,16.03,YELLOW,1219.54,BROAD_GAUGE_ELECTRIFIED,1242.7,WARNING
FREIGHT_GOODS,96.2,405.48,1677.08,0.03,18.69,RED_STOP,2492.71,BROAD_GAUGE_NON_ELECTRIFIED,513.06,NORMAL
FREIGHT_GOODS,48.04,574.8,2426.78,-0.93,53.69,RED_STOP,1050.53,BROAD_GAUGE_ELECTRIFIED,151.54,NORMAL
FREIGHT_GOODS,106.35,234.94,3484.66,1.74,34.73,DOUBLE_YELLOW,496.71,BROAD_GAUGE_ELECTRIFIED,619.29,WARNING
FREIGHT_GOODS,124.0,417.94,3307.23,2.62,18.21,RED_STOP,1553.34,DOUBLE_LINE_AUTOMATIC,827.67,NORMAL
PASSENGER_LOCAL,123.31,730.1,413.27,2.68,47.83,YELLOW,628.9,BROAD_GAUGE_NON_ELECTRIFIED,818.9,WARNING
SUPERFAST_EXPRESS,93.0,496.44,3144.86,-1.91,27.78,GREEN,308.6,BROAD_GAUGE_NON_ELECTRIFIED,538.13,NORMAL
SUPERFAST_EXPRESS,29.58,358.33,606.12,2.77,50.46,RED_STOP,172.93,BROAD_GAUGE_NON_ELECTRIFIED,62.75,NORMAL
SUPERFAST_EXPRESS,71.96,266.15,3354.44,-1.11,21.73,RED_STOP,106.06,BROAD_GAUGE_ELECTRIFIED,318.26,CRITICAL
PASSENGER_LOCAL,148.91,586.94,1273.66,-1.33,27.69,DOUBLE_YELLOW,1106.35,BROAD_GAUGE_ELECTRIFIED,1270.06,WARNING
PASSENGER_LOCAL,101.82,554.67,1584.31,1.59,32.72,DOUBLE_YELLOW,1095.48,BROAD_GAUGE_ELECTRIFIED,570.71,NORMAL
FREIGHT_GOODS,95.37,405.67,684.08,-1.37,50.17,GREEN,504.59,DOUBLE_LINE_AUTOMATIC,545.8,NORMAL
SUPERFAST_EXPRESS,57.64,723.02,748.05,-3.13,49.09,RED_STOP,1970.85,BROAD_GAUGE_ELECTRIFIED,239.2,NORMAL
FREIGHT_GOODS,71.58,212.21,2652.9,-0.88,35.85,YELLOW,366.71,BROAD_GAUGE_NON_ELECTRIFIED,311.28,WARNING
SUPERFAST_EXPRESS,145.35,367.05,3327.43,1.55,19.98,GREEN,2292.53,DOUBLE_LINE_AUTOMATIC,1119.75,NORMAL
PREMIUM_SUPERFAST,113.3,706.59,2293.32,-1.21,28.15,YELLOW,1489.56,DOUBLE_LINE_AUTOMATIC,748.51,NORMAL
PASSENGER_LOCAL,130.23,376.51,2619.14,0.91,53.9,RED_STOP,117.66,BROAD_GAUGE_NON_ELECTRIFIED,908.39,CRITICAL
PREMIUM_SUPERFAST,83.61,338.74,2762.11,1.12,37.35,GREEN,2409.28,BROAD_GAUGE_ELECTRIFIED,395.17,NORMAL
SUPERFAST_EXPRESS,108.23,493.82,1214.72,1.64,45.15,DOUBLE_YELLOW,804.46,DOUBLE_LINE_AUTOMATIC,640.11,NORMAL
FREIGHT_GOODS,54.77,653.09,540.21,2.78,30.24,DOUBLE_YELLOW,1152.44,BROAD_GAUGE_NON_ELECTRIFIED,182.72,NORMAL
PASSENGER_LOCAL,118.76,256.73,405.81,-0.47,33.94,YELLOW,746.46,BROAD_GAUGE_ELECTRIFIED,783.37,WARNING
PASSENGER_LOCAL,79.86,718.66,1487.01,-2.33,29.3,GREEN,1834.63,DOUBLE_LINE_AUTOMATIC,415.62,NORMAL
FREIGHT_GOODS,81.96,637.29,1148.54,-1.27,41.63,YELLOW,1239.92,DOUBLE_LINE_AUTOMATIC,408.71,NORMAL
PREMIUM_SUPERFAST,110.91,299.69,593.18,-0.47,48.32,DOUBLE_YELLOW,374.31,DOUBLE_LINE_AUTOMATIC,688.33,WARNING
PREMIUM_SUPERFAST,151.08,591.6,956.54,1.5,32.83,RED_STOP,305.3,DOUBLE_LINE_AUTOMATIC,1205.66,CRITICAL
PREMIUM_SUPERFAST,28.96,411.73,785.95,-3.41,31.64,DOUBLE_YELLOW,1827.17,DOUBLE_LINE_AUTOMATIC,71.51,NORMAL
PREMIUM_SUPERFAST,135.46,421.26,3236.12,-1.29,25.31,RED_STOP,630.85,BROAD_GAUGE_ELECTRIFIED,1056.61,CRITICAL
PASSENGER_LOCAL,60.93,630.81,834.83,1.96,17.97,YELLOW,387.59,BROAD_GAUGE_NON_ELECTRIFIED,221.37,NORMAL
SUPERFAST_EXPRESS,82.15,729.53,2066.71,1.2,52.27,YELLOW,1273.6,DOUBLE_LINE_AUTOMATIC,382.49,NORMAL
FREIGHT_GOODS,23.07,269.66,2238.63,1.62,24.22,YELLOW,2016.77,BROAD_GAUGE_NON_ELECTRIFIED,41.68,NORMAL
SUPERFAST_EXPRESS,62.15,431.35,2084.82,2.18,46.03,RED_STOP,733.02,BROAD_GAUGE_NON_ELECTRIFIED,229.41,NORMAL
SUPERFAST_EXPRESS,90.37,464.52,707.07,1.98,42.19,YELLOW,727.26,BROAD_GAUGE_NON_ELECTRIFIED,456.59,NORMAL
PREMIUM_SUPERFAST,27.86,406.97,1388.27,1.28,45.59,YELLOW,2093.01,BROAD_GAUGE_ELECTRIFIED,56.79,NORMAL
SUPERFAST_EXPRESS,88.75,399.75,558.94,-0.42,52.15,GREEN,412.19,BROAD_GAUGE_NON_ELECTRIFIED,451.81,NORMAL
PREMIUM_SUPERFAST,149.8,228.75,1626.58,3.39,38.05,RED_STOP,1560.98,BROAD_GAUGE_NON_ELECTRIFIED,1186.14,NORMAL
PREMIUM_SUPERFAST,34.76,577.05,984.66,0.48,50.41,YELLOW,2389.78,BROAD_GAUGE_NON_ELECTRIFIED,82.39,NORMAL
SUPERFAST_EXPRESS,127.02,439.92,2141.06,-2.08,17.55,YELLOW,2111.19,DOUBLE_LINE_AUTOMATIC,982.61,NORMAL
FREIGHT_GOODS,77.35,307.14,2547.71,-1.45,38.2,RED_STOP,201.45,DOUBLE_LINE_AUTOMATIC,371.04,CRITICAL
SUPERFAST_EXPRESS,111.72,648.82,2049.57,1.35,44.75,RED_STOP,833.78,BROAD_GAUGE_NON_ELECTRIFIED,679.55,NORMAL
SUPERFAST_EXPRESS,56.43,641.41,1746.13,2.97,22.22,DOUBLE_YELLOW,398.82,BROAD_GAUGE_ELECTRIFIED,192.77,NORMAL
PASSENGER_LOCAL,42.33,467.52,1600.73,-2.25,43.33,DOUBLE_YELLOW,2375.64,DOUBLE_LINE_AUTOMATIC,129.93,NORMAL
PREMIUM_SUPERFAST,42.46,364.15,3009.24,-2.92,45.03,GREEN,2465.56,DOUBLE_LINE_AUTOMATIC,135.89,NORMAL
PASSENGER_LOCAL,29.87,550.95,1080.04,2.67,47.4,YELLOW,625.73,BROAD_GAUGE_NON_ELECTRIFIED,63.77,NORMAL
FREIGHT_GOODS,45.99,358.48,2676.08,2.91,24.08,RED_STOP,1690.76,BROAD_GAUGE_NON_ELECTRIFIED,133.94,NORMAL
SUPERFAST_EXPRESS,112.99,329.8,2748.2,-1.57,40.67,YELLOW,2112.0,BROAD_GAUGE_ELECTRIFIED,760.92,NORMAL
PASSENGER_LOCAL,143.44,601.78,1699.52,-0.86,23.69,DOUBLE_YELLOW,622.52,DOUBLE_LINE_AUTOMATIC,1148.09,WARNING
PASSENGER_LOCAL,133.98,222.18,1321.63,1.12,43.26,DOUBLE_YELLOW,509.82,BROAD_GAUGE_NON_ELECTRIFIED,958.68,WARNING
SUPERFAST_EXPRESS,115.92,252.12,1858.68,-1.19,30.83,DOUBLE_YELLOW,77.47,DOUBLE_LINE_AUTOMATIC,780.6,WARNING
SUPERFAST_EXPRESS,35.46,203.73,688.96,2.64,36.89,RED_STOP,1059.31,BROAD_GAUGE_NON_ELECTRIFIED,85.27,NORMAL
PREMIUM_SUPERFAST,60.49,284.12,542.38,-2.75,28.71,YELLOW,2253.62,BROAD_GAUGE_NON_ELECTRIFIED,255.01,NORMAL
PREMIUM_SUPERFAST,63.37,237.94,745.97,-3.23,17.29,RED_STOP,2262.3,BROAD_GAUGE_ELECTRIFIED,286.76,NORMAL
PASSENGER_LOCAL,54.99,747.69,980.15,-2.04,18.01,YELLOW,362.97,DOUBLE_LINE_AUTOMATIC,205.36,NORMAL
SUPERFAST_EXPRESS,92.1,358.85,1962.95,-1.5,13.49,GREEN,550.66,DOUBLE_LINE_AUTOMATIC,515.27,NORMAL
PREMIUM_SUPERFAST,94.98,282.1,3032.32,-2.71,37.81,DOUBLE_YELLOW,1049.72,BROAD_GAUGE_NON_ELECTRIFIED,589.67,NORMAL
PREMIUM_SUPERFAST,69.96,332.55,1130.49,-3.04,48.19,DOUBLE_YELLOW,1962.53,BROAD_GAUGE_ELECTRIFIED,340.02,NORMAL
FREIGHT_GOODS,69.53,714.87,3299.0,1.79,10.94,DOUBLE_YELLOW,1549.04,BROAD_GAUGE_ELECTRIFIED,281.43,NORMAL
PASSENGER_LOCAL,136.0,486.09,3360.21,-2.35,12.98,DOUBLE_YELLOW,1308.93,BROAD_GAUGE_ELECTRIFIED,1139.95,WARNING
PASSENGER_LOCAL,130.5,400.65,3372.6,2.9,30.59,RED_STOP,1500.23,DOUBLE_LINE_AUTOMATIC,911.93,NORMAL
PASSENGER_LOCAL,63.09,680.37,2996.44,-0.92,43.2,DOUBLE_YELLOW,285.69,BROAD_GAUGE_NON_ELECTRIFIED,247.54,WARNING
SUPERFAST_EXPRESS,147.93,417.24,1527.86,1.19,17.1,YELLOW,1220.28,BROAD_GAUGE_NON_ELECTRIFIED,1158.06,WARNING
FREIGHT_GOODS,153.39,384.25,625.32,-1.92,22.22,YELLOW,2480.56,BROAD_GAUGE_ELECTRIFIED,1396.19,NORMAL
PREMIUM_SUPERFAST,65.74,314.01,2163.34,-1.82,20.44,DOUBLE_YELLOW,266.69,BROAD_GAUGE_ELECTRIFIED,280.81,WARNING
FREIGHT_GOODS,69.62,407.79,2131.91,0.52,27.96,DOUBLE_YELLOW,1322.15,BROAD_GAUGE_ELECTRIFIED,282.09,NORMAL
PREMIUM_SUPERFAST,90.79,374.18,3034.92,0.42,20.12,RED_STOP,774.34,DOUBLE_LINE_AUTOMATIC,460.55,NORMAL
PREMIUM_SUPERFAST,151.76,572.52,3487.57,1.88,25.87,RED_STOP,1372.79,BROAD_GAUGE_NON_ELECTRIFIED,1216.02,NORMAL
FREIGHT_GOODS,142.68,359.27,1975.29,1.8,42.78,YELLOW,1455.86,BROAD_GAUGE_ELECTRIFIED,1080.9,NORMAL
PASSENGER_LOCAL,34.36,517.46,1470.13,1.19,37.5,YELLOW,1464.81,BROAD_GAUGE_ELECTRIFIED,80.79,NORMAL
SUPERFAST_EXPRESS,74.98,236.24,976.3,-0.36,13.65,GREEN,2137.91,BROAD_GAUGE_NON_ELECTRIFIED,329.38,NORMAL
FREIGHT_GOODS,97.47,305.21,414.88,2.73,38.7,YELLOW,1004.88,DOUBLE_LINE_AUTOMATIC,525.87,NORMAL
PASSENGER_LOCAL,90.44,424.07,1978.25,0.86,31.47,GREEN,1315.07,DOUBLE_LINE_AUTOMATIC,457.25,NORMAL
PASSENGER_LOCAL,47.14,715.32,2122.11,3.43,52.06,DOUBLE_YELLOW,76.77,DOUBLE_LINE_AUTOMATIC,139.91,WARNING
SUPERFAST_EXPRESS,140.23,407.49,2957.31,2.24,23.02,DOUBLE_YELLOW,1984.4,BROAD_GAUGE_NON_ELECTRIFIED,1045.77,NORMAL
SUPERFAST_EXPRESS,114.77,565.24,1964.19,-3.19,42.68,DOUBLE_YELLOW,685.74,DOUBLE_LINE_AUTOMATIC,873.13,WARNING
PASSENGER_LOCAL,137.31,340.3,3241.05,-1.26,42.89,YELLOW,2050.56,BROAD_GAUGE_ELECTRIFIED,1082.0,NORMAL
SUPERFAST_EXPRESS,140.23,269.87,2347.06,0.5,19.97,YELLOW,700.81,DOUBLE_LINE_AUTOMATIC,1045.66,WARNING
PASSENGER_LOCAL,124.77,232.2,3005.04,1.55,50.65,DOUBLE_YELLOW,76.43,BROAD_GAUGE_NON_ELECTRIFIED,837.39,WARNING
PREMIUM_SUPERFAST,81.49,367.98,859.74,0.35,32.1,RED_STOP,429.34,DOUBLE_LINE_AUTOMATIC,376.83,NORMAL
SUPERFAST_EXPRESS,105.48,286.71,3051.54,2.0,40.55,DOUBLE_YELLOW,2464.92,BROAD_GAUGE_NON_ELECTRIFIED,609.77,NORMAL
PREMIUM_SUPERFAST,42.45,295.71,2492.95,-1.52,16.56,GREEN,833.51,BROAD_GAUGE_NON_ELECTRIFIED,125.52,NORMAL
SUPERFAST_EXPRESS,114.31,618.42,927.72,-2.21,21.6,RED_STOP,316.62,DOUBLE_LINE_AUTOMATIC,810.66,CRITICAL
PASSENGER_LOCAL,45.1,208.71,988.27,-3.12,36.37,RED_STOP,340.96,BROAD_GAUGE_ELECTRIFIED,153.17,NORMAL
PASSENGER_LOCAL,117.15,506.8,3272.15,0.51,24.36,YELLOW,810.34,BROAD_GAUGE_NON_ELECTRIFIED,743.24,WARNING
PASSENGER_LOCAL,52.14,408.7,499.87,1.32,32.49,YELLOW,142.23,DOUBLE_LINE_AUTOMATIC,167.33,WARNING
PASSENGER_LOCAL,36.46,478.6,1833.86,-1.22,26.83,GREEN,1303.15,BROAD_GAUGE_NON_ELECTRIFIED,94.69,NORMAL
PASSENGER_LOCAL,43.14,509.56,1371.77,0.8,38.82,DOUBLE_YELLOW,573.67,DOUBLE_LINE_AUTOMATIC,119.71,NORMAL
PASSENGER_LOCAL,20.28,372.35,2461.74,-3.13,31.92,DOUBLE_YELLOW,1322.31,BROAD_GAUGE_ELECTRIFIED,38.75,NORMAL
SUPERFAST_EXPRESS,120.62,362.31,3002.85,-2.8,10.21,YELLOW,394.87,BROAD_GAUGE_NON_ELECTRIFIED,934.61,WARNING
SUPERFAST_EXPRESS,122.54,603.37,1517.17,1.41,39.24,YELLOW,1103.15,BROAD_GAUGE_ELECTRIFIED,809.2,NORMAL
PREMIUM_SUPERFAST,92.09,679.2,1723.4,-0.92,29.0,DOUBLE_YELLOW,1514.9,BROAD_GAUGE_ELECTRIFIED,497.99,NORMAL
FREIGHT_GOODS,42.59,305.92,3443.95,1.2,25.38,RED_STOP,201.9,BROAD_GAUGE_ELECTRIFIED,117.06,NORMAL
SUPERFAST_EXPRESS,31.7,253.69,2830.14,2.32,14.24,GREEN,1026.94,BROAD_GAUGE_ELECTRIFIED,70.47,NORMAL
SUPERFAST_EXPRESS,22.68,693.79,3181.33,2.47,19.92,GREEN,791.18,BROAD_GAUGE_ELECTRIFIED,40.55,NORMAL
FREIGHT_GOODS,43.2,392.44,1760.16,-2.29,20.07,GREEN,638.88,DOUBLE_LINE_AUTOMATIC,135.1,NORMAL
FREIGHT_GOODS,144.72,503.22,1125.64,-0.1,52.09,YELLOW,1531.11,BROAD_GAUGE_ELECTRIFIED,1116.62,WARNING
PREMIUM_SUPERFAST,53.82,397.75,1676.78,1.64,29.46,RED_STOP,1491.93,DOUBLE_LINE_AUTOMATIC,177.04,NORMAL
PREMIUM_SUPERFAST,69.6,269.19,2619.88,1.92,11.89,GREEN,1595.21,BROAD_GAUGE_ELECTRIFIED,281.93,NORMAL
PASSENGER_LOCAL,34.75,524.13,739.23,1.99,16.25,RED_STOP,439.26,BROAD_GAUGE_ELECTRIFIED,82.36,NORMAL
PREMIUM_SUPERFAST,51.13,488.83,1238.45,-1.9,13.56,YELLOW,749.99,BROAD_GAUGE_NON_ELECTRIFIED,178.6,NORMAL
PREMIUM_SUPERFAST,92.69,311.65,544.57,-2.15,36.5,YELLOW,563.71,DOUBLE_LINE_AUTOMATIC,543.1,WARNING
FREIGHT_GOODS,105.09,448.53,1740.28,0.63,18.4,DOUBLE_YELLOW,1374.23,BROAD_GAUGE_ELECTRIFIED,605.52,NORMAL
SUPERFAST_EXPRESS,54.35,638.32,2965.08,1.69,32.44,RED_STOP,1179.61,BROAD_GAUGE_ELECTRIFIED,180.19,NORMAL
PASSENGER_LOCAL,28.08,524.73,476.46,-1.27,26.65,RED_STOP,859.22,BROAD_GAUGE_ELECTRIFIED,60.8,NORMAL
PREMIUM_SUPERFAST,74.74,253.3,2493.5,-2.77,46.17,RED_STOP,1975.74,DOUBLE_LINE_AUTOMATIC,377.67,NORMAL
FREIGHT_GOODS,52.79,501.41,3290.74,1.52,24.42,DOUBLE_YELLOW,280.24,DOUBLE_LINE_AUTOMATIC,171.04,NORMAL
PASSENGER_LOCAL,50.74,586.51,1134.48,-1.4,30.62,GREEN,2438.5,DOUBLE_LINE_AUTOMATIC,171.3,NORMAL
PASSENGER_LOCAL,154.38,635.99,2550.27,-2.34,42.46,GREEN,335.53,BROAD_GAUGE_NON_ELECTRIFIED,1453.03,NORMAL
FREIGHT_GOODS,106.28,546.01,3422.82,-2.47,29.5,YELLOW,1944.02,BROAD_GAUGE_NON_ELECTRIFIED,717.81,NORMAL
PREMIUM_SUPERFAST,97.96,283.96,3383.06,-1.3,45.69,DOUBLE_YELLOW,952.16,BROAD_GAUGE_ELECTRIFIED,571.61,NORMAL
PREMIUM_SUPERFAST,78.21,590.6,1128.28,0.65,39.78,RED_STOP,2169.89,DOUBLE_LINE_AUTOMATIC,349.29,NORMAL
PREMIUM_SUPERFAST,80.05,572.54,711.03,-0.99,28.47,DOUBLE_YELLOW,231.72,DOUBLE_LINE_AUTOMATIC,385.05,WARNING
PREMIUM_SUPERFAST,95.73,213.43,859.68,-3.36,32.68,YELLOW,968.07,BROAD_GAUGE_NON_ELECTRIFIED,625.66,NORMAL
PASSENGER_LOCAL,117.5,426.46,2576.31,-2.82,53.52,GREEN,871.84,BROAD_GAUGE_ELECTRIFIED,889.97,NORMAL
SUPERFAST_EXPRESS,118.3,383.12,2649.85,-1.47,39.77,GREEN,2483.23,DOUBLE_LINE_AUTOMATIC,825.17,NORMAL
PASSENGER_LOCAL,44.04,568.18,2490.13,1.12,50.72,YELLOW,2464.6,DOUBLE_LINE_AUTOMATIC,124.1,NORMAL
PASSENGER_LOCAL,90.02,318.87,1441.84,-2.81,18.04,DOUBLE_YELLOW,515.02,BROAD_GAUGE_ELECTRIFIED,536.54,WARNING
FREIGHT_GOODS,77.67,524.98,926.31,0.42,31.75,YELLOW,1593.37,BROAD_GAUGE_NON_ELECTRIFIED,344.9,NORMAL
PASSENGER_LOCAL,141.87,702.26,2200.36,-2.66,50.89,RED_STOP,1362.02,BROAD_GAUGE_NON_ELECTRIFIED,1262.84,WARNING
PREMIUM_SUPERFAST,108.4,638.79,1899.41,-2.02,24.52,RED_STOP,428.22,DOUBLE_LINE_AUTOMATIC,723.75,CRITICAL
FREIGHT_GOODS,94.55,706.8,2659.39,-2.29,53.54,YELLOW,461.06,BROAD_GAUGE_ELECTRIFIED,568.97,WARNING
FREIGHT_GOODS,36.16,738.18,1768.22,-3.03,14.37,RED_STOP,2473.67,BROAD_GAUGE_ELECTRIFIED,102.87,NORMAL
FREIGHT_GOODS,104.79,205.87,1449.78,1.2,50.62,RED_STOP,1159.19,BROAD_GAUGE_ELECTRIFIED,602.32,NORMAL
FREIGHT_GOODS,36.41,542.51,1309.78,-0.26,30.03,GREEN,358.21,DOUBLE_LINE_AUTOMATIC,90.25,NORMAL
FREIGHT_GOODS,67.21,427.06,1055.56,2.32,13.32,DOUBLE_YELLOW,576.24,BROAD_GAUGE_NON_ELECTRIFIED,264.51,NORMAL
PREMIUM_SUPERFAST,40.0,672.92,1223.81,-2.81,49.58,GREEN,707.45,BROAD_GAUGE_NON_ELECTRIFIED,121.35,NORMAL
SUPERFAST_EXPRESS,116.89,338.5,693.97,-2.49,21.34,GREEN,1301.75,BROAD_GAUGE_NON_ELECTRIFIED,861.36,NORMAL
SUPERFAST_EXPRESS,48.88,739.57,1475.26,-1.35,11.0,DOUBLE_YELLOW,872.09,BROAD_GAUGE_NON_ELECTRIFIED,159.8,NORMAL
FREIGHT_GOODS,74.86,537.54,513.37,1.86,16.11,GREEN,1164.78,BROAD_GAUGE_NON_ELECTRIFIED,322.24,NORMAL
SUPERFAST_EXPRESS,145.39,636.45,977.88,-1.36,39.66,RED_STOP,457.92,DOUBLE_LINE_AUTOMATIC,1215.11,CRITICAL
PASSENGER_LOCAL,48.6,247.08,2714.99,-0.64,54.0,YELLOW,850.49,DOUBLE_LINE_AUTOMATIC,152.43,NORMAL
SUPERFAST_EXPRESS,91.09,300.9,1408.95,-1.39,15.02,YELLOW,222.28,BROAD_GAUGE_NON_ELECTRIFIED,501.46,WARNING
PASSENGER_LOCAL,78.7,617.12,2471.53,-2.94,30.79,DOUBLE_YELLOW,2229.79,BROAD_GAUGE_NON_ELECTRIFIED,420.52,NORMAL
PREMIUM_SUPERFAST,22.54,212.09,2622.34,3.08,18.13,YELLOW,536.94,DOUBLE_LINE_AUTOMATIC,40.15,NORMAL
FREIGHT_GOODS,130.99,649.28,2201.67,0.34,43.53,YELLOW,1904.41,BROAD_GAUGE_NON_ELECTRIFIED,918.38,NORMAL
PASSENGER_LOCAL,29.67,207.67,3371.96,2.01,15.31,YELLOW,906.4,BROAD_GAUGE_NON_ELECTRIFIED,63.04,NORMAL
PREMIUM_SUPERFAST,86.4,561.42,466.46,1.11,20.79,YELLOW,1212.27,BROAD_GAUGE_NON_ELECTRIFIED,419.96,NORMAL
PREMIUM_SUPERFAST,98.49,400.8,2689.82,0.1,18.84,GREEN,763.59,BROAD_GAUGE_ELECTRIFIED,536.25,NORMAL
FREIGHT_GOODS,107.98,536.32,3372.24,-2.87,34.86,RED_STOP,1756.28,BROAD_GAUGE_NON_ELECTRIFIED,760.3,NORMAL
SUPERFAST_EXPRESS,116.41,582.82,3073.04,1.0,49.29,RED_STOP,2119.14,BROAD_GAUGE_ELECTRIFIED,734.34,NORMAL
PREMIUM_SUPERFAST,55.46,388.36,920.47,-2.41,33.0,YELLOW,751.36,BROAD_GAUGE_NON_ELECTRIFIED,213.17,NORMAL
SUPERFAST_EXPRESS,21.4,259.38,1413.14,-0.6,12.62,DOUBLE_YELLOW,643.43,BROAD_GAUGE_NON_ELECTRIFIED,37.8,NORMAL
SUPERFAST_EXPRESS,121.28,238.31,934.6,0.9,35.35,GREEN,1719.53,DOUBLE_LINE_AUTOMATIC,793.59,NORMAL
SUPERFAST_EXPRESS,94.99,523.91,2264.06,1.98,45.89,YELLOW,528.12,DOUBLE_LINE_AUTOMATIC,501.13,WARNING
PASSENGER_LOCAL,137.06,486.36,2607.78,1.3,15.95,YELLOW,1617.61,DOUBLE_LINE_AUTOMATIC,1001.07,NORMAL
SUPERFAST_EXPRESS,134.99,608.21,1382.93,1.2,13.27,DOUBLE_YELLOW,281.35,BROAD_GAUGE_ELECTRIFIED,972.58,WARNING
SUPERFAST_EXPRESS,138.07,480.35,2072.47,-2.46,18.45,GREEN,1569.34,BROAD_GAUGE_ELECTRIFIED,1181.91,NORMAL
PREMIUM_SUPERFAST,87.91,432.35,2541.85,-1.08,43.57,YELLOW,1307.85,BROAD_GAUGE_NON_ELECTRIFIED,460.67,NORMAL
FREIGHT_GOODS,66.71,418.95,1706.15,-3.2,36.63,DOUBLE_YELLOW,329.07,BROAD_GAUGE_ELECTRIFIED,314.57,WARNING
PASSENGER_LOCAL,130.82,214.55,3047.45,1.54,34.33,GREEN,1640.3,DOUBLE_LINE_AUTOMATIC,916.14,NORMAL
SUPERFAST_EXPRESS,83.18,384.56,2791.8,3.17,21.23,GREEN,1144.07,BROAD_GAUGE_ELECTRIFIED,391.44,NORMAL
FREIGHT_GOODS,45.68,736.81,600.46,-1.65,24.95,YELLOW,581.93,BROAD_GAUGE_NON_ELECTRIFIED,143.94,NORMAL
SUPERFAST_EXPRESS,139.7,680.46,2325.49,-2.89,53.46,DOUBLE_YELLOW,915.79,BROAD_GAUGE_ELECTRIFIED,1245.26,WARNING
SUPERFAST_EXPRESS,143.56,381.16,1129.51,-0.17,20.83,DOUBLE_YELLOW,1255.65,DOUBLE_LINE_AUTOMATIC,1104.31,WARNING
PREMIUM_SUPERFAST,85.28,523.29,2128.31,2.5,50.57,YELLOW,274.31,BROAD_GAUGE_NON_ELECTRIFIED,409.98,WARNING
FREIGHT_GOODS,30.6,666.01,3366.35,0.36,36.12,YELLOW,2396.14,BROAD_GAUGE_ELECTRIFIED,66.4,NORMAL
PREMIUM_SUPERFAST,74.3,442.7,3125.09,-3.17,15.55,YELLOW,1680.63,BROAD_GAUGE_NON_ELECTRIFIED,383.63,NORMAL
PREMIUM_SUPERFAST,132.5,209.88,1654.0,3.32,31.03,DOUBLE_YELLOW,301.21,BROAD_GAUGE_NON_ELECTRIFIED,938.61,WARNING
SUPERFAST_EXPRESS,146.25,240.98,1303.69,2.3,52.68,GREEN,2066.01,BROAD_GAUGE_ELECTRIFIED,1133.03,WARNING
SUPERFAST_EXPRESS,48.49,480.72,1126.66,-2.58,28.84,YELLOW,840.26,BROAD_GAUGE_NON_ELECTRIFIED,168.83,NORMAL
SUPERFAST_EXPRESS,29.38,733.19,2050.8,2.95,48.85,RED_STOP,1512.16,BROAD_GAUGE_ELECTRIFIED,62.02,NORMAL
FREIGHT_GOODS,142.83,581.27,754.17,-0.35,21.54,RED_STOP,729.0,DOUBLE_LINE_AUTOMATIC,1104.68,CRITICAL
FREIGHT_GOODS,74.52,239.0,2102.75,-0.9,35.69,YELLOW,1846.84,DOUBLE_LINE_AUTOMATIC,335.43,NORMAL
FREIGHT_GOODS,95.85,304.15,404.13,-0.27,47.97,RED_STOP,1821.37,BROAD_GAUGE_ELECTRIFIED,517.26,NORMAL
FREIGHT_GOODS,155.53,624.23,1403.93,2.34,51.43,GREEN,1402.51,BROAD_GAUGE_ELECTRIFIED,1274.54,WARNING
SUPERFAST_EXPRESS,29.32,662.79,1081.8,1.12,31.86,GREEN,640.27,BROAD_GAUGE_NON_ELECTRIFIED,61.82,NORMAL
SUPERFAST_EXPRESS,110.76,539.73,3410.78,-3.09,38.79,RED_STOP,671.57,BROAD_GAUGE_ELECTRIFIED,809.93,CRITICAL
PREMIUM_SUPERFAST,30.37,554.43,2654.45,3.2,10.13,DOUBLE_YELLOW,988.01,BROAD_GAUGE_NON_ELECTRIFIED,65.59,NORMAL
SUPERFAST_EXPRESS,72.57,215.59,1483.93,-2.47,21.4,YELLOW,405.28,DOUBLE_LINE_AUTOMATIC,350.6,WARNING
FREIGHT_GOODS,132.53,655.69,687.82,1.72,22.54,DOUBLE_YELLOW,877.26,BROAD_GAUGE_ELECTRIFIED,939.13,WARNING
PASSENGER_LOCAL,80.69,633.55,2002.08,0.95,14.21,GREEN,1726.67,DOUBLE_LINE_AUTOMATIC,369.99,NORMAL
SUPERFAST_EXPRESS,159.61,342.47,1061.69,-2.19,22.59,RED_STOP,2085.57,BROAD_GAUGE_ELECTRIFIED,1533.86,NORMAL
FREIGHT_GOODS,98.27,589.77,2062.93,-2.3,24.45,YELLOW,864.83,DOUBLE_LINE_AUTOMATIC,612.31,NORMAL
PREMIUM_SUPERFAST,64.96,318.17,2989.62,2.59,53.59,RED_STOP,622.3,BROAD_GAUGE_ELECTRIFIED,248.63,NORMAL
SUPERFAST_EXPRESS,50.82,222.18,2308.96,-0.56,40.09,RED_STOP,2089.97,BROAD_GAUGE_ELECTRIFIED,164.35,NORMAL
PASSENGER_LOCAL,69.07,310.63,2364.74,1.08,29.17,DOUBLE_YELLOW,2232.22,BROAD_GAUGE_NON_ELECTRIFIED,278.05,NORMAL
FREIGHT_GOODS,72.15,298.25,2077.19,0.03,54.46,DOUBLE_YELLOW,1054.55,BROAD_GAUGE_NON_ELECTRIFIED,301.18,NORMAL
SUPERFAST_EXPRESS,29.62,385.76,3274.52,1.59,16.9,RED_STOP,115.92,BROAD_GAUGE_ELECTRIFIED,62.88,NORMAL
FREIGHT_GOODS,71.74,430.15,3288.9,-0.15,31.42,GREEN,1752.66,BROAD_GAUGE_NON_ELECTRIFIED,300.29,NORMAL
PASSENGER_LOCAL,84.99,479.7,1989.44,-1.49,39.12,YELLOW,1970.88,BROAD_GAUGE_ELECTRIFIED,443.13,NORMAL
PASSENGER_LOCAL,121.18,462.21,1347.85,-0.96,12.5,RED_STOP,94.16,BROAD_GAUGE_ELECTRIFIED,837.38,CRITICAL
PREMIUM_SUPERFAST,111.94,348.87,1824.72,2.51,42.26,RED_STOP,1507.83,DOUBLE_LINE_AUTOMATIC,682.05,NORMAL
PASSENGER_LOCAL,119.23,216.04,978.33,-0.22,14.49,RED_STOP,1491.5,BROAD_GAUGE_NON_ELECTRIFIED,778.05,NORMAL
SUPERFAST_EXPRESS,21.17,532.81,2372.67,-2.01,16.31,RED_STOP,977.83,BROAD_GAUGE_NON_ELECTRIFIED,39.42,NORMAL
PASSENGER_LOCAL,50.47,417.66,1950.29,3.04,17.19,DOUBLE_YELLOW,1886.93,DOUBLE_LINE_AUTOMATIC,157.91,NORMAL
SUPERFAST_EXPRESS,112.64,364.27,720.23,2.08,51.8,DOUBLE_YELLOW,1099.04,BROAD_GAUGE_ELECTRIFIED,690.05,NORMAL
SUPERFAST_EXPRESS,87.76,676.82,1012.71,-3.11,40.75,GREEN,1708.1,BROAD_GAUGE_NON_ELECTRIFIED,521.98,NORMAL
FREIGHT_GOODS,20.74,610.71,1886.86,3.49,39.49,YELLOW,1316.94,BROAD_GAUGE_ELECTRIFIED,35.16,NORMAL
SUPERFAST_EXPRESS,132.63,671.77,3151.53,1.36,35.0,RED_STOP,658.74,BROAD_GAUGE_NON_ELECTRIFIED,940.41,CRITICAL
SUPERFAST_EXPRESS,128.19,472.24,2155.81,-2.38,23.18,GREEN,1535.93,BROAD_GAUGE_NON_ELECTRIFIED,1019.89,NORMAL
PREMIUM_SUPERFAST,96.78,272.01,2512.76,-1.84,37.94,DOUBLE_YELLOW,1855.43,BROAD_GAUGE_ELECTRIFIED,577.58,NORMAL
FREIGHT_GOODS,29.3,582.92,1450.99,1.35,28.46,YELLOW,2436.07,BROAD_GAUGE_ELECTRIFIED,61.77,NORMAL
SUPERFAST_EXPRESS,127.31,313.34,2171.38,1.96,16.54,GREEN,981.27,BROAD_GAUGE_NON_ELECTRIFIED,870.06,NORMAL
PREMIUM_SUPERFAST,101.72,442.68,1786.88,-1.83,41.03,YELLOW,207.96,DOUBLE_LINE_AUTOMATIC,633.94,WARNING
FREIGHT_GOODS,129.47,235.75,2443.3,-1.7,15.83,YELLOW,2470.53,DOUBLE_LINE_AUTOMATIC,994.53,NORMAL
PASSENGER_LOCAL,125.24,653.92,556.78,-1.35,18.58,YELLOW,1578.33,DOUBLE_LINE_AUTOMATIC,913.17,NORMAL
SUPERFAST_EXPRESS,132.42,269.27,1929.23,0.69,46.8,DOUBLE_YELLOW,2368.8,DOUBLE_LINE_AUTOMATIC,937.6,NORMAL
PASSENGER_LOCAL,92.52,696.7,1317.58,-2.3,39.71,RED_STOP,304.38,DOUBLE_LINE_AUTOMATIC,546.28,CRITICAL
FREIGHT_GOODS,39.65,675.33,1411.17,-2.77,38.39,YELLOW,887.98,BROAD_GAUGE_ELECTRIFIED,119.2,NORMAL
FREIGHT_GOODS,113.96,455.52,3378.84,1.25,28.82,GREEN,378.14,BROAD_GAUGE_NON_ELECTRIFIED,705.46,NORMAL
PREMIUM_SUPERFAST,106.87,609.4,966.35,1.95,27.83,YELLOW,2097.0,DOUBLE_LINE_AUTOMATIC,624.97,NORMAL
SUPERFAST_EXPRESS,123.92,540.69,1364.86,0.01,41.06,YELLOW,2206.84,BROAD_GAUGE_NON_ELECTRIFIED,826.55,NORMAL
SUPERFAST_EXPRESS,43.78,641.69,1980.67,-0.95,43.3,DOUBLE_YELLOW,1278.21,BROAD_GAUGE_ELECTRIFIED,128.71,NORMAL
PREMIUM_SUPERFAST,47.3,437.49,3075.38,-0.48,32.96,GREEN,507.19,BROAD_GAUGE_NON_ELECTRIFIED,144.03,NORMAL
PASSENGER_LOCAL,144.66,632.19,1691.68,-0.78,53.62,YELLOW,361.44,BROAD_GAUGE_ELECTRIFIED,1161.4,WARNING
FREIGHT_GOODS,125.0,454.35,2705.98,3.22,53.01,DOUBLE_YELLOW,1491.0,BROAD_GAUGE_NON_ELECTRIFIED,840.29,NORMAL
PREMIUM_SUPERFAST,147.15,717.53,3054.76,1.88,28.56,DOUBLE_YELLOW,1290.62,BROAD_GAUGE_NON_ELECTRIFIED,1146.45,WARNING
FREIGHT_GOODS,126.22,467.5,1361.05,-2.04,46.93,RED_STOP,1752.23,BROAD_GAUGE_ELECTRIFIED,968.44,NORMAL
PASSENGER_LOCAL,103.6,454.44,1617.53,-0.81,34.45,RED_STOP,797.76,BROAD_GAUGE_NON_ELECTRIFIED,617.19,NORMAL
PASSENGER_LOCAL,111.58,631.79,1505.32,0.31,33.03,RED_STOP,1035.8,BROAD_GAUGE_ELECTRIFIED,677.88,NORMAL
PASSENGER_LOCAL,144.48,651.87,2981.85,0.79,12.47,YELLOW,102.33,BROAD_GAUGE_NON_ELECTRIFIED,1106.98,WARNING
SUPERFAST_EXPRESS,101.03,504.97,537.48,-0.22,35.83,YELLOW,1544.85,BROAD_GAUGE_NON_ELECTRIFIED,569.38,NORMAL
FREIGHT_GOODS,108.53,298.89,1356.11,2.17,50.53,YELLOW,1086.7,DOUBLE_LINE_AUTOMATIC,643.46,NORMAL
FREIGHT_GOODS,41.91,457.27,2506.17,1.87,45.11,DOUBLE_YELLOW,2303.42,BROAD_GAUGE_NON_ELECTRIFIED,113.79,NORMAL
PREMIUM_SUPERFAST,86.35,732.44,2152.87,0.04,45.38,YELLOW,1622.38,DOUBLE_LINE_AUTOMATIC,419.54,NORMAL
FREIGHT_GOODS,120.3,614.14,1752.5,2.48,17.2,DOUBLE_YELLOW,1026.8,DOUBLE_LINE_AUTOMATIC,781.41,NORMAL
SUPERFAST_EXPRESS,57.93,646.14,2073.84,1.76,26.13,GREEN,695.79,BROAD_GAUGE_ELECTRIFIED,202.08,NORMAL
PREMIUM_SUPERFAST,48.32,218.05,1012.51,1.95,20.49,YELLOW,2267.95,BROAD_GAUGE_ELECTRIFIED,146.13,NORMAL
PASSENGER_LOCAL,63.94,457.32,1735.22,3.19,24.22,GREEN,89.85,BROAD_GAUGE_NON_ELECTRIFIED,241.53,NORMAL
FREIGHT_GOODS,53.81,555.64,1955.28,-1.63,36.08,RED_STOP,850.94,BROAD_GAUGE_ELECTRIFIED,192.9,NORMAL
SUPERFAST_EXPRESS,50.09,656.52,3193.69,-1.63,26.42,GREEN,2361.59,DOUBLE_LINE_AUTOMATIC,169.46,NORMAL
SUPERFAST_EXPRESS,79.48,227.1,1208.59,2.72,35.23,GREEN,1652.38,BROAD_GAUGE_NON_ELECTRIFIED,359.83,NORMAL
FREIGHT_GOODS,147.1,668.84,3090.27,1.91,29.73,DOUBLE_YELLOW,1355.16,BROAD_GAUGE_ELECTRIFIED,1145.63,WARNING
SUPERFAST_EXPRESS,90.99,501.62,2397.15,2.99,22.9,DOUBLE_YELLOW,548.66,BROAD_GAUGE_ELECTRIFIED,462.44,WARNING
PASSENGER_LOCAL,46.31,308.52,463.06,-3.06,14.29,DOUBLE_YELLOW,2091.77,BROAD_GAUGE_ELECTRIFIED,160.02,NORMAL
FREIGHT_GOODS,30.78,374.49,2646.36,0.89,50.13,DOUBLE_YELLOW,550.29,DOUBLE_LINE_AUTOMATIC,67.05,NORMAL
FREIGHT_GOODS,117.46,355.06,510.21,-2.49,10.51,RED_STOP,658.22,BROAD_GAUGE_ELECTRIFIED,869.44,CRITICAL
FREIGHT_GOODS,73.59,491.97,3491.88,0.03,10.07,GREEN,520.04,BROAD_GAUGE_NON_ELECTRIFIED,312.28,NORMAL
PREMIUM_SUPERFAST,135.06,228.43,3105.17,-2.41,47.21,RED_STOP,437.47,BROAD_GAUGE_NON_ELECTRIFIED,1129.4,CRITICAL
PASSENGER_LOCAL,112.33,287.19,1321.77,-2.6,54.86,RED_STOP,2385.62,BROAD_GAUGE_NON_ELECTRIFIED,804.79,NORMAL
SUPERFAST_EXPRESS,131.47,646.98,1197.97,-3.41,42.72,DOUBLE_YELLOW,1524.98,DOUBLE_LINE_AUTOMATIC,1151.08,NORMAL
FREIGHT_GOODS,58.07,272.93,1582.47,0.91,10.69,GREEN,1612.7,BROAD_GAUGE_ELECTRIFIED,202.96,NORMAL
FREIGHT_GOODS,116.93,328.37,1504.12,-0.99,20.2,GREEN,2388.1,BROAD_GAUGE_NON_ELECTRIFIED,783.91,NORMAL
SUPERFAST_EXPRESS,56.97,449.35,1554.25,-2.76,53.73,RED_STOP,614.91,BROAD_GAUGE_ELECTRIFIED,228.75,NORMAL
PASSENGER_LOCAL,151.47,484.42,1386.66,-1.24,46.39,DOUBLE_YELLOW,64.5,BROAD_GAUGE_ELECTRIFIED,1304.59,WARNING
SUPERFAST_EXPRESS,109.09,619.99,2325.51,-2.32,35.51,RED_STOP,1517.26,BROAD_GAUGE_NON_ELECTRIFIED,746.9,NORMAL
SUPERFAST_EXPRESS,65.43,446.03,909.22,3.09,20.66,GREEN,1294.22,DOUBLE_LINE_AUTOMATIC,251.91,NORMAL
FREIGHT_GOODS,57.73,634.43,3022.54,-1.26,10.65,DOUBLE_YELLOW,1220.24,BROAD_GAUGE_NON_ELECTRIFIED,214.56,NORMAL
PREMIUM_SUPERFAST,46.73,540.09,2918.45,-1.16,10.94,RED_STOP,201.61,BROAD_GAUGE_NON_ELECTRIFIED,146.01,NORMAL
PREMIUM_SUPERFAST,117.25,262.2,1877.1,2.38,37.54,GREEN,1163.37,DOUBLE_LINE_AUTOMATIC,744.4,NORMAL
PREMIUM_SUPERFAST,50.62,285.98,3043.46,1.03,10.98,YELLOW,754.52,BROAD_GAUGE_ELECTRIFIED,158.73,NORMAL
PREMIUM_SUPERFAST,103.34,440.37,1166.15,1.47,54.71,DOUBLE_YELLOW,722.68,BROAD_GAUGE_ELECTRIFIED,586.8,NORMAL
PREMIUM_SUPERFAST,57.05,418.29,454.45,0.95,18.25,GREEN,594.83,DOUBLE_LINE_AUTOMATIC,196.57,NORMAL
FREIGHT_GOODS,112.68,608.95,2319.54,3.12,41.98,DOUBLE_YELLOW,864.69,BROAD_GAUGE_NON_ELECTRIFIED,690.51,NORMAL
PREMIUM_SUPERFAST,134.09,519.41,1819.52,-2.05,16.98,GREEN,915.18,DOUBLE_LINE_AUTOMATIC,1087.73,NORMAL
SUPERFAST_EXPRESS,128.92,413.47,2158.21,3.42,34.3,DOUBLE_YELLOW,806.5,BROAD_GAUGE_NON_ELECTRIFIED,891.1,WARNING
FREIGHT_GOODS,126.52,293.92,3187.95,2.32,13.63,YELLOW,2447.94,DOUBLE_LINE_AUTOMATIC,859.81,NORMAL
SUPERFAST_EXPRESS,46.28,324.76,3406.77,0.62,44.51,RED_STOP,2335.19,BROAD_GAUGE_ELECTRIFIED,135.44,NORMAL
PREMIUM_SUPERFAST,32.37,516.53,2366.8,1.14,36.32,RED_STOP,1457.55,DOUBLE_LINE_AUTOMATIC,73.03,NORMAL
PASSENGER_LOCAL,117.85,432.89,2768.57,1.04,13.88,RED_STOP,2453.58,DOUBLE_LINE_AUTOMATIC,751.66,NORMAL
PREMIUM_SUPERFAST,71.57,483.21,659.81,-3.09,48.19,YELLOW,2478.44,BROAD_GAUGE_NON_ELECTRIFIED,355.87,NORMAL
FREIGHT_GOODS,80.53,293.87,898.22,-1.97,34.62,DOUBLE_YELLOW,922.05,BROAD_GAUGE_NON_ELECTRIFIED,412.67,NORMAL
SUPERFAST_EXPRESS,24.36,564.6,2672.93,3.23,51.47,DOUBLE_YELLOW,1140.71,BROAD_GAUGE_NON_ELECTRIFIED,45.54,NORMAL
PASSENGER_LOCAL,56.34,668.9,1737.23,0.24,51.25,GREEN,2399.7,DOUBLE_LINE_AUTOMATIC,192.21,NORMAL
PASSENGER_LOCAL,24.71,341.87,1782.49,-0.85,51.42,GREEN,1541.13,DOUBLE_LINE_AUTOMATIC,48.28,NORMAL
PASSENGER_LOCAL,143.09,470.33,1356.68,1.83,13.5,DOUBLE_YELLOW,571.68,BROAD_GAUGE_NON_ELECTRIFIED,1086.71,WARNING
SUPERFAST_EXPRESS,54.08,736.54,2282.8,0.17,15.44,YELLOW,1738.98,BROAD_GAUGE_ELECTRIFIED,178.57,NORMAL
FREIGHT_GOODS,98.03,383.28,974.01,-3.41,54.45,YELLOW,554.08,BROAD_GAUGE_NON_ELECTRIFIED,656.9,WARNING
PASSENGER_LOCAL,25.46,527.28,2343.44,1.65,31.94,RED_STOP,881.43,DOUBLE_LINE_AUTOMATIC,48.93,NORMAL
SUPERFAST_EXPRESS,113.36,249.61,938.78,1.63,20.72,RED_STOP,607.52,DOUBLE_LINE_AUTOMATIC,698.43,CRITICAL
SUPERFAST_EXPRESS,65.22,533.31,597.86,-2.34,44.63,RED_STOP,650.2,BROAD_GAUGE_NON_ELECTRIFIED,285.67,NORMAL
PREMIUM_SUPERFAST,145.71,249.3,1424.11,3.2,21.89,DOUBLE_YELLOW,61.41,BROAD_GAUGE_NON_ELECTRIFIED,1125.06,WARNING
SUPERFAST_EXPRESS,144.34,727.58,1116.54,-1.93,42.72,GREEN,2207.74,DOUBLE_LINE_AUTOMATIC,1242.94,NORMAL
FREIGHT_GOODS,65.54,593.61,3155.87,-0.3,47.68,DOUBLE_YELLOW,775.18,DOUBLE_LINE_AUTOMATIC,256.57,NORMAL
FREIGHT_GOODS,146.13,633.49,570.36,-2.7,45.29,DOUBLE_YELLOW,261.62,BROAD_GAUGE_ELECTRIFIED,1340.13,WARNING
PASSENGER_LOCAL,159.46,587.26,947.5,0.72,22.33,YELLOW,263.12,BROAD_GAUGE_NON_ELECTRIFIED,1337.02,WARNING
SUPERFAST_EXPRESS,135.56,524.35,2101.03,-0.87,28.07,YELLOW,1412.24,BROAD_GAUGE_NON_ELECTRIFIED,1031.4,NORMAL
SUPERFAST_EXPRESS,138.28,447.45,1891.31,-1.03,28.6,GREEN,2482.66,BROAD_GAUGE_ELECTRIFIED,1081.49,NORMAL
PREMIUM_SUPERFAST,54.86,672.11,542.14,2.29,32.11,GREEN,405.31,DOUBLE_LINE_AUTOMATIC,183.24,NORMAL
PREMIUM_SUPERFAST,100.74,726.26,422.48,-3.43,17.53,DOUBLE_YELLOW,294.07,DOUBLE_LINE_AUTOMATIC,693.05,WARNING
SUPERFAST_EXPRESS,29.42,474.47,3463.01,2.09,30.36,DOUBLE_YELLOW,1123.84,BROAD_GAUGE_ELECTRIFIED,62.16,NORMAL
SUPERFAST_EXPRESS,33.29,712.34,2442.39,0.5,32.99,DOUBLE_YELLOW,1430.16,BROAD_GAUGE_NON_ELECTRIFIED,76.56,NORMAL
SUPERFAST_EXPRESS,159.84,520.83,1532.76,3.4,33.93,DOUBLE_YELLOW,771.23,DOUBLE_LINE_AUTOMATIC,1343.18,WARNING
PREMIUM_SUPERFAST,65.73,496.11,1858.34,0.63,46.9,YELLOW,791.18,BROAD_GAUGE_ELECTRIFIED,254.0,NORMAL
PREMIUM_SUPERFAST,124.75,449.97,1226.31,-3.11,33.28,RED_STOP,1089.97,BROAD_GAUGE_ELECTRIFIED,1018.32,NORMAL
FREIGHT_GOODS,132.93,315.11,1469.11,-3.15,20.39,RED_STOP,819.66,BROAD_GAUGE_ELECTRIFIED,1153.05,CRITICAL
PASSENGER_LOCAL,140.12,202.05,2412.04,2.68,39.84,RED_STOP,2292.56,DOUBLE_LINE_AUTOMATIC,1044.19,NORMAL
PASSENGER_LOCAL,159.67,332.83,3136.72,2.39,45.88,GREEN,152.79,DOUBLE_LINE_AUTOMATIC,1340.33,NORMAL
PASSENGER_LOCAL,53.81,480.35,970.8,-1.08,24.37,GREEN,624.7,BROAD_GAUGE_ELECTRIFIED,187.1,NORMAL
PASSENGER_LOCAL,25.65,408.98,3005.12,0.83,39.04,GREEN,2030.95,BROAD_GAUGE_ELECTRIFIED,49.54,NORMAL
PREMIUM_SUPERFAST,77.57,446.67,776.83,-0.07,16.61,GREEN,2093.2,DOUBLE_LINE_AUTOMATIC,345.35,NORMAL
PREMIUM_SUPERFAST,38.21,739.36,1066.48,3.27,25.39,YELLOW,323.31,DOUBLE_LINE_AUTOMATIC,96.95,NORMAL
SUPERFAST_EXPRESS,23.14,392.65,515.24,3.15,50.92,DOUBLE_YELLOW,2435.72,DOUBLE_LINE_AUTOMATIC,41.89,NORMAL
FREIGHT_GOODS,70.46,448.7,836.52,3.39,51.01,GREEN,1748.72,DOUBLE_LINE_AUTOMATIC,288.35,NORMAL
FREIGHT_GOODS,129.72,273.43,3243.64,2.57,35.89,RED_STOP,717.85,DOUBLE_LINE_AUTOMATIC,901.63,CRITICAL
PASSENGER_LOCAL,99.27,226.38,1824.26,2.87,41.61,GREEN,1167.29,BROAD_GAUGE_ELECTRIFIED,544.13,NORMAL
SUPERFAST_EXPRESS,63.79,626.48,640.76,-1.98,48.43,RED_STOP,777.99,DOUBLE_LINE_AUTOMATIC,268.23,NORMAL
SUPERFAST_EXPRESS,111.61,513.88,3375.15,2.32,53.13,DOUBLE_YELLOW,417.55,DOUBLE_LINE_AUTOMATIC,678.22,WARNING
PREMIUM_SUPERFAST,52.48,618.39,3124.88,1.46,32.04,YELLOW,763.39,BROAD_GAUGE_ELECTRIFIED,169.28,NORMAL
SUPERFAST_EXPRESS,22.01,282.42,2739.52,3.24,35.27,YELLOW,1471.23,BROAD_GAUGE_ELECTRIFIED,38.66,NORMAL
FREIGHT_GOODS,127.01,514.51,3293.77,0.5,28.7,GREEN,2073.63,BROAD_GAUGE_NON_ELECTRIFIED,866.14,NORMAL
FREIGHT_GOODS,107.32,339.5,1082.4,-2.9,13.24,GREEN,940.65,DOUBLE_LINE_AUTOMATIC,753.18,NORMAL
SUPERFAST_EXPRESS,126.72,325.43,2992.74,0.68,29.03,RED_STOP,902.36,BROAD_GAUGE_NON_ELECTRIFIED,862.43,NORMAL
PREMIUM_SUPERFAST,25.45,206.34,2538.97,1.31,45.58,GREEN,1196.6,BROAD_GAUGE_NON_ELECTRIFIED,48.91,NORMAL
FREIGHT_GOODS,137.2,271.69,3096.25,-1.96,46.22,YELLOW,1629.16,BROAD_GAUGE_ELECTRIFIED,1129.57,NORMAL
PREMIUM_SUPERFAST,106.73,370.1,2870.43,-0.74,50.16,GREEN,1891.46,BROAD_GAUGE_ELECTRIFIED,650.19,NORMAL
PREMIUM_SUPERFAST,98.88,264.28,1474.13,0.69,12.32,RED_STOP,850.66,BROAD_GAUGE_NON_ELECTRIFIED,540.13,NORMAL
FREIGHT_GOODS,107.45,742.22,2800.64,-0.88,33.72,DOUBLE_YELLOW,1486.56,BROAD_GAUGE_NON_ELECTRIFIED,663.81,NORMAL
PREMIUM_SUPERFAST,141.02,369.75,1213.61,-0.88,14.83,YELLOW,1003.93,BROAD_GAUGE_NON_ELECTRIFIED,1112.49,WARNING
PASSENGER_LOCAL,102.17,271.68,1418.64,-2.57,19.03,YELLOW,1805.18,BROAD_GAUGE_NON_ELECTRIFIED,670.64,NORMAL
PASSENGER_LOCAL,101.33,309.5,734.51,3.09,50.51,DOUBLE_YELLOW,453.45,DOUBLE_LINE_AUTOMATIC,565.57,WARNING
PASSENGER_LOCAL,158.7,523.24,3298.74,1.75,32.36,DOUBLE_YELLOW,679.47,BROAD_GAUGE_NON_ELECTRIFIED,1324.72,WARNING
SUPERFAST_EXPRESS,125.94,235.22,1302.11,-3.49,44.13,YELLOW,1093.85,BROAD_GAUGE_ELECTRIFIED,1065.88,WARNING
FREIGHT_GOODS,81.92,674.34,2013.93,1.86,12.9,RED_STOP,2229.07,BROAD_GAUGE_NON_ELECTRIFIED,380.53,NORMAL
PASSENGER_LOCAL,119.04,728.82,1613.13,1.68,28.76,RED_STOP,1454.65,BROAD_GAUGE_NON_ELECTRIFIED,765.99,NORMAL
PREMIUM_SUPERFAST,74.49,335.71,3375.78,-3.43,40.34,GREEN,2415.22,BROAD_GAUGE_ELECTRIFIED,392.41,NORMAL
PASSENGER_LOCAL,52.04,447.55,1438.65,-0.91,16.0,RED_STOP,303.03,BROAD_GAUGE_NON_ELECTRIFIED,174.66,NORMAL
PREMIUM_SUPERFAST,103.56,212.17,2813.49,0.75,24.66,YELLOW,1177.43,BROAD_GAUGE_ELECTRIFIED,589.11,NORMAL
FREIGHT_GOODS,149.95,552.39,3051.79,-0.33,12.9,GREEN,1076.74,DOUBLE_LINE_AUTOMATIC,1211.3,NORMAL
PASSENGER_LOCAL,150.08,427.66,1750.38,1.95,39.31,RED_STOP,1520.51,DOUBLE_LINE_AUTOMATIC,1190.44,NORMAL
FREIGHT_GOODS,67.87,348.53,1572.33,-0.52,53.69,DOUBLE_YELLOW,2039.31,BROAD_GAUGE_ELECTRIFIED,276.74,NORMAL
PASSENGER_LOCAL,93.87,313.76,2718.01,-2.42,47.22,RED_STOP,2111.55,DOUBLE_LINE_AUTOMATIC,566.02,NORMAL
PREMIUM_SUPERFAST,49.63,559.71,3229.98,3.33,53.86,GREEN,1691.98,DOUBLE_LINE_AUTOMATIC,153.25,NORMAL
PREMIUM_SUPERFAST,159.39,428.92,2740.29,-1.81,48.05,DOUBLE_YELLOW,1621.76,DOUBLE_LINE_AUTOMATIC,1491.69,WARNING
SUPERFAST_EXPRESS,157.36,298.81,1104.09,1.52,48.48,GREEN,2375.12,BROAD_GAUGE_ELECTRIFIED,1303.39,WARNING
SUPERFAST_EXPRESS,110.93,579.01,3153.75,-2.5,35.97,GREEN,990.03,BROAD_GAUGE_NON_ELECTRIFIED,780.27,NORMAL
SUPERFAST_EXPRESS,132.62,510.79,1601.5,-1.2,33.32,DOUBLE_YELLOW,2090.32,DOUBLE_LINE_AUTOMATIC,1008.84,NORMAL
PASSENGER_LOCAL,120.11,672.27,2186.31,-0.41,28.28,GREEN,2307.68,BROAD_GAUGE_NON_ELECTRIFIED,797.28,NORMAL
FREIGHT_GOODS,103.04,264.61,2977.45,-2.15,46.81,YELLOW,1254.27,BROAD_GAUGE_NON_ELECTRIFIED,663.27,NORMAL
PASSENGER_LOCAL,27.47,632.12,984.02,-0.35,18.19,GREEN,1836.3,DOUBLE_LINE_AUTOMATIC,56.28,NORMAL
PREMIUM_SUPERFAST,83.67,570.43,2831.98,-2.4,12.53,YELLOW,973.7,DOUBLE_LINE_AUTOMATIC,455.26,NORMAL
FREIGHT_GOODS,114.47,263.26,2248.1,0.41,52.66,DOUBLE_YELLOW,439.25,BROAD_GAUGE_NON_ELECTRIFIED,711.41,WARNING
PREMIUM_SUPERFAST,114.85,582.15,3169.36,1.15,10.17,GREEN,1486.93,DOUBLE_LINE_AUTOMATIC,715.93,NORMAL
SUPERFAST_EXPRESS,72.24,442.85,933.11,-3.06,53.96,RED_STOP,531.36,BROAD_GAUGE_ELECTRIFIED,361.39,NORMAL
PREMIUM_SUPERFAST,151.84,719.74,1704.11,2.6,42.8,GREEN,1171.12,BROAD_GAUGE_ELECTRIFIED,1217.25,NORMAL
PASSENGER_LOCAL,43.43,277.89,2981.81,-2.2,24.78,YELLOW,2188.55,DOUBLE_LINE_AUTOMATIC,135.65,NORMAL
PREMIUM_SUPERFAST,90.05,553.56,459.62,-1.92,41.4,YELLOW,260.74,BROAD_GAUGE_NON_ELECTRIFIED,507.0,WARNING
PREMIUM_SUPERFAST,116.72,410.09,747.82,1.13,46.8,RED_STOP,124.55,DOUBLE_LINE_AUTOMATIC,738.1,CRITICAL
PREMIUM_SUPERFAST,117.6,726.25,3470.75,-0.22,21.04,DOUBLE_YELLOW,1535.87,BROAD_GAUGE_ELECTRIFIED,757.84,NORMAL
FREIGHT_GOODS,110.81,381.49,1269.22,-0.0,44.69,YELLOW,861.1,BROAD_GAUGE_NON_ELECTRIFIED,669.25,NORMAL
PREMIUM_SUPERFAST,58.54,729.2,3424.18,-2.6,46.2,YELLOW,1073.95,DOUBLE_LINE_AUTOMATIC,238.03,NORMAL
PREMIUM_SUPERFAST,41.87,695.82,965.85,2.14,21.22,YELLOW,1043.99,BROAD_GAUGE_ELECTRIFIED,113.61,NORMAL
SUPERFAST_EXPRESS,109.03,348.71,1519.39,0.82,11.89,GREEN,262.22,BROAD_GAUGE_NON_ELECTRIFIED,649.01,NORMAL
SUPERFAST_EXPRESS,103.9,641.95,2733.9,-2.55,19.19,GREEN,58.74,BROAD_GAUGE_ELECTRIFIED,691.59,NORMAL
PASSENGER_LOCAL,45.11,747.58,2439.11,-0.88,19.03,GREEN,2251.14,DOUBLE_LINE_AUTOMATIC,135.19,NORMAL
SUPERFAST_EXPRESS,118.72,338.96,2201.48,2.17,12.94,GREEN,583.61,DOUBLE_LINE_AUTOMATIC,762.15,NORMAL
PREMIUM_SUPERFAST,83.72,440.23,2042.69,0.48,42.67,GREEN,1093.89,BROAD_GAUGE_ELECTRIFIED,396.19,NORMAL
SUPERFAST_EXPRESS,113.49,486.1,3014.67,-2.74,27.1,RED_STOP,2431.22,BROAD_GAUGE_ELECTRIFIED,828.22,NORMAL
FREIGHT_GOODS,137.23,362.21,1128.34,-0.89,49.8,YELLOW,2075.57,BROAD_GAUGE_ELECTRIFIED,1057.03,WARNING
PASSENGER_LOCAL,43.76,208.4,1771.66,-1.8,21.35,RED_STOP,314.43,BROAD_GAUGE_ELECTRIFIED,134.46,NORMAL
SUPERFAST_EXPRESS,22.68,321.07,881.9,0.12,30.4,YELLOW,1295.87,BROAD_GAUGE_ELECTRIFIED,40.56,NORMAL
PASSENGER_LOCAL,129.07,355.07,2247.42,2.4,38.76,GREEN,1838.69,BROAD_GAUGE_NON_ELECTRIFIED,893.08,NORMAL
PASSENGER_LOCAL,105.36,443.98,1176.69,-0.45,49.49,GREEN,1761.06,DOUBLE_LINE_AUTOMATIC,623.83,NORMAL
PASSENGER_LOCAL,117.95,294.11,1434.91,-0.47,33.61,DOUBLE_YELLOW,1914.06,BROAD_GAUGE_NON_ELECTRIFIED,772.98,NORMAL
FREIGHT_GOODS,137.34,680.29,1860.88,2.84,26.81,DOUBLE_YELLOW,1170.76,BROAD_GAUGE_ELECTRIFIED,1005.04,WARNING
PREMIUM_SUPERFAST,132.39,587.7,482.99,0.53,49.02,RED_STOP,481.01,BROAD_GAUGE_NON_ELECTRIFIED,937.24,CRITICAL
FREIGHT_GOODS,154.53,246.86,685.01,0.46,23.96,YELLOW,1188.94,DOUBLE_LINE_AUTOMATIC,1258.89,WARNING
PASSENGER_LOCAL,95.03,557.55,2526.38,-1.67,13.57,RED_STOP,1637.32,BROAD_GAUGE_ELECTRIFIED,552.15,NORMAL
SUPERFAST_EXPRESS,88.39,559.51,1729.81,0.75,30.03,DOUBLE_YELLOW,1541.05,BROAD_GAUGE_ELECTRIFIED,438.15,NORMAL
SUPERFAST_EXPRESS,76.26,725.92,3080.85,0.53,45.33,YELLOW,222.78,DOUBLE_LINE_AUTOMATIC,333.45,WARNING
FREIGHT_GOODS,41.52,201.66,2553.48,-0.72,11.39,RED_STOP,209.13,BROAD_GAUGE_NON_ELECTRIFIED,115.88,NORMAL
SUPERFAST_EXPRESS,100.17,336.36,425.11,3.43,36.36,DOUBLE_YELLOW,2414.88,DOUBLE_LINE_AUTOMATIC,553.4,NORMAL
PASSENGER_LOCAL,58.78,710.29,2311.81,2.67,36.75,GREEN,421.92,DOUBLE_LINE_AUTOMATIC,207.45,NORMAL
PASSENGER_LOCAL,148.98,712.67,690.55,1.75,51.78,RED_STOP,771.43,BROAD_GAUGE_NON_ELECTRIFIED,1173.87,CRITICAL
PREMIUM_SUPERFAST,101.65,596.32,2820.89,0.26,22.89,GREEN,1930.7,BROAD_GAUGE_NON_ELECTRIFIED,568.85,NORMAL
PASSENGER_LOCAL,103.0,621.17,3473.67,-0.27,22.55,RED_STOP,1053.71,BROAD_GAUGE_ELECTRIFIED,591.76,NORMAL
SUPERFAST_EXPRESS,69.69,250.32,2046.72,-2.21,29.82,YELLOW,494.59,BROAD_GAUGE_ELECTRIFIED,320.06,NORMAL
PREMIUM_SUPERFAST,27.28,482.63,2516.62,-1.36,26.06,YELLOW,1194.72,BROAD_GAUGE_ELECTRIFIED,58.16,NORMAL
SUPERFAST_EXPRESS,24.44,327.37,1135.67,1.92,43.14,YELLOW,1443.93,DOUBLE_LINE_AUTOMATIC,45.79,NORMAL
FREIGHT_GOODS,79.27,299.67,1756.55,-0.32,38.88,YELLOW,1159.28,BROAD_GAUGE_NON_ELECTRIFIED,364.32,NORMAL
PREMIUM_SUPERFAST,31.84,645.67,3053.9,2.68,44.15,DOUBLE_YELLOW,2301.42,BROAD_GAUGE_NON_ELECTRIFIED,71.0,NORMAL
PASSENGER_LOCAL,104.96,274.27,919.01,-2.46,46.9,GREEN,747.51,BROAD_GAUGE_ELECTRIFIED,700.89,NORMAL
PREMIUM_SUPERFAST,143.34,457.76,1223.16,0.06,51.53,DOUBLE_YELLOW,1670.26,DOUBLE_LINE_AUTOMATIC,1090.34,WARNING
PASSENGER_LOCAL,143.61,716.22,1780.84,1.03,29.39,RED_STOP,325.12,DOUBLE_LINE_AUTOMATIC,1094.29,CRITICAL
PASSENGER_LOCAL,112.27,302.21,2607.97,0.12,54.31,RED_STOP,1011.1,BROAD_GAUGE_NON_ELECTRIFIED,685.78,NORMAL
SUPERFAST_EXPRESS,49.57,737.9,1565.24,2.72,19.7,GREEN,1865.43,BROAD_GAUGE_NON_ELECTRIFIED,152.94,NORMAL
PASSENGER_LOCAL,140.82,746.86,3275.97,3.43,42.15,GREEN,600.8,BROAD_GAUGE_NON_ELECTRIFIED,1054.11,NORMAL
PASSENGER_LOCAL,144.05,505.59,692.82,-2.69,34.03,DOUBLE_YELLOW,1494.94,BROAD_GAUGE_NON_ELECTRIFIED,1302.95,WARNING
PASSENGER_LOCAL,47.53,293.58,1549.49,-2.59,46.76,YELLOW,425.92,DOUBLE_LINE_AUTOMATIC,163.01,NORMAL
SUPERFAST_EXPRESS,123.24,373.86,2597.76,-2.59,31.45,DOUBLE_YELLOW,301.62,BROAD_GAUGE_ELECTRIFIED,959.35,WARNING
PASSENGER_LOCAL,60.11,433.47,1100.56,1.27,45.28,DOUBLE_YELLOW,1331.92,BROAD_GAUGE_NON_ELECTRIFIED,216.01,NORMAL
FREIGHT_GOODS,132.37,370.13,2434.88,-0.89,51.86,RED_STOP,1703.78,BROAD_GAUGE_NON_ELECTRIFIED,986.76,WARNING
SUPERFAST_EXPRESS,159.61,354.35,909.07,1.63,42.95,DOUBLE_YELLOW,327.75,BROAD_GAUGE_NON_ELECTRIFIED,1339.45,WARNING
FREIGHT_GOODS,24.2,734.73,573.54,-0.66,44.92,GREEN,2298.55,DOUBLE_LINE_AUTOMATIC,46.28,NORMAL
PREMIUM_SUPERFAST,145.63,284.35,775.15,0.89,13.02,YELLOW,603.14,BROAD_GAUGE_ELECTRIFIED,1123.92,WARNING
SUPERFAST_EXPRESS,107.17,603.33,3282.95,1.89,19.22,RED_STOP,343.94,DOUBLE_LINE_AUTOMATIC,628.29,CRITICAL
FREIGHT_GOODS,156.27,200.23,2110.43,0.34,53.84,GREEN,546.61,BROAD_GAUGE_ELECTRIFIED,1286.25,WARNING
SUPERFAST_EXPRESS,85.1,527.9,2868.67,0.28,41.19,RED_STOP,465.45,DOUBLE_LINE_AUTOMATIC,408.36,NORMAL
PASSENGER_LOCAL,138.63,703.77,1431.23,-2.88,35.27,DOUBLE_YELLOW,272.15,BROAD_GAUGE_NON_ELECTRIFIED,1226.8,WARNING
SUPERFAST_EXPRESS,28.74,358.36,2237.24,-0.62,26.51,DOUBLE_YELLOW,2004.71,BROAD_GAUGE_NON_ELECTRIFIED,61.39,NORMAL
PREMIUM_SUPERFAST,66.94,302.04,1934.35,0.32,12.0,GREEN,1264.07,BROAD_GAUGE_ELECTRIFIED,262.58,NORMAL
FREIGHT_GOODS,29.38,558.42,3331.79,-0.27,26.61,GREEN,1001.87,DOUBLE_LINE_AUTOMATIC,62.74,NORMAL
SUPERFAST_EXPRESS,156.55,591.93,2717.48,2.81,32.45,RED_STOP,2379.04,BROAD_GAUGE_ELECTRIFIED,1290.59,NORMAL
PASSENGER_LOCAL,134.38,578.42,2664.68,2.85,19.52,YELLOW,958.97,DOUBLE_LINE_AUTOMATIC,964.12,WARNING
FREIGHT_GOODS,139.36,375.62,543.7,2.25,17.79,RED_STOP,459.08,BROAD_GAUGE_NON_ELECTRIFIED,1033.32,CRITICAL
FREIGHT_GOODS,151.32,338.71,2103.98,-0.87,32.88,DOUBLE_YELLOW,721.41,BROAD_GAUGE_ELECTRIFIED,1272.98,WARNING
FREIGHT_GOODS,31.91,725.76,1847.67,1.52,36.37,GREEN,635.47,BROAD_GAUGE_ELECTRIFIED,71.28,NORMAL
PREMIUM_SUPERFAST,73.98,707.81,3276.31,-0.73,20.8,GREEN,1271.92,BROAD_GAUGE_NON_ELECTRIFIED,328.02,NORMAL
PASSENGER_LOCAL,29.94,451.52,1197.76,-1.87,36.43,RED_STOP,764.19,BROAD_GAUGE_NON_ELECTRIFIED,69.77,NORMAL
PASSENGER_LOCAL,49.51,665.41,1236.48,-1.1,50.52,GREEN,1314.35,BROAD_GAUGE_NON_ELECTRIFIED,161.32,NORMAL
FREIGHT_GOODS,52.11,448.78,1675.17,-3.0,31.29,GREEN,1689.77,BROAD_GAUGE_NON_ELECTRIFIED,197.41,NORMAL
SUPERFAST_EXPRESS,85.68,433.41,1154.45,-1.18,48.58,DOUBLE_YELLOW,1954.38,BROAD_GAUGE_NON_ELECTRIFIED,441.6,NORMAL
FREIGHT_GOODS,57.6,286.22,800.47,-0.27,51.73,YELLOW,1789.89,BROAD_GAUGE_NON_ELECTRIFIED,202.79,NORMAL
PASSENGER_LOCAL,34.14,434.52,3057.99,3.19,14.16,GREEN,553.7,DOUBLE_LINE_AUTOMATIC,79.9,NORMAL
PREMIUM_SUPERFAST,43.45,495.58,2130.66,-1.31,14.31,GREEN,333.95,DOUBLE_LINE_AUTOMATIC,129.3,NORMAL
PREMIUM_SUPERFAST,40.62,212.38,3070.22,2.82,31.42,RED_STOP,1379.0,BROAD_GAUGE_ELECTRIFIED,107.77,NORMAL
FREIGHT_GOODS,156.23,444.26,2976.52,-1.9,36.46,YELLOW,537.33,DOUBLE_LINE_AUTOMATIC,1444.0,WARNING
PREMIUM_SUPERFAST,126.3,629.75,1274.33,-2.16,29.16,DOUBLE_YELLOW,258.09,BROAD_GAUGE_ELECTRIFIED,977.26,WARNING
PREMIUM_SUPERFAST,155.49,574.03,2097.99,0.13,24.69,GREEN,1341.38,DOUBLE_LINE_AUTOMATIC,1273.88,NORMAL
SUPERFAST_EXPRESS,81.56,549.34,657.97,1.21,38.84,YELLOW,850.65,DOUBLE_LINE_AUTOMATIC,377.47,NORMAL
PREMIUM_SUPERFAST,58.97,700.26,3237.28,-3.19,10.09,YELLOW,1902.57,BROAD_GAUGE_NON_ELECTRIFIED,250.42,NORMAL
SUPERFAST_EXPRESS,131.76,209.92,1653.21,-1.95,53.56,RED_STOP,819.77,DOUBLE_LINE_AUTOMATIC,1045.11,CRITICAL
FREIGHT_GOODS,65.68,506.38,1620.4,-0.31,20.44,DOUBLE_YELLOW,2447.86,DOUBLE_LINE_AUTOMATIC,257.73,NORMAL
PASSENGER_LOCAL,61.91,633.04,1338.54,-1.18,51.27,YELLOW,1908.38,DOUBLE_LINE_AUTOMATIC,242.62,NORMAL
PASSENGER_LOCAL,52.55,497.73,1828.06,1.49,14.91,DOUBLE_YELLOW,191.35,BROAD_GAUGE_NON_ELECTRIFIED,169.67,WARNING
SUPERFAST_EXPRESS,38.16,378.14,1180.45,0.08,20.71,YELLOW,1296.74,BROAD_GAUGE_NON_ELECTRIFIED,96.7,NORMAL
PASSENGER_LOCAL,55.9,274.94,1562.04,-2.38,20.57,GREEN,1428.42,DOUBLE_LINE_AUTOMATIC,215.85,NORMAL
FREIGHT_GOODS,69.74,688.16,2879.84,2.76,54.83,DOUBLE_YELLOW,1753.49,BROAD_GAUGE_ELECTRIFIED,283.02,NORMAL
PASSENGER_LOCAL,114.36,458.92,2986.19,-1.45,10.21,RED_STOP,1269.6,DOUBLE_LINE_AUTOMATIC,772.94,NORMAL
PREMIUM_SUPERFAST,28.76,682.96,1342.97,1.62,38.78,YELLOW,1234.44,BROAD_GAUGE_NON_ELECTRIFIED,59.86,NORMAL
FREIGHT_GOODS,49.47,522.22,1853.94,1.96,49.14,GREEN,951.45,BROAD_GAUGE_NON_ELECTRIFIED,152.38,NORMAL
FREIGHT_GOODS,133.26,570.81,3108.84,3.24,40.25,YELLOW,715.08,BROAD_GAUGE_ELECTRIFIED,948.98,WARNING
PASSENGER_LOCAL,40.57,642.34,563.29,-0.01,26.32,GREEN,2368.19,BROAD_GAUGE_NON_ELECTRIFIED,107.6,NORMAL
PASSENGER_LOCAL,67.97,562.54,3156.35,0.81,53.12,DOUBLE_YELLOW,828.11,BROAD_GAUGE_NON_ELECTRIFIED,270.0,NORMAL
SUPERFAST_EXPRESS,141.05,418.93,1079.47,-1.16,50.21,RED_STOP,205.38,DOUBLE_LINE_AUTOMATIC,1132.14,CRITICAL
PREMIUM_SUPERFAST,41.69,482.5,2503.47,1.25,29.53,GREEN,459.85,BROAD_GAUGE_ELECTRIFIED,112.77,NORMAL
PASSENGER_LOCAL,31.58,641.68,2205.91,-0.26,35.8,YELLOW,2150.33,BROAD_GAUGE_NON_ELECTRIFIED,70.82,NORMAL
PASSENGER_LOCAL,87.84,405.51,2114.12,-0.44,53.54,GREEN,1487.25,BROAD_GAUGE_NON_ELECTRIFIED,443.49,NORMAL
SUPERFAST_EXPRESS,62.34,413.47,3064.02,2.49,54.22,GREEN,1958.01,DOUBLE_LINE_AUTOMATIC,230.7,NORMAL
PASSENGER_LOCAL,98.88,252.63,714.87,-3.15,30.24,RED_STOP,2031.51,DOUBLE_LINE_AUTOMATIC,655.67,NORMAL
PREMIUM_SUPERFAST,132.53,703.02,1475.79,2.67,48.13,DOUBLE_YELLOW,2066.93,DOUBLE_LINE_AUTOMATIC,939.11,WARNING
PREMIUM_SUPERFAST,39.2,250.07,2068.58,2.46,23.59,GREEN,1399.0,DOUBLE_LINE_AUTOMATIC,101.33,NORMAL
FREIGHT_GOODS,101.3,556.52,2915.0,0.04,26.73,GREEN,483.95,BROAD_GAUGE_ELECTRIFIED,565.2,NORMAL
FREIGHT_GOODS,90.77,427.26,1070.97,-0.07,17.42,YELLOW,413.17,DOUBLE_LINE_AUTOMATIC,462.09,WARNING
PREMIUM_SUPERFAST,40.17,423.09,2889.08,-0.97,19.41,YELLOW,1456.26,BROAD_GAUGE_ELECTRIFIED,110.73,NORMAL
SUPERFAST_EXPRESS,107.36,573.75,1638.88,3.46,39.56,DOUBLE_YELLOW,947.96,BROAD_GAUGE_NON_ELECTRIFIED,630.41,NORMAL
FREIGHT_GOODS,58.31,236.9,985.63,-2.72,32.99,DOUBLE_YELLOW,1417.22,BROAD_GAUGE_NON_ELECTRIFIED,238.07,NORMAL
PREMIUM_SUPERFAST,88.3,526.54,2752.86,0.63,20.4,DOUBLE_YELLOW,1271.27,DOUBLE_LINE_AUTOMATIC,437.3,NORMAL
PREMIUM_SUPERFAST,31.52,624.62,681.79,1.27,28.13,YELLOW,1525.39,DOUBLE_LINE_AUTOMATIC,69.79,NORMAL
FREIGHT_GOODS,84.34,655.52,1995.78,3.04,26.79,GREEN,128.67,DOUBLE_LINE_AUTOMATIC,401.62,NORMAL
PREMIUM_SUPERFAST,62.9,293.79,598.01,1.96,54.43,DOUBLE_YELLOW,130.45,BROAD_GAUGE_NON_ELECTRIFIED,234.51,WARNING
PREMIUM_SUPERFAST,135.13,693.58,1504.9,1.01,48.41,YELLOW,1817.91,BROAD_GAUGE_NON_ELECTRIFIED,974.49,WARNING
PREMIUM_SUPERFAST,27.98,560.88,2263.34,-2.68,27.46,YELLOW,523.16,BROAD_GAUGE_NON_ELECTRIFIED,64.78,NORMAL
PREMIUM_SUPERFAST,78.61,685.02,2123.96,-0.88,51.13,DOUBLE_YELLOW,1647.89,BROAD_GAUGE_ELECTRIFIED,369.98,NORMAL
FREIGHT_GOODS,84.18,466.9,1654.43,-2.53,25.42,YELLOW,1389.11,BROAD_GAUGE_NON_ELECTRIFIED,464.33,NORMAL
SUPERFAST_EXPRESS,121.5,498.12,1730.05,2.67,40.06,GREEN,2455.4,DOUBLE_LINE_AUTOMATIC,796.3,NORMAL
PREMIUM_SUPERFAST,100.4,705.47,1102.99,1.75,53.5,RED_STOP,2096.74,BROAD_GAUGE_ELECTRIFIED,555.84,NORMAL
PASSENGER_LOCAL,113.41,694.95,1813.24,1.8,27.56,YELLOW,1062.18,BROAD_GAUGE_ELECTRIFIED,699.02,NORMAL
SUPERFAST_EXPRESS,128.79,446.49,3355.09,1.07,40.59,YELLOW,1560.21,BROAD_GAUGE_ELECTRIFIED,889.3,NORMAL
PASSENGER_LOCAL,140.71,350.93,3036.4,0.05,23.32,RED_STOP,337.36,BROAD_GAUGE_NON_ELECTRIFIED,1052.52,CRITICAL
PASSENGER_LOCAL,63.94,416.24,850.22,-2.45,21.98,GREEN,996.65,BROAD_GAUGE_NON_ELECTRIFIED,277.24,NORMAL
PREMIUM_SUPERFAST,95.32,413.27,492.32,-1.19,35.84,DOUBLE_YELLOW,1848.02,BROAD_GAUGE_NON_ELECTRIFIED,539.67,NORMAL
FREIGHT_GOODS,137.62,357.78,3293.93,-2.54,54.07,YELLOW,1575.55,BROAD_GAUGE_NON_ELECTRIFIED,1181.33,WARNING
PASSENGER_LOCAL,158.52,347.72,2032.92,1.57,30.39,GREEN,1236.95,DOUBLE_LINE_AUTOMATIC,1321.97,NORMAL
PASSENGER_LOCAL,144.53,673.58,2067.3,-2.38,52.19,DOUBLE_YELLOW,482.5,BROAD_GAUGE_ELECTRIFIED,1283.68,WARNING
PASSENGER_LOCAL,72.01,238.42,2820.23,1.41,51.15,GREEN,2017.71,BROAD_GAUGE_ELECTRIFIED,300.04,NORMAL
PREMIUM_SUPERFAST,47.32,572.69,1375.54,1.35,21.42,RED_STOP,719.26,BROAD_GAUGE_ELECTRIFIED,140.86,NORMAL
PREMIUM_SUPERFAST,88.51,295.05,1893.91,-0.28,28.08,YELLOW,2060.17,BROAD_GAUGE_ELECTRIFIED,446.16,NORMAL
FREIGHT_GOODS,123.83,389.48,3402.86,-2.55,38.95,GREEN,1548.44,BROAD_GAUGE_ELECTRIFIED,965.89,NORMAL
PREMIUM_SUPERFAST,88.96,233.85,2483.66,-1.3,33.31,DOUBLE_YELLOW,963.19,DOUBLE_LINE_AUTOMATIC,477.07,NORMAL
SUPERFAST_EXPRESS,87.65,348.49,876.61,-1.26,14.32,DOUBLE_YELLOW,149.48,DOUBLE_LINE_AUTOMATIC,462.97,WARNING
FREIGHT_GOODS,137.35,622.63,813.0,1.4,54.72,DOUBLE_YELLOW,619.43,BROAD_GAUGE_ELECTRIFIED,1005.18,WARNING
PREMIUM_SUPERFAST,70.6,686.76,1033.22,-2.7,43.87,RED_STOP,2228.22,BROAD_GAUGE_ELECTRIFIED,338.25,NORMAL
PREMIUM_SUPERFAST,140.37,321.84,2776.81,2.3,29.7,GREEN,2054.04,BROAD_GAUGE_NON_ELECTRIFIED,1047.72,NORMAL
PASSENGER_LOCAL,76.95,454.95,1315.67,1.83,37.82,GREEN,1458.39,BROAD_GAUGE_ELECTRIFIED,339.02,NORMAL
PREMIUM_SUPERFAST,65.95,458.68,466.31,-2.2,13.94,DOUBLE_YELLOW,1192.49,DOUBLE_LINE_AUTOMATIC,288.94,NORMAL
PASSENGER_LOCAL,83.56,680.47,3326.94,1.53,32.29,DOUBLE_YELLOW,1635.5,BROAD_GAUGE_NON_ELECTRIFIED,394.74,NORMAL
PREMIUM_SUPERFAST,126.74,619.54,926.11,1.18,51.89,DOUBLE_YELLOW,1192.31,DOUBLE_LINE_AUTOMATIC,862.69,NORMAL
PREMIUM_SUPERFAST,37.64,482.19,429.63,1.74,50.35,RED_STOP,1628.55,BROAD_GAUGE_NON_ELECTRIFIED,94.46,NORMAL
PREMIUM_SUPERFAST,47.5,568.91,1135.11,-2.18,25.18,RED_STOP,803.14,BROAD_GAUGE_NON_ELECTRIFIED,158.93,NORMAL
PREMIUM_SUPERFAST,153.2,666.05,1128.59,-2.4,33.91,YELLOW,2104.32,BROAD_GAUGE_ELECTRIFIED,1437.72,NORMAL
PREMIUM_SUPERFAST,44.57,205.25,1708.22,-1.84,41.38,YELLOW,1769.7,DOUBLE_LINE_AUTOMATIC,139.23,NORMAL
FREIGHT_GOODS,99.48,421.59,3253.21,-0.94,25.3,YELLOW,858.44,DOUBLE_LINE_AUTOMATIC,576.11,NORMAL
PREMIUM_SUPERFAST,101.1,698.98,3125.47,2.06,12.92,DOUBLE_YELLOW,2085.13,BROAD_GAUGE_ELECTRIFIED,563.17,NORMAL
PREMIUM_SUPERFAST,88.55,607.17,1816.37,1.67,32.74,RED_STOP,1243.99,BROAD_GAUGE_NON_ELECTRIFIED,439.61,NORMAL
PASSENGER_LOCAL,110.26,498.56,1673.79,2.98,37.07,RED_STOP,477.87,BROAD_GAUGE_NON_ELECTRIFIED,662.91,CRITICAL
SUPERFAST_EXPRESS,52.18,491.3,2120.53,-3.09,10.26,YELLOW,240.4,DOUBLE_LINE_AUTOMATIC,198.93,NORMAL
SUPERFAST_EXPRESS,97.37,391.27,1154.71,-3.42,14.3,DOUBLE_YELLOW,1764.03,BROAD_GAUGE_ELECTRIFIED,649.13,NORMAL
FREIGHT_GOODS,72.1,486.29,561.77,1.39,19.33,GREEN,2169.55,BROAD_GAUGE_ELECTRIFIED,300.8,NORMAL
PREMIUM_SUPERFAST,112.63,560.46,3311.59,-1.54,25.66,DOUBLE_YELLOW,2028.23,DOUBLE_LINE_AUTOMATIC,755.41,NORMAL
SUPERFAST_EXPRESS,39.77,430.1,978.77,-1.16,34.35,DOUBLE_YELLOW,1656.35,BROAD_GAUGE_NON_ELECTRIFIED,109.87,NORMAL
PASSENGER_LOCAL,99.92,592.78,1015.04,0.33,23.22,YELLOW,396.37,BROAD_GAUGE_NON_ELECTRIFIED,550.9,WARNING
PASSENGER_LOCAL,45.94,673.68,1864.63,-2.78,22.43,RED_STOP,280.41,BROAD_GAUGE_ELECTRIFIED,155.1,NORMAL
FREIGHT_GOODS,59.01,285.08,1924.0,1.0,49.12,RED_STOP,895.32,BROAD_GAUGE_NON_ELECTRIFIED,208.91,NORMAL
PASSENGER_LOCAL,50.62,448.35,457.15,-1.22,16.53,GREEN,2144.53,BROAD_GAUGE_NON_ELECTRIFIED,168.96,NORMAL
SUPERFAST_EXPRESS,45.6,424.41,858.66,0.93,32.3,RED_STOP,2406.25,BROAD_GAUGE_NON_ELECTRIFIED,131.93,NORMAL
SUPERFAST_EXPRESS,135.6,578.11,1572.28,2.34,52.88,RED_STOP,641.33,DOUBLE_LINE_AUTOMATIC,980.9,CRITICAL
SUPERFAST_EXPRESS,60.0,337.43,2519.57,-2.3,38.13,GREEN,1917.13,BROAD_GAUGE_ELECTRIFIED,244.45,NORMAL
PREMIUM_SUPERFAST,149.8,552.14,1108.1,3.02,42.27,GREEN,1455.98,DOUBLE_LINE_AUTOMATIC,1186.17,NORMAL
PASSENGER_LOCAL,155.79,682.62,1711.34,0.21,29.41,YELLOW,127.93,DOUBLE_LINE_AUTOMATIC,1278.64,WARNING
PASSENGER_LOCAL,99.98,429.97,2127.77,2.96,10.9,YELLOW,1380.15,BROAD_GAUGE_NON_ELECTRIFIED,551.45,NORMAL
PREMIUM_SUPERFAST,40.02,701.06,3154.64,-2.05,39.08,YELLOW,2024.55,BROAD_GAUGE_ELECTRIFIED,116.35,NORMAL
SUPERFAST_EXPRESS,72.44,746.24,1410.82,0.73,38.44,YELLOW,726.5,BROAD_GAUGE_NON_ELECTRIFIED,303.35,NORMAL
PASSENGER_LOCAL,131.68,258.35,814.03,-0.67,14.97,RED_STOP,2248.54,BROAD_GAUGE_ELECTRIFIED,964.39,NORMAL
SUPERFAST_EXPRESS,71.43,328.18,1916.74,1.92,30.8,YELLOW,628.84,BROAD_GAUGE_NON_ELECTRIFIED,295.7,NORMAL
PREMIUM_SUPERFAST,32.18,722.71,2714.84,0.74,51.19,DOUBLE_YELLOW,237.36,BROAD_GAUGE_ELECTRIFIED,72.3,NORMAL
SUPERFAST_EXPRESS,97.95,727.08,740.57,-0.04,19.23,GREEN,441.85,BROAD_GAUGE_ELECTRIFIED,531.82,NORMAL
FREIGHT_GOODS,138.32,253.74,1716.52,2.89,30.75,YELLOW,2100.66,BROAD_GAUGE_NON_ELECTRIFIED,1018.68,NORMAL
PREMIUM_SUPERFAST,131.43,208.25,455.13,-0.86,30.75,GREEN,1072.4,BROAD_GAUGE_NON_ELECTRIFIED,971.63,NORMAL
SUPERFAST_EXPRESS,44.52,288.61,504.03,-1.96,46.48,RED_STOP,2002.52,DOUBLE_LINE_AUTOMATIC,139.83,NORMAL
PREMIUM_SUPERFAST,114.19,747.81,1897.16,0.76,47.11,YELLOW,1351.52,DOUBLE_LINE_AUTOMATIC,708.09,NORMAL
PASSENGER_LOCAL,50.87,299.0,1324.41,0.87,44.17,DOUBLE_YELLOW,1227.37,BROAD_GAUGE_ELECTRIFIED,160.13,NORMAL
FREIGHT_GOODS,50.55,476.4,3019.83,-0.43,26.45,GREEN,2026.94,BROAD_GAUGE_NON_ELECTRIFIED,161.7,NORMAL
PREMIUM_SUPERFAST,142.37,666.63,2266.68,-0.09,13.24,YELLOW,1087.54,BROAD_GAUGE_NON_ELECTRIFIED,1082.12,WARNING
SUPERFAST_EXPRESS,54.95,211.22,1807.19,3.22,25.73,DOUBLE_YELLOW,2014.98,DOUBLE_LINE_AUTOMATIC,183.8,NORMAL
PASSENGER_LOCAL,56.85,532.47,1664.6,1.63,40.59,RED_STOP,296.62,BROAD_GAUGE_NON_ELECTRIFIED,195.37,NORMAL
SUPERFAST_EXPRESS,20.09,352.36,1941.46,-2.73,41.62,DOUBLE_YELLOW,1608.96,BROAD_GAUGE_ELECTRIFIED,37.42,NORMAL
SUPERFAST_EXPRESS,141.89,674.28,525.36,-2.02,53.43,RED_STOP,1771.34,BROAD_GAUGE_ELECTRIFIED,1209.4,WARNING
PREMIUM_SUPERFAST,130.96,355.9,3167.66,3.33,30.41,GREEN,2252.79,BROAD_GAUGE_ELECTRIFIED,918.08,NORMAL
PREMIUM_SUPERFAST,107.83,577.72,3494.74,1.59,38.46,YELLOW,599.59,DOUBLE_LINE_AUTOMATIC,635.57,WARNING
SUPERFAST_EXPRESS,125.04,570.82,962.61,2.91,34.26,DOUBLE_YELLOW,1530.34,BROAD_GAUGE_ELECTRIFIED,840.8,NORMAL
PREMIUM_SUPERFAST,41.29,321.82,773.19,-1.37,16.78,DOUBLE_YELLOW,1111.48,DOUBLE_LINE_AUTOMATIC,118.59,NORMAL
SUPERFAST_EXPRESS,84.17,219.14,845.09,1.69,30.75,DOUBLE_YELLOW,987.79,DOUBLE_LINE_AUTOMATIC,400.07,NORMAL
PREMIUM_SUPERFAST,69.17,425.09,2449.18,1.5,34.52,RED_STOP,311.45,BROAD_GAUGE_ELECTRIFIED,278.77,NORMAL
FREIGHT_GOODS,33.13,359.06,2450.47,-1.44,52.78,GREEN,378.87,DOUBLE_LINE_AUTOMATIC,81.16,NORMAL
PREMIUM_SUPERFAST,88.06,644.94,3028.56,0.36,26.49,GREEN,2100.62,DOUBLE_LINE_AUTOMATIC,435.1,NORMAL
SUPERFAST_EXPRESS,148.9,640.2,2730.66,0.89,54.1,YELLOW,1886.9,BROAD_GAUGE_ELECTRIFIED,1172.67,WARNING
PASSENGER_LOCAL,25.61,451.36,1794.04,-0.13,34.4,YELLOW,986.74,BROAD_GAUGE_ELECTRIFIED,49.67,NORMAL
PREMIUM_SUPERFAST,60.8,533.58,2299.85,2.29,20.91,GREEN,2079.79,DOUBLE_LINE_AUTOMATIC,220.52,NORMAL
FREIGHT_GOODS,49.06,532.34,2533.68,2.33,18.62,GREEN,247.88,DOUBLE_LINE_AUTOMATIC,150.12,NORMAL
FREIGHT_GOODS,53.34,654.94,1989.48,2.45,16.38,GREEN,1580.7,BROAD_GAUGE_NON_ELECTRIFIED,174.25,NORMAL
FREIGHT_GOODS,147.18,433.75,1874.52,2.12,30.38,DOUBLE_YELLOW,2177.03,BROAD_GAUGE_ELECTRIFIED,1146.88,NORMAL
FREIGHT_GOODS,85.53,351.5,2399.8,-0.08,10.99,RED_STOP,2105.22,BROAD_GAUGE_NON_ELECTRIFIED,414.03,NORMAL
SUPERFAST_EXPRESS,85.28,345.77,2128.17,-0.83,30.03,GREEN,963.32,DOUBLE_LINE_AUTOMATIC,429.16,NORMAL
FREIGHT_GOODS,126.48,494.91,2396.22,2.32,54.48,YELLOW,1875.82,BROAD_GAUGE_NON_ELECTRIFIED,859.31,NORMAL
PASSENGER_LOCAL,41.63,447.03,2299.85,-0.07,40.15,RED_STOP,1097.3,DOUBLE_LINE_AUTOMATIC,112.84,NORMAL
PREMIUM_SUPERFAST,88.22,442.07,2629.51,-1.78,44.19,DOUBLE_YELLOW,2108.34,BROAD_GAUGE_NON_ELECTRIFIED,483.41,NORMAL
FREIGHT_GOODS,80.2,250.13,2392.69,0.05,15.36,RED_STOP,1350.37,DOUBLE_LINE_AUTOMATIC,365.86,NORMAL
PREMIUM_SUPERFAST,103.57,595.23,2011.2,-2.51,31.29,GREEN,1923.9,DOUBLE_LINE_AUTOMATIC,685.31,NORMAL
SUPERFAST_EXPRESS,159.94,317.56,2513.57,1.34,22.88,RED_STOP,242.5,DOUBLE_LINE_AUTOMATIC,1344.68,CRITICAL
PREMIUM_SUPERFAST,127.72,308.32,1793.39,-1.15,50.23,YELLOW,1495.56,BROAD_GAUGE_ELECTRIFIED,936.24,NORMAL
SUPERFAST_EXPRESS,75.7,427.02,1149.18,-1.68,18.16,RED_STOP,1398.2,DOUBLE_LINE_AUTOMATIC,361.26,NORMAL
SUPERFAST_EXPRESS,135.86,325.28,404.4,3.2,30.64,GREEN,1544.44,BROAD_GAUGE_ELECTRIFIED,984.45,NORMAL
PREMIUM_SUPERFAST,43.9,521.12,2135.89,1.94,36.46,RED_STOP,1754.32,DOUBLE_LINE_AUTOMATIC,123.42,NORMAL
FREIGHT_GOODS,24.26,404.3,2231.03,2.01,33.13,RED_STOP,2299.37,BROAD_GAUGE_NON_ELECTRIFIED,45.25,NORMAL
PASSENGER_LOCAL,48.62,446.9,3413.35,0.87,47.36,RED_STOP,1974.92,DOUBLE_LINE_AUTOMATIC,147.78,NORMAL
PREMIUM_SUPERFAST,67.66,495.44,1520.58,2.37,20.42,YELLOW,588.11,DOUBLE_LINE_AUTOMATIC,267.74,NORMAL
PASSENGER_LOCAL,91.48,311.94,1621.81,1.81,26.98,RED_STOP,2073.45,BROAD_GAUGE_NON_ELECTRIFIED,467.12,NORMAL
PREMIUM_SUPERFAST,106.12,285.66,1025.58,0.69,45.64,RED_STOP,349.1,DOUBLE_LINE_AUTOMATIC,616.76,CRITICAL
PASSENGER_LOCAL,147.48,684.23,618.66,3.23,33.76,DOUBLE_YELLOW,1574.39,DOUBLE_LINE_AUTOMATIC,1151.41,NORMAL
PREMIUM_SUPERFAST,91.38,438.55,2795.69,-2.16,28.1,RED_STOP,2212.75,DOUBLE_LINE_AUTOMATIC,528.96,NORMAL
PASSENGER_LOCAL,90.18,426.65,1174.01,3.1,11.32,RED_STOP,297.75,BROAD_GAUGE_NON_ELECTRIFIED,454.8,CRITICAL
PASSENGER_LOCAL,27.03,219.59,2287.61,-0.69,43.9,DOUBLE_YELLOW,2131.75,DOUBLE_LINE_AUTOMATIC,55.61,NORMAL
PREMIUM_SUPERFAST,24.89,473.89,2532.1,0.2,53.75,YELLOW,2006.62,BROAD_GAUGE_ELECTRIFIED,47.15,NORMAL
PREMIUM_SUPERFAST,97.16,504.79,1860.83,-2.64,37.91,YELLOW,1284.25,BROAD_GAUGE_ELECTRIFIED,612.74,NORMAL
SUPERFAST_EXPRESS,81.35,507.36,3116.69,0.28,48.54,DOUBLE_YELLOW,806.8,BROAD_GAUGE_ELECTRIFIED,375.6,NORMAL
PASSENGER_LOCAL,137.49,588.87,1775.76,0.78,33.26,DOUBLE_YELLOW,1043.32,BROAD_GAUGE_ELECTRIFIED,1007.04,WARNING
PREMIUM_SUPERFAST,42.5,297.62,1283.22,3.48,20.43,RED_STOP,2423.21,BROAD_GAUGE_NON_ELECTRIFIED,116.6,NORMAL
FREIGHT_GOODS,23.5,338.72,3177.65,3.33,10.65,YELLOW,544.16,DOUBLE_LINE_AUTOMATIC,42.94,NORMAL
FREIGHT_GOODS,82.87,645.9,3070.85,3.26,39.4,YELLOW,1470.03,BROAD_GAUGE_ELECTRIFIED,388.69,NORMAL
SUPERFAST_EXPRESS,53.25,720.94,908.52,-1.06,32.19,RED_STOP,253.94,DOUBLE_LINE_AUTOMATIC,183.42,NORMAL
FREIGHT_GOODS,26.95,274.76,480.48,3.44,45.19,GREEN,583.84,DOUBLE_LINE_AUTOMATIC,53.73,NORMAL
PREMIUM_SUPERFAST,121.44,473.71,678.96,-0.31,41.26,RED_STOP,1920.13,BROAD_GAUGE_NON_ELECTRIFIED,809.72,NORMAL
PASSENGER_LOCAL,35.62,317.8,1288.3,2.46,54.46,GREEN,791.37,DOUBLE_LINE_AUTOMATIC,85.94,NORMAL
PREMIUM_SUPERFAST,105.16,233.04,3414.01,-1.99,32.96,RED_STOP,2465.13,BROAD_GAUGE_ELECTRIFIED,681.96,NORMAL
FREIGHT_GOODS,59.35,379.03,2131.4,0.04,29.22,DOUBLE_YELLOW,1277.0,BROAD_GAUGE_ELECTRIFIED,211.07,NORMAL
FREIGHT_GOODS,44.29,279.03,1557.11,3.26,22.9,RED_STOP,1315.52,BROAD_GAUGE_NON_ELECTRIFIED,125.35,NORMAL
PREMIUM_SUPERFAST,73.17,590.46,3155.02,3.13,31.46,DOUBLE_YELLOW,138.97,BROAD_GAUGE_ELECTRIFIED,308.97,WARNING
SUPERFAST_EXPRESS,132.2,493.55,1804.72,1.29,49.28,GREEN,2393.49,BROAD_GAUGE_ELECTRIFIED,934.66,WARNING
PREMIUM_SUPERFAST,74.89,279.11,1377.24,2.08,11.91,GREEN,476.87,BROAD_GAUGE_NON_ELECTRIFIED,322.5,NORMAL
SUPERFAST_EXPRESS,125.11,205.08,3317.78,-2.27,54.01,DOUBLE_YELLOW,1368.93,BROAD_GAUGE_NON_ELECTRIFIED,966.18,NORMAL
FREIGHT_GOODS,37.57,644.49,3033.5,1.55,54.7,DOUBLE_YELLOW,1019.4,BROAD_GAUGE_ELECTRIFIED,94.15,NORMAL
PASSENGER_LOCAL,128.19,296.91,3015.37,0.83,36.9,YELLOW,1068.18,BROAD_GAUGE_NON_ELECTRIFIED,881.47,NORMAL
PASSENGER_LOCAL,53.17,533.42,1988.08,-2.86,24.92,YELLOW,1626.09,BROAD_GAUGE_NON_ELECTRIFIED,202.93,NORMAL
PREMIUM_SUPERFAST,114.84,385.31,2847.26,-2.71,20.04,RED_STOP,1672.12,BROAD_GAUGE_ELECTRIFIED,845.25,NORMAL
SUPERFAST_EXPRESS,99.21,522.02,956.0,-2.74,22.44,DOUBLE_YELLOW,428.01,BROAD_GAUGE_ELECTRIFIED,641.67,WARNING
FREIGHT_GOODS,150.08,373.61,2176.99,1.57,12.25,GREEN,1273.99,BROAD_GAUGE_NON_ELECTRIFIED,1190.45,NORMAL
PASSENGER_LOCAL,74.23,247.82,3449.92,-2.51,31.38,YELLOW,1986.67,DOUBLE_LINE_AUTOMATIC,366.63,NORMAL
PREMIUM_SUPERFAST,29.26,322.62,1301.97,-0.23,12.58,DOUBLE_YELLOW,1136.05,DOUBLE_LINE_AUTOMATIC,62.21,NORMAL
PREMIUM_SUPERFAST,22.68,303.43,2862.49,-1.0,42.33,GREEN,456.22,BROAD_GAUGE_ELECTRIFIED,42.22,NORMAL
FREIGHT_GOODS,135.76,435.41,1920.48,0.35,26.74,GREEN,817.38,BROAD_GAUGE_ELECTRIFIED,983.11,NORMAL
FREIGHT_GOODS,93.46,562.06,523.4,1.45,18.97,DOUBLE_YELLOW,570.33,DOUBLE_LINE_AUTOMATIC,486.17,WARNING
PREMIUM_SUPERFAST,128.53,345.09,2765.36,1.29,34.52,RED_STOP,358.25,BROAD_GAUGE_NON_ELECTRIFIED,885.99,CRITICAL
PREMIUM_SUPERFAST,52.82,206.64,922.56,0.11,53.82,YELLOW,975.07,DOUBLE_LINE_AUTOMATIC,171.22,NORMAL
PREMIUM_SUPERFAST,68.31,485.42,2357.57,-0.25,41.28,YELLOW,1375.29,DOUBLE_LINE_AUTOMATIC,276.05,NORMAL
SUPERFAST_EXPRESS,24.21,533.17,665.56,-0.72,32.13,DOUBLE_YELLOW,228.24,BROAD_GAUGE_ELECTRIFIED,46.42,NORMAL
FREIGHT_GOODS,154.61,729.58,3335.29,2.53,44.96,RED_STOP,1529.37,BROAD_GAUGE_NON_ELECTRIFIED,1260.14,NORMAL
PREMIUM_SUPERFAST,113.5,524.21,1304.34,-1.18,43.19,GREEN,2482.91,DOUBLE_LINE_AUTOMATIC,749.74,NORMAL
FREIGHT_GOODS,150.65,459.14,1102.04,-1.68,50.13,RED_STOP,2412.11,BROAD_GAUGE_NON_ELECTRIFIED,1327.87,WARNING
PREMIUM_SUPERFAST,57.17,515.37,800.32,1.7,19.21,YELLOW,2081.48,BROAD_GAUGE_ELECTRIFIED,197.32,NORMAL
PREMIUM_SUPERFAST,105.6,710.35,3332.61,-0.98,48.65,DOUBLE_YELLOW,702.54,DOUBLE_LINE_AUTOMATIC,646.32,WARNING
PREMIUM_SUPERFAST,114.99,655.61,2606.9,2.43,23.55,YELLOW,104.9,BROAD_GAUGE_ELECTRIFIED,717.52,WARNING
FREIGHT_GOODS,64.46,377.64,2699.15,-1.2,52.34,DOUBLE_YELLOW,2092.18,DOUBLE_LINE_AUTOMATIC,261.44,NORMAL
PREMIUM_SUPERFAST,138.74,330.49,1948.15,1.41,22.65,RED_STOP,186.51,BROAD_GAUGE_NON_ELECTRIFIED,1024.56,CRITICAL
PREMIUM_SUPERFAST,152.6,344.45,1871.66,-3.18,51.71,YELLOW,553.79,BROAD_GAUGE_ELECTRIFIED,1508.06,WARNING
FREIGHT_GOODS,143.88,477.43,741.07,-0.8,53.37,RED_STOP,1383.91,BROAD_GAUGE_NON_ELECTRIFIED,1150.86,WARNING
PREMIUM_SUPERFAST,123.47,609.23,2135.51,-1.1,16.55,YELLOW,487.03,DOUBLE_LINE_AUTOMATIC,875.06,WARNING
PASSENGER_LOCAL,58.85,476.77,1165.44,2.22,53.85,RED_STOP,2092.78,BROAD_GAUGE_ELECTRIFIED,207.86,NORMAL
PASSENGER_LOCAL,59.43,237.29,3429.15,3.27,13.86,YELLOW,1954.04,BROAD_GAUGE_NON_ELECTRIFIED,211.57,NORMAL
PREMIUM_SUPERFAST,154.87,597.97,2869.4,-0.27,19.84,DOUBLE_YELLOW,1901.64,BROAD_GAUGE_NON_ELECTRIFIED,1284.37,NORMAL
SUPERFAST_EXPRESS,21.44,643.28,1680.28,2.27,29.99,RED_STOP,2049.51,DOUBLE_LINE_AUTOMATIC,37.06,NORMAL
FREIGHT_GOODS,120.25,359.22,869.16,1.4,54.71,RED_STOP,588.27,BROAD_GAUGE_ELECTRIFIED,780.81,CRITICAL
PREMIUM_SUPERFAST,118.87,565.27,2834.53,3.27,31.99,DOUBLE_YELLOW,1835.79,BROAD_GAUGE_NON_ELECTRIFIED,764.03,NORMAL
FREIGHT_GOODS,107.18,434.63,778.37,2.18,34.77,GREEN,920.44,BROAD_GAUGE_ELECTRIFIED,628.38,NORMAL
SUPERFAST_EXPRESS,158.62,689.02,986.93,-2.96,41.25,YELLOW,1683.77,BROAD_GAUGE_ELECTRIFIED,1598.58,WARNING
SUPERFAST_EXPRESS,63.66,664.87,1055.71,1.49,53.57,YELLOW,348.95,BROAD_GAUGE_ELECTRIFIED,239.67,NORMAL
FREIGHT_GOODS,67.6,488.99,2126.36,0.25,45.25,DOUBLE_YELLOW,1778.69,BROAD_GAUGE_ELECTRIFIED,267.29,NORMAL
SUPERFAST_EXPRESS,31.05,580.33,2839.88,-3.38,20.09,YELLOW,2431.66,DOUBLE_LINE_AUTOMATIC,80.54,NORMAL
SUPERFAST_EXPRESS,81.99,685.84,1374.38,-1.74,23.63,RED_STOP,156.82,BROAD_GAUGE_NON_ELECTRIFIED,420.72,CRITICAL
FREIGHT_GOODS,56.55,472.64,662.48,2.95,14.39,RED_STOP,279.88,BROAD_GAUGE_ELECTRIFIED,193.47,NORMAL
SUPERFAST_EXPRESS,68.07,372.29,1840.07,2.98,39.0,DOUBLE_YELLOW,352.91,BROAD_GAUGE_NON_ELECTRIFIED,270.75,NORMAL
PASSENGER_LOCAL,136.84,614.52,2719.14,2.09,18.13,RED_STOP,1104.88,BROAD_GAUGE_NON_ELECTRIFIED,998.06,NORMAL
PREMIUM_SUPERFAST,150.97,321.04,1087.16,3.37,21.58,GREEN,762.41,BROAD_GAUGE_NON_ELECTRIFIED,1203.96,NORMAL
PASSENGER_LOCAL,46.0,413.69,1081.77,2.15,49.97,YELLOW,2026.95,DOUBLE_LINE_AUTOMATIC,134.0,NORMAL
PASSENGER_LOCAL,72.15,676.15,3336.4,-3.43,24.7,DOUBLE_YELLOW,1210.78,BROAD_GAUGE_ELECTRIFIED,369.63,NORMAL
PREMIUM_SUPERFAST,150.01,598.43,3357.88,-1.49,35.5,DOUBLE_YELLOW,1237.12,BROAD_GAUGE_ELECTRIFIED,1300.4,WARNING
PASSENGER_LOCAL,28.65,422.1,3470.44,-3.29,27.89,YELLOW,1806.74,BROAD_GAUGE_NON_ELECTRIFIED,69.72,NORMAL
PREMIUM_SUPERFAST,32.93,318.11,2903.74,-2.84,13.33,GREEN,936.82,BROAD_GAUGE_NON_ELECTRIFIED,86.46,NORMAL
PREMIUM_SUPERFAST,42.79,395.78,983.37,-1.97,26.33,DOUBLE_YELLOW,915.36,DOUBLE_LINE_AUTOMATIC,130.4,NORMAL
FREIGHT_GOODS,103.33,356.26,1057.14,0.02,28.36,YELLOW,1904.47,DOUBLE_LINE_AUTOMATIC,586.66,NORMAL
PREMIUM_SUPERFAST,41.07,296.85,1454.7,2.43,50.31,GREEN,1961.1,BROAD_GAUGE_NON_ELECTRIFIED,109.85,NORMAL
PREMIUM_SUPERFAST,155.53,608.83,1386.21,2.53,24.6,DOUBLE_YELLOW,85.28,BROAD_GAUGE_ELECTRIFIED,1274.57,WARNING
SUPERFAST_EXPRESS,82.54,338.64,3365.24,0.81,27.07,GREEN,402.29,DOUBLE_LINE_AUTOMATIC,385.87,NORMAL
SUPERFAST_EXPRESS,90.21,449.79,2846.13,3.0,45.23,DOUBLE_YELLOW,572.09,BROAD_GAUGE_ELECTRIFIED,455.12,NORMAL
PASSENGER_LOCAL,54.53,412.22,2644.43,0.0,44.15,YELLOW,911.42,DOUBLE_LINE_AUTOMATIC,181.28,NORMAL
PREMIUM_SUPERFAST,85.93,740.14,976.49,2.72,45.92,YELLOW,764.05,BROAD_GAUGE_ELECTRIFIED,415.81,NORMAL
PREMIUM_SUPERFAST,112.67,415.1,3219.53,-0.32,52.92,YELLOW,1687.87,BROAD_GAUGE_NON_ELECTRIFIED,702.97,NORMAL
FREIGHT_GOODS,125.16,243.99,2966.4,-1.56,45.8,GREEN,2078.93,DOUBLE_LINE_AUTOMATIC,924.02,NORMAL
PREMIUM_SUPERFAST,125.54,249.4,907.29,2.91,28.34,RED_STOP,520.61,BROAD_GAUGE_NON_ELECTRIFIED,847.25,CRITICAL
FREIGHT_GOODS,100.9,524.91,3100.63,-0.78,46.97,GREEN,1429.3,DOUBLE_LINE_AUTOMATIC,586.41,NORMAL
PREMIUM_SUPERFAST,146.61,529.65,1243.97,0.02,32.89,YELLOW,951.15,BROAD_GAUGE_NON_ELECTRIFIED,1138.4,WARNING
SUPERFAST_EXPRESS,134.44,430.32,650.7,-1.2,22.5,DOUBLE_YELLOW,1289.16,DOUBLE_LINE_AUTOMATIC,1035.49,NORMAL
SUPERFAST_EXPRESS,125.99,437.51,2436.15,1.14,23.63,RED_STOP,1570.86,DOUBLE_LINE_AUTOMATIC,852.95,NORMAL
SUPERFAST_EXPRESS,27.78,229.66,2426.79,3.47,20.07,GREEN,2239.32,DOUBLE_LINE_AUTOMATIC,56.52,NORMAL
PASSENGER_LOCAL,20.96,484.1,694.29,-3.32,16.52,GREEN,521.12,BROAD_GAUGE_ELECTRIFIED,41.3,NORMAL
PREMIUM_SUPERFAST,49.74,477.61,1388.44,2.8,18.3,DOUBLE_YELLOW,263.17,BROAD_GAUGE_ELECTRIFIED,153.87,NORMAL
SUPERFAST_EXPRESS,112.89,282.25,3477.72,-3.47,12.84,DOUBLE_YELLOW,1586.67,DOUBLE_LINE_AUTOMATIC,863.39,NORMAL
FREIGHT_GOODS,77.57,257.11,2503.12,-0.95,49.98,YELLOW,1015.62,BROAD_GAUGE_NON_ELECTRIFIED,362.35,NORMAL
SUPERFAST_EXPRESS,76.34,267.96,2663.23,-2.32,51.9,GREEN,449.11,BROAD_GAUGE_NON_ELECTRIFIED,381.69,NORMAL
PREMIUM_SUPERFAST,143.84,255.57,1060.04,1.8,36.4,DOUBLE_YELLOW,336.86,DOUBLE_LINE_AUTOMATIC,1097.7,WARNING
SUPERFAST_EXPRESS,145.38,535.34,644.22,-3.15,47.82,DOUBLE_YELLOW,1419.33,BROAD_GAUGE_ELECTRIFIED,1369.63,WARNING
PREMIUM_SUPERFAST,147.28,308.07,1258.4,0.37,18.26,RED_STOP,786.15,BROAD_GAUGE_ELECTRIFIED,1148.42,CRITICAL
PREMIUM_SUPERFAST,63.94,338.29,1171.58,-1.44,50.58,YELLOW,2493.69,BROAD_GAUGE_ELECTRIFIED,261.02,NORMAL
SUPERFAST_EXPRESS,116.75,295.46,1127.09,-2.56,32.79,YELLOW,1044.46,BROAD_GAUGE_ELECTRIFIED,863.84,NORMAL
FREIGHT_GOODS,58.03,726.81,997.54,1.9,13.02,GREEN,570.1,BROAD_GAUGE_NON_ELECTRIFIED,202.69,NORMAL
PASSENGER_LOCAL,46.69,670.04,2181.74,-1.98,16.36,DOUBLE_YELLOW,1590.68,DOUBLE_LINE_AUTOMATIC,152.36,NORMAL
PREMIUM_SUPERFAST,45.85,326.77,1417.12,-1.93,23.9,YELLOW,648.42,DOUBLE_LINE_AUTOMATIC,147.15,NORMAL
PASSENGER_LOCAL,67.9,380.16,2943.07,-1.57,11.96,GREEN,1260.51,DOUBLE_LINE_AUTOMATIC,293.72,NORMAL
SUPERFAST_EXPRESS,80.19,315.44,970.24,0.61,23.92,YELLOW,1232.31,BROAD_GAUGE_NON_ELECTRIFIED,365.83,NORMAL
PREMIUM_SUPERFAST,136.33,470.53,1840.34,1.12,12.7,GREEN,1161.22,BROAD_GAUGE_ELECTRIFIED,991.02,NORMAL
PREMIUM_SUPERFAST,36.78,210.79,442.34,-3.38,20.62,DOUBLE_YELLOW,2000.41,BROAD_GAUGE_ELECTRIFIED,108.26,NORMAL
SUPERFAST_EXPRESS,122.89,569.25,1893.22,-1.81,21.96,YELLOW,580.7,BROAD_GAUGE_NON_ELECTRIFIED,906.35,WARNING
PASSENGER_LOCAL,94.4,487.74,573.1,-0.48,54.75,GREEN,2265.55,BROAD_GAUGE_NON_ELECTRIFIED,508.73,NORMAL
FREIGHT_GOODS,60.31,694.25,3430.94,-1.18,20.6,GREEN,1988.78,DOUBLE_LINE_AUTOMATIC,231.23,NORMAL
SUPERFAST_EXPRESS,88.99,290.42,2850.84,2.69,20.76,DOUBLE_YELLOW,866.15,DOUBLE_LINE_AUTOMATIC,443.75,NORMAL
SUPERFAST_EXPRESS,61.99,642.26,1919.35,2.01,40.91,YELLOW,492.48,BROAD_GAUGE_NON_ELECTRIFIED,228.38,NORMAL
FREIGHT_GOODS,103.45,635.58,668.42,0.88,48.67,GREEN,734.86,BROAD_GAUGE_NON_ELECTRIFIED,587.96,NORMAL
FREIGHT_GOODS,80.74,269.95,2236.58,-1.13,27.42,GREEN,864.96,BROAD_GAUGE_NON_ELECTRIFIED,394.41,NORMAL
FREIGHT_GOODS,43.02,419.21,2752.17,1.4,49.4,GREEN,1414.49,BROAD_GAUGE_ELECTRIFIED,119.11,NORMAL
FREIGHT_GOODS,36.32,293.58,991.22,2.41,25.31,GREEN,163.6,DOUBLE_LINE_AUTOMATIC,88.85,NORMAL
SUPERFAST_EXPRESS,96.54,340.1,2161.45,0.66,18.87,YELLOW,2290.18,BROAD_GAUGE_NON_ELECTRIFIED,516.47,NORMAL
FREIGHT_GOODS,146.34,344.79,2924.05,1.99,24.83,RED_STOP,291.75,BROAD_GAUGE_NON_ELECTRIFIED,1134.36,CRITICAL
PASSENGER_LOCAL,68.15,505.93,2781.57,1.74,37.42,YELLOW,734.22,BROAD_GAUGE_ELECTRIFIED,271.33,NORMAL
FREIGHT_GOODS,122.62,426.28,2889.28,0.5,26.52,GREEN,317.75,BROAD_GAUGE_NON_ELECTRIFIED,810.25,NORMAL
PREMIUM_SUPERFAST,112.21,721.25,3125.9,-1.31,40.28,YELLOW,678.85,DOUBLE_LINE_AUTOMATIC,739.53,WARNING
PREMIUM_SUPERFAST,150.42,269.5,3306.81,1.72,20.66,YELLOW,2102.3,BROAD_GAUGE_ELECTRIFIED,1195.58,NORMAL
FREIGHT_GOODS,134.94,735.53,1657.12,-2.05,41.54,DOUBLE_YELLOW,1557.18,BROAD_GAUGE_NON_ELECTRIFIED,1101.01,NORMAL
SUPERFAST_EXPRESS,99.32,326.85,2163.18,1.96,25.63,DOUBLE_YELLOW,606.94,DOUBLE_LINE_AUTOMATIC,544.74,WARNING
SUPERFAST_EXPRESS,111.98,625.08,2851.04,2.13,30.51,GREEN,2185.81,DOUBLE_LINE_AUTOMATIC,682.54,NORMAL
PASSENGER_LOCAL,145.77,386.43,2561.13,2.26,35.1,RED_STOP,2011.74,BROAD_GAUGE_ELECTRIFIED,1126.02,NORMAL
SUPERFAST_EXPRESS,75.93,278.69,3486.11,-0.19,40.88,DOUBLE_YELLOW,1896.44,DOUBLE_LINE_AUTOMATIC,334.12,NORMAL
PASSENGER_LOCAL,65.75,671.84,442.4,-2.15,20.74,YELLOW,2126.7,BROAD_GAUGE_ELECTRIFIED,286.56,NORMAL
PASSENGER_LOCAL,21.51,369.87,1500.91,-2.8,47.62,GREEN,1568.14,DOUBLE_LINE_AUTOMATIC,42.0,NORMAL
PASSENGER_LOCAL,135.72,562.37,1271.19,1.7,42.48,RED_STOP,1278.52,BROAD_GAUGE_NON_ELECTRIFIED,982.52,NORMAL
FREIGHT_GOODS,132.14,511.54,1213.18,2.7,20.53,DOUBLE_YELLOW,966.14,BROAD_GAUGE_ELECTRIFIED,933.79,WARNING
SUPERFAST_EXPRESS,34.62,459.47,1089.84,1.06,53.87,GREEN,598.22,DOUBLE_LINE_AUTOMATIC,81.86,NORMAL
PREMIUM_SUPERFAST,100.76,472.7,2598.28,-2.49,39.92,RED_STOP,1415.66,BROAD_GAUGE_ELECTRIFIED,649.86,NORMAL
PASSENGER_LOCAL,84.96,602.73,662.75,3.04,30.36,GREEN,2229.26,DOUBLE_LINE_AUTOMATIC,407.08,NORMAL
PREMIUM_SUPERFAST,36.62,248.28,2698.99,3.42,17.09,RED_STOP,1505.26,BROAD_GAUGE_ELECTRIFIED,90.1,NORMAL
PASSENGER_LOCAL,157.28,567.5,2549.62,-0.47,33.99,DOUBLE_YELLOW,2303.04,BROAD_GAUGE_NON_ELECTRIFIED,1337.98,NORMAL
SUPERFAST_EXPRESS,50.06,692.7,1177.49,0.66,17.41,YELLOW,924.45,BROAD_GAUGE_ELECTRIFIED,155.6,NORMAL
FREIGHT_GOODS,29.41,231.78,1183.78,1.94,29.33,YELLOW,1753.09,BROAD_GAUGE_ELECTRIFIED,62.15,NORMAL
PASSENGER_LOCAL,103.28,277.36,2349.47,1.65,28.39,DOUBLE_YELLOW,1639.23,BROAD_GAUGE_NON_ELECTRIFIED,586.12,NORMAL
PASSENGER_LOCAL,123.44,594.15,2762.73,3.27,42.4,DOUBLE_YELLOW,1692.56,DOUBLE_LINE_AUTOMATIC,820.57,NORMAL
PREMIUM_SUPERFAST,24.54,440.5,3117.11,-2.7,18.66,DOUBLE_YELLOW,1630.35,BROAD_GAUGE_NON_ELECTRIFIED,51.98,NORMAL
FREIGHT_GOODS,112.22,421.95,3041.63,0.57,46.98,RED_STOP,593.05,BROAD_GAUGE_ELECTRIFIED,685.25,CRITICAL
SUPERFAST_EXPRESS,94.52,275.33,3391.14,1.34,24.68,RED_STOP,401.8,BROAD_GAUGE_NON_ELECTRIFIED,496.49,CRITICAL
PASSENGER_LOCAL,34.46,478.72,2202.29,2.73,29.98,RED_STOP,2447.64,BROAD_GAUGE_NON_ELECTRIFIED,81.19,NORMAL
SUPERFAST_EXPRESS,44.15,269.6,3216.83,2.62,44.76,RED_STOP,160.97,BROAD_GAUGE_ELECTRIFIED,124.68,NORMAL
FREIGHT_GOODS,99.52,462.14,2906.39,3.35,38.14,RED_STOP,1195.95,BROAD_GAUGE_ELECTRIFIED,546.71,NORMAL
PREMIUM_SUPERFAST,61.49,619.99,3173.47,0.08,23.86,RED_STOP,1091.45,BROAD_GAUGE_NON_ELECTRIFIED,225.04,NORMAL
FREIGHT_GOODS,151.36,342.05,436.04,2.32,27.38,RED_STOP,932.05,BROAD_GAUGE_ELECTRIFIED,1210.01,CRITICAL
FREIGHT_GOODS,134.62,464.43,3394.3,-0.51,23.76,DOUBLE_YELLOW,1965.86,DOUBLE_LINE_AUTOMATIC,996.22,NORMAL
FREIGHT_GOODS,157.7,745.61,1867.94,-0.54,36.76,RED_STOP,1876.11,DOUBLE_LINE_AUTOMATIC,1351.03,NORMAL
FREIGHT_GOODS,56.35,577.66,2874.37,-1.73,24.97,GREEN,2267.8,DOUBLE_LINE_AUTOMATIC,210.81,NORMAL
SUPERFAST_EXPRESS,155.76,662.75,794.33,2.23,42.66,RED_STOP,1018.94,DOUBLE_LINE_AUTOMATIC,1278.19,CRITICAL
SUPERFAST_EXPRESS,80.37,428.17,1627.42,3.4,36.09,YELLOW,1432.24,BROAD_GAUGE_NON_ELECTRIFIED,367.34,NORMAL
PREMIUM_SUPERFAST,68.65,622.32,1241.53,-1.71,16.56,YELLOW,2236.15,BROAD_GAUGE_NON_ELECTRIFIED,302.09,NORMAL
PASSENGER_LOCAL,27.05,222.28,1304.14,-3.11,23.96,DOUBLE_YELLOW,2484.93,BROAD_GAUGE_NON_ELECTRIFIED,62.57,NORMAL
PASSENGER_LOCAL,27.39,267.6,782.09,2.21,19.97,YELLOW,2424.77,BROAD_GAUGE_ELECTRIFIED,55.19,NORMAL
FREIGHT_GOODS,116.88,311.69,2897.87,0.84,27.56,YELLOW,1808.72,BROAD_GAUGE_NON_ELECTRIFIED,739.99,NORMAL
FREIGHT_GOODS,84.11,421.07,428.65,3.22,33.22,YELLOW,400.91,BROAD_GAUGE_NON_ELECTRIFIED,399.58,WARNING
SUPERFAST_EXPRESS,51.71,665.16,1368.77,-1.73,32.8,DOUBLE_YELLOW,106.81,BROAD_GAUGE_ELECTRIFIED,180.56,WARNING
PASSENGER_LOCAL,105.96,390.45,940.67,-3.0,43.95,DOUBLE_YELLOW,2071.78,BROAD_GAUGE_ELECTRIFIED,740.07,NORMAL
PREMIUM_SUPERFAST,55.4,560.04,2226.02,-0.05,18.51,RED_STOP,2110.31,BROAD_GAUGE_ELECTRIFIED,186.98,NORMAL
FREIGHT_GOODS,100.87,590.12,1188.18,-2.9,52.59,YELLOW,1878.58,DOUBLE_LINE_AUTOMATIC,669.41,NORMAL
SUPERFAST_EXPRESS,70.29,522.4,1202.9,-1.67,25.43,RED_STOP,735.81,BROAD_GAUGE_NON_ELECTRIFIED,314.79,NORMAL
FREIGHT_GOODS,135.3,396.48,1913.85,-2.62,23.51,DOUBLE_YELLOW,1617.55,BROAD_GAUGE_NON_ELECTRIFIED,1149.45,NORMAL
FREIGHT_GOODS,134.9,517.38,2423.34,-1.93,40.83,RED_STOP,824.81,BROAD_GAUGE_NON_ELECTRIFIED,1091.7,CRITICAL
SUPERFAST_EXPRESS,86.83,388.25,776.04,-2.76,46.25,RED_STOP,1154.09,BROAD_GAUGE_ELECTRIFIED,499.57,NORMAL
PASSENGER_LOCAL,69.11,246.13,944.09,3.18,27.03,YELLOW,986.97,BROAD_GAUGE_NON_ELECTRIFIED,278.36,NORMAL
PASSENGER_LOCAL,70.76,746.04,1166.24,-1.55,43.61,DOUBLE_YELLOW,2288.42,DOUBLE_LINE_AUTOMATIC,316.49,NORMAL
FREIGHT_GOODS,132.8,269.95,3418.62,-0.39,49.77,YELLOW,623.69,BROAD_GAUGE_NON_ELECTRIFIED,964.12,WARNING
PASSENGER_LOCAL,65.95,239.79,1631.17,2.79,44.51,RED_STOP,1465.15,BROAD_GAUGE_NON_ELECTRIFIED,255.52,NORMAL
SUPERFAST_EXPRESS,49.27,683.19,2256.87,1.24,11.54,DOUBLE_YELLOW,934.4,BROAD_GAUGE_ELECTRIFIED,151.27,NORMAL
PASSENGER_LOCAL,31.86,366.01,1148.78,0.83,47.23,RED_STOP,1674.52,DOUBLE_LINE_AUTOMATIC,71.06,NORMAL
FREIGHT_GOODS,85.34,557.66,1920.42,1.44,44.85,RED_STOP,1433.18,BROAD_GAUGE_NON_ELECTRIFIED,410.46,NORMAL
FREIGHT_GOODS,87.5,380.95,629.77,2.3,40.12,YELLOW,2313.75,BROAD_GAUGE_ELECTRIFIED,429.98,NORMAL
SUPERFAST_EXPRESS,137.73,415.3,507.7,2.64,44.2,DOUBLE_YELLOW,298.95,DOUBLE_LINE_AUTOMATIC,1010.42,WARNING
FREIGHT_GOODS,50.97,344.16,1853.07,1.0,54.07,DOUBLE_YELLOW,590.57,DOUBLE_LINE_AUTOMATIC,160.7,NORMAL
PASSENGER_LOCAL,73.34,388.67,1635.84,2.73,29.4,YELLOW,1927.55,BROAD_GAUGE_ELECTRIFIED,310.31,NORMAL
SUPERFAST_EXPRESS,133.18,425.89,824.33,0.25,13.03,GREEN,953.53,BROAD_GAUGE_ELECTRIFIED,947.81,NORMAL
FREIGHT_GOODS,135.31,596.23,2531.56,-1.56,30.74,YELLOW,456.17,BROAD_GAUGE_ELECTRIFIED,1072.19,WARNING
SUPERFAST_EXPRESS,73.85,481.34,3478.0,2.66,12.09,YELLOW,1283.14,BROAD_GAUGE_ELECTRIFIED,314.26,NORMAL
SUPERFAST_EXPRESS,84.28,718.96,1626.51,0.29,23.24,GREEN,1647.75,BROAD_GAUGE_ELECTRIFIED,401.05,NORMAL
PASSENGER_LOCAL,62.46,223.03,2336.13,2.84,36.41,DOUBLE_YELLOW,159.83,BROAD_GAUGE_ELECTRIFIED,231.51,WARNING
PASSENGER_LOCAL,150.56,476.69,3385.23,-3.22,23.93,GREEN,764.47,BROAD_GAUGE_NON_ELECTRIFIED,1473.01,NORMAL
PREMIUM_SUPERFAST,36.61,521.32,2977.76,-0.72,40.84,RED_STOP,2033.09,BROAD_GAUGE_ELECTRIFIED,93.09,NORMAL
SUPERFAST_EXPRESS,150.72,706.11,1837.01,3.13,46.99,RED_STOP,1324.6,BROAD_GAUGE_ELECTRIFIED,1200.25,NORMAL
PASSENGER_LOCAL,115.74,227.04,2686.22,-1.75,28.92,YELLOW,136.68,DOUBLE_LINE_AUTOMATIC,805.87,WARNING
FREIGHT_GOODS,94.42,515.42,797.22,3.09,50.51,RED_STOP,740.78,DOUBLE_LINE_AUTOMATIC,495.51,NORMAL
PREMIUM_SUPERFAST,24.57,669.5,1987.52,3.18,13.59,GREEN,1615.89,DOUBLE_LINE_AUTOMATIC,46.18,NORMAL
PREMIUM_SUPERFAST,86.58,333.06,1265.09,2.67,47.81,RED_STOP,538.43,BROAD_GAUGE_ELECTRIFIED,421.66,NORMAL
FREIGHT_GOODS,77.08,681.96,899.61,0.45,47.29,DOUBLE_YELLOW,2077.11,BROAD_GAUGE_ELECTRIFIED,340.09,NORMAL
PASSENGER_LOCAL,42.57,210.47,1721.47,1.03,24.49,YELLOW,1707.61,BROAD_GAUGE_NON_ELECTRIFIED,116.96,NORMAL
SUPERFAST_EXPRESS,111.9,602.85,806.15,2.59,23.44,YELLOW,1204.88,BROAD_GAUGE_NON_ELECTRIFIED,681.54,NORMAL
PREMIUM_SUPERFAST,155.96,713.21,2566.85,1.93,23.73,DOUBLE_YELLOW,2293.28,BROAD_GAUGE_NON_ELECTRIFIED,1281.33,NORMAL
FREIGHT_GOODS,98.71,561.46,1814.34,0.91,46.51,DOUBLE_YELLOW,1009.91,BROAD_GAUGE_NON_ELECTRIFIED,538.4,NORMAL
FREIGHT_GOODS,120.07,441.47,2046.55,3.38,47.42,YELLOW,625.93,BROAD_GAUGE_ELECTRIFIED,778.58,WARNING
FREIGHT_GOODS,29.58,224.68,853.77,1.3,24.84,DOUBLE_YELLOW,1670.44,DOUBLE_LINE_AUTOMATIC,62.75,NORMAL
FREIGHT_GOODS,78.47,706.06,833.29,3.33,36.67,RED_STOP,1454.57,BROAD_GAUGE_ELECTRIFIED,351.47,NORMAL
PREMIUM_SUPERFAST,36.29,458.66,2208.59,-3.1,16.25,RED_STOP,871.36,BROAD_GAUGE_ELECTRIFIED,103.97,NORMAL
SUPERFAST_EXPRESS,105.79,215.95,3453.53,-2.53,31.1,RED_STOP,891.98,BROAD_GAUGE_ELECTRIFIED,714.44,NORMAL
PASSENGER_LOCAL,151.39,579.4,698.38,-0.34,54.95,RED_STOP,1025.62,BROAD_GAUGE_ELECTRIFIED,1234.35,CRITICAL
FREIGHT_GOODS,112.65,465.01,1285.77,-0.81,17.15,GREEN,763.29,DOUBLE_LINE_AUTOMATIC,722.65,NORMAL
FREIGHT_GOODS,30.75,268.39,3095.32,1.98,52.64,GREEN,1790.09,DOUBLE_LINE_AUTOMATIC,66.96,NORMAL
SUPERFAST_EXPRESS,69.65,317.85,624.04,-2.38,47.09,GREEN,1645.83,BROAD_GAUGE_NON_ELECTRIFIED,323.14,NORMAL
SUPERFAST_EXPRESS,97.09,235.47,3115.25,3.33,53.75,GREEN,1129.91,BROAD_GAUGE_ELECTRIFIED,522.05,NORMAL
PASSENGER_LOCAL,76.45,515.86,2025.29,-1.29,18.08,RED_STOP,1024.74,BROAD_GAUGE_NON_ELECTRIFIED,359.75,NORMAL
PREMIUM_SUPERFAST,136.71,542.12,1665.63,-0.5,19.61,RED_STOP,944.38,DOUBLE_LINE_AUTOMATIC,1025.18,CRITICAL
SUPERFAST_EXPRESS,134.05,478.16,1360.01,-1.58,10.76,DOUBLE_YELLOW,744.5,DOUBLE_LINE_AUTOMATIC,1054.47,WARNING
PREMIUM_SUPERFAST,105.66,649.41,1321.06,0.56,42.61,GREEN,259.96,BROAD_GAUGE_NON_ELECTRIFIED,611.72,NORMAL
PREMIUM_SUPERFAST,72.28,673.55,1347.99,-3.09,38.98,GREEN,707.1,DOUBLE_LINE_AUTOMATIC,362.48,NORMAL
FREIGHT_GOODS,55.75,538.59,3142.89,-2.45,18.01,YELLOW,836.94,DOUBLE_LINE_AUTOMATIC,215.71,NORMAL
PREMIUM_SUPERFAST,34.82,207.02,2643.77,1.72,45.6,DOUBLE_YELLOW,1391.83,BROAD_GAUGE_ELECTRIFIED,82.66,NORMAL
FREIGHT_GOODS,69.69,582.38,2476.14,-2.19,23.46,RED_STOP,1945.78,BROAD_GAUGE_ELECTRIFIED,319.81,NORMAL
FREIGHT_GOODS,77.84,429.9,2876.12,-1.85,16.07,DOUBLE_YELLOW,1019.47,DOUBLE_LINE_AUTOMATIC,384.53,NORMAL
PASSENGER_LOCAL,114.62,511.06,1197.06,2.05,29.02,DOUBLE_YELLOW,2364.65,DOUBLE_LINE_AUTOMATIC,713.11,NORMAL
PREMIUM_SUPERFAST,112.14,556.99,2315.93,-2.85,14.09,YELLOW,2077.01,BROAD_GAUGE_NON_ELECTRIFIED,815.62,NORMAL
SUPERFAST_EXPRESS,29.82,392.63,1826.21,-0.44,21.85,YELLOW,2462.76,BROAD_GAUGE_NON_ELECTRIFIED,64.78,NORMAL
SUPERFAST_EXPRESS,75.34,704.4,2825.57,-3.34,26.71,DOUBLE_YELLOW,2196.7,DOUBLE_LINE_AUTOMATIC,398.19,NORMAL
SUPERFAST_EXPRESS,45.45,273.69,1358.69,-1.07,48.33,GREEN,1560.98,BROAD_GAUGE_ELECTRIFIED,138.33,NORMAL
PASSENGER_LOCAL,41.95,569.33,2393.85,1.39,45.66,RED_STOP,1516.27,BROAD_GAUGE_ELECTRIFIED,114.02,NORMAL
FREIGHT_GOODS,135.82,202.4,3134.86,-2.87,29.92,YELLOW,367.34,BROAD_GAUGE_NON_ELECTRIFIED,1178.37,WARNING
FREIGHT_GOODS,25.87,708.56,1646.67,2.72,42.61,YELLOW,1819.88,BROAD_GAUGE_ELECTRIFIED,50.23,NORMAL
SUPERFAST_EXPRESS,78.69,261.88,606.53,2.87,35.59,RED_STOP,1520.51,BROAD_GAUGE_ELECTRIFIED,353.23,NORMAL
FREIGHT_GOODS,43.55,252.19,1999.76,-2.77,25.34,YELLOW,1291.98,BROAD_GAUGE_NON_ELECTRIFIED,140.81,NORMAL
FREIGHT_GOODS,143.11,383.15,1472.51,3.44,42.66,DOUBLE_YELLOW,1748.55,BROAD_GAUGE_NON_ELECTRIFIED,1087.0,NORMAL
PASSENGER_LOCAL,97.99,405.46,2483.9,-1.42,40.76,RED_STOP,1137.92,BROAD_GAUGE_ELECTRIFIED,576.07,NORMAL
PREMIUM_SUPERFAST,52.39,317.87,3348.2,-2.91,37.86,GREEN,1333.46,BROAD_GAUGE_NON_ELECTRIFIED,198.21,NORMAL
PREMIUM_SUPERFAST,90.34,521.82,1905.39,-3.46,37.81,YELLOW,1025.96,DOUBLE_LINE_AUTOMATIC,565.09,NORMAL
PASSENGER_LOCAL,122.41,443.6,1845.19,-0.64,40.73,YELLOW,1807.56,BROAD_GAUGE_NON_ELECTRIFIED,837.73,NORMAL
PASSENGER_LOCAL,154.14,218.8,2429.21,0.91,27.3,DOUBLE_YELLOW,2197.7,DOUBLE_LINE_AUTOMATIC,1252.78,NORMAL
FREIGHT_GOODS,50.86,375.81,720.84,-1.17,49.11,GREEN,2110.07,DOUBLE_LINE_AUTOMATIC,169.97,NORMAL
PASSENGER_LOCAL,144.07,645.74,1185.87,2.36,17.3,YELLOW,1975.76,DOUBLE_LINE_AUTOMATIC,1100.95,NORMAL
FREIGHT_GOODS,150.8,579.34,3248.84,1.52,49.77,RED_STOP,83.78,BROAD_GAUGE_NON_ELECTRIFIED,1201.44,CRITICAL
PREMIUM_SUPERFAST,148.3,598.68,2476.82,-1.05,25.4,RED_STOP,2284.11,BROAD_GAUGE_NON_ELECTRIFIED,1237.99,NORMAL
PASSENGER_LOCAL,108.96,583.96,441.68,1.64,15.63,DOUBLE_YELLOW,723.45,BROAD_GAUGE_NON_ELECTRIFIED,648.19,WARNING
FREIGHT_GOODS,108.17,371.04,1034.34,3.08,37.0,DOUBLE_YELLOW,2225.54,DOUBLE_LINE_AUTOMATIC,639.44,NORMAL
PREMIUM_SUPERFAST,76.45,254.82,2516.8,-2.85,26.92,YELLOW,532.57,BROAD_GAUGE_NON_ELECTRIFIED,395.99,NORMAL
PREMIUM_SUPERFAST,125.34,349.86,2769.64,-1.36,46.7,DOUBLE_YELLOW,1127.13,BROAD_GAUGE_ELECTRIFIED,914.83,NORMAL
SUPERFAST_EXPRESS,94.38,657.48,3003.56,-0.26,29.39,RED_STOP,1886.03,BROAD_GAUGE_ELECTRIFIED,502.13,NORMAL
PREMIUM_SUPERFAST,114.84,739.26,1305.75,-0.01,40.09,DOUBLE_YELLOW,1618.68,BROAD_GAUGE_NON_ELECTRIFIED,716.33,NORMAL
PASSENGER_LOCAL,79.98,471.62,3286.19,0.3,23.87,RED_STOP,1069.01,DOUBLE_LINE_AUTOMATIC,364.06,NORMAL
PASSENGER_LOCAL,122.41,205.34,2114.14,-1.4,19.43,YELLOW,1712.63,BROAD_GAUGE_NON_ELECTRIFIED,876.67,NORMAL
FREIGHT_GOODS,135.43,277.02,2559.27,1.17,27.46,RED_STOP,1394.93,BROAD_GAUGE_ELECTRIFIED,978.51,NORMAL
PASSENGER_LOCAL,40.5,377.14,2249.89,1.02,37.31,DOUBLE_YELLOW,725.55,DOUBLE_LINE_AUTOMATIC,107.23,NORMAL
PREMIUM_SUPERFAST,136.61,518.22,780.49,0.54,39.56,RED_STOP,1633.51,BROAD_GAUGE_NON_ELECTRIFIED,994.87,NORMAL
FREIGHT_GOODS,95.64,241.3,3385.66,-2.7,36.02,RED_STOP,550.41,BROAD_GAUGE_NON_ELECTRIFIED,597.25,CRITICAL
PREMIUM_SUPERFAST,138.25,718.85,780.91,-0.16,54.46,GREEN,1750.27,DOUBLE_LINE_AUTOMATIC,1027.17,WARNING
SUPERFAST_EXPRESS,80.38,400.8,1190.13,-1.01,41.1,GREEN,57.62,DOUBLE_LINE_AUTOMATIC,388.33,NORMAL
FREIGHT_GOODS,73.07,701.92,2922.25,-0.06,51.92,YELLOW,1394.49,BROAD_GAUGE_ELECTRIFIED,309.21,NORMAL
SUPERFAST_EXPRESS,148.11,629.29,2317.65,2.95,15.31,RED_STOP,1032.62,BROAD_GAUGE_NON_ELECTRIFIED,1160.73,CRITICAL
FREIGHT_GOODS,55.16,615.49,2998.26,-0.14,12.76,RED_STOP,792.6,BROAD_GAUGE_ELECTRIFIED,186.32,NORMAL
PASSENGER_LOCAL,138.19,533.7,1998.78,-3.4,23.99,RED_STOP,1313.48,BROAD_GAUGE_ELECTRIFIED,1265.6,NORMAL
PREMIUM_SUPERFAST,87.76,544.73,1568.68,-0.43,16.15,GREEN,1631.01,DOUBLE_LINE_AUTOMATIC,442.61,NORMAL
FREIGHT_GOODS,91.97,550.9,3257.72,2.24,33.66,RED_STOP,2415.02,BROAD_GAUGE_NON_ELECTRIFIED,471.81,NORMAL
PASSENGER_LOCAL,63.19,545.8,512.38,1.96,33.35,GREEN,2091.01,BROAD_GAUGE_ELECTRIFIED,236.41,NORMAL
PASSENGER_LOCAL,100.23,504.55,3054.0,0.09,35.88,YELLOW,1807.02,BROAD_GAUGE_ELECTRIFIED,554.04,NORMAL
PASSENGER_LOCAL,65.53,742.53,1115.54,-1.75,43.54,RED_STOP,1223.47,DOUBLE_LINE_AUTOMATIC,278.05,NORMAL
SUPERFAST_EXPRESS,25.5,602.76,3031.08,-0.24,53.71,RED_STOP,1010.75,BROAD_GAUGE_NON_ELECTRIFIED,49.55,NORMAL
PASSENGER_LOCAL,58.08,627.32,831.51,0.45,49.52,DOUBLE_YELLOW,129.7,BROAD_GAUGE_NON_ELECTRIFIED,203.01,WARNING
FREIGHT_GOODS,20.89,679.85,2198.68,3.5,15.33,GREEN,929.79,BROAD_GAUGE_ELECTRIFIED,35.56,NORMAL
SUPERFAST_EXPRESS,156.97,318.6,3153.13,1.01,25.23,DOUBLE_YELLOW,2128.52,DOUBLE_LINE_AUTOMATIC,1297.25,NORMAL
PREMIUM_SUPERFAST,155.2,246.09,1867.97,1.36,21.51,YELLOW,990.86,BROAD_GAUGE_NON_ELECTRIFIED,1269.45,WARNING
PASSENGER_LOCAL,75.32,465.59,2714.36,-0.06,17.96,GREEN,1180.88,BROAD_GAUGE_NON_ELECTRIFIED,326.93,NORMAL
FREIGHT_GOODS,121.97,482.74,2894.48,-1.02,34.51,RED_STOP,715.99,BROAD_GAUGE_ELECTRIFIED,850.94,CRITICAL
FREIGHT_GOODS,68.41,656.05,2683.13,2.19,34.9,RED_STOP,721.63,BROAD_GAUGE_NON_ELECTRIFIED,273.22,NORMAL
SUPERFAST_EXPRESS,113.95,444.08,3268.52,-0.04,20.23,RED_STOP,201.59,BROAD_GAUGE_NON_ELECTRIFIED,706.75,CRITICAL
PREMIUM_SUPERFAST,132.76,513.97,1785.19,3.46,42.04,RED_STOP,1553.82,BROAD_GAUGE_NON_ELECTRIFIED,942.18,NORMAL
SUPERFAST_EXPRESS,152.55,489.89,936.69,-0.3,42.98,YELLOW,1147.77,BROAD_GAUGE_NON_ELECTRIFIED,1249.6,WARNING
PASSENGER_LOCAL,76.03,221.01,548.21,-3.02,10.94,RED_STOP,1534.6,BROAD_GAUGE_ELECTRIFIED,396.53,NORMAL
PREMIUM_SUPERFAST,129.66,538.37,1164.03,1.28,27.81,RED_STOP,1389.87,BROAD_GAUGE_NON_ELECTRIFIED,900.81,NORMAL
PREMIUM_SUPERFAST,57.23,655.42,843.91,-3.17,50.06,RED_STOP,2007.17,BROAD_GAUGE_NON_ELECTRIFIED,236.77,NORMAL
PREMIUM_SUPERFAST,158.65,286.63,2129.64,-1.75,33.41,DOUBLE_YELLOW,1889.98,DOUBLE_LINE_AUTOMATIC,1472.66,NORMAL
SUPERFAST_EXPRESS,23.61,526.88,973.33,-1.02,25.64,YELLOW,1940.06,BROAD_GAUGE_ELECTRIFIED,45.11,NORMAL
FREIGHT_GOODS,104.49,526.49,520.69,1.68,21.42,GREEN,1273.14,BROAD_GAUGE_NON_ELECTRIFIED,599.14,NORMAL
SUPERFAST_EXPRESS,112.33,290.3,511.57,-0.04,20.95,YELLOW,917.01,DOUBLE_LINE_AUTOMATIC,688.06,NORMAL
FREIGHT_GOODS,116.33,267.9,2977.87,-3.3,14.49,YELLOW,2336.92,BROAD_GAUGE_ELECTRIFIED,902.89,NORMAL
SUPERFAST_EXPRESS,36.85,739.03,2233.49,0.82,46.78,YELLOW,182.96,BROAD_GAUGE_NON_ELECTRIFIED,91.09,NORMAL
FREIGHT_GOODS,151.39,416.55,1510.06,-0.62,13.9,RED_STOP,423.92,DOUBLE_LINE_AUTOMATIC,1255.02,CRITICAL
FREIGHT_GOODS,45.37,325.08,3172.11,2.95,23.15,DOUBLE_YELLOW,1078.02,BROAD_GAUGE_ELECTRIFIED,130.75,NORMAL
PREMIUM_SUPERFAST,107.19,294.23,617.61,-0.0,12.06,DOUBLE_YELLOW,1554.2,BROAD_GAUGE_NON_ELECTRIFIED,628.59,NORMAL
FREIGHT_GOODS,51.17,567.18,3439.0,1.46,45.16,DOUBLE_YELLOW,70.09,DOUBLE_LINE_AUTOMATIC,161.83,WARNING
PASSENGER_LOCAL,63.01,535.19,2310.5,-1.97,11.77,DOUBLE_YELLOW,1812.34,BROAD_GAUGE_ELECTRIFIED,262.08,NORMAL
PASSENGER_LOCAL,96.5,553.95,968.74,1.83,23.87,GREEN,1418.88,DOUBLE_LINE_AUTOMATIC,516.14,NORMAL
FREIGHT_GOODS,78.41,248.4,2505.11,1.55,35.8,DOUBLE_YELLOW,1237.52,DOUBLE_LINE_AUTOMATIC,350.92,NORMAL
FREIGHT_GOODS,42.43,691.44,2766.48,2.83,28.43,RED_STOP,1087.56,BROAD_GAUGE_NON_ELECTRIFIED,116.29,NORMAL
FREIGHT_GOODS,43.93,414.1,1730.96,-3.26,22.7,RED_STOP,1322.74,DOUBLE_LINE_AUTOMATIC,147.43,NORMAL
FREIGHT_GOODS,78.54,372.35,3071.06,-0.37,22.38,DOUBLE_YELLOW,446.38,BROAD_GAUGE_NON_ELECTRIFIED,359.02,NORMAL
PREMIUM_SUPERFAST,126.02,454.3,867.27,1.25,45.9,GREEN,316.34,BROAD_GAUGE_NON_ELECTRIFIED,853.38,NORMAL
PASSENGER_LOCAL,145.72,414.54,1264.4,-2.83,53.83,DOUBLE_YELLOW,759.61,DOUBLE_LINE_AUTOMATIC,1345.55,WARNING
PREMIUM_SUPERFAST,31.78,674.97,689.83,-0.63,25.66,RED_STOP,1788.29,DOUBLE_LINE_AUTOMATIC,72.75,NORMAL
PASSENGER_LOCAL,75.03,711.09,1053.72,3.1,11.76,RED_STOP,1491.31,DOUBLE_LINE_AUTOMATIC,323.62,NORMAL
FREIGHT_GOODS,34.03,366.9,1140.06,-0.45,11.65,RED_STOP,1226.3,DOUBLE_LINE_AUTOMATIC,81.11,NORMAL
PASSENGER_LOCAL,22.32,675.16,3244.66,3.4,44.16,YELLOW,1450.23,BROAD_GAUGE_ELECTRIFIED,39.53,NORMAL
PASSENGER_LOCAL,112.64,629.84,642.14,-3.1,34.86,RED_STOP,1420.18,BROAD_GAUGE_NON_ELECTRIFIED,837.27,NORMAL
SUPERFAST_EXPRESS,104.34,711.94,1724.99,1.52,45.26,DOUBLE_YELLOW,802.25,DOUBLE_LINE_AUTOMATIC,597.51,NORMAL
SUPERFAST_EXPRESS,42.82,335.16,2050.44,0.57,41.39,RED_STOP,288.77,BROAD_GAUGE_ELECTRIFIED,118.17,NORMAL
FREIGHT_GOODS,52.73,517.33,3185.95,0.0,50.84,GREEN,2247.12,DOUBLE_LINE_AUTOMATIC,170.73,NORMAL
PREMIUM_SUPERFAST,23.32,351.0,3492.86,3.3,49.86,YELLOW,1519.78,BROAD_GAUGE_ELECTRIFIED,42.42,NORMAL
SUPERFAST_EXPRESS,136.89,653.25,2735.5,-2.59,45.47,GREEN,1759.48,BROAD_GAUGE_NON_ELECTRIFIED,1173.53,NORMAL
FREIGHT_GOODS,156.46,202.93,3409.45,2.77,31.38,RED_STOP,1186.79,DOUBLE_LINE_AUTOMATIC,1289.14,CRITICAL
PREMIUM_SUPERFAST,38.96,510.65,2840.01,1.34,23.87,YELLOW,1903.38,BROAD_GAUGE_ELECTRIFIED,100.28,NORMAL
SUPERFAST_EXPRESS,52.41,386.56,3385.93,-1.69,32.82,YELLOW,1482.02,BROAD_GAUGE_ELECTRIFIED,184.45,NORMAL
PASSENGER_LOCAL,141.58,377.48,2592.54,2.81,32.59,YELLOW,181.81,BROAD_GAUGE_NON_ELECTRIFIED,1064.95,WARNING
SUPERFAST_EXPRESS,149.7,554.7,647.27,-0.49,37.46,RED_STOP,2230.74,DOUBLE_LINE_AUTOMATIC,1219.27,NORMAL
FREIGHT_GOODS,78.75,668.32,1645.95,2.2,18.37,GREEN,798.56,DOUBLE_LINE_AUTOMATIC,353.74,NORMAL
SUPERFAST_EXPRESS,27.09,535.06,2404.45,-0.78,39.5,RED_STOP,387.83,BROAD_GAUGE_NON_ELECTRIFIED,56.0,NORMAL
SUPERFAST_EXPRESS,25.51,669.25,1487.23,2.46,30.55,YELLOW,265.7,BROAD_GAUGE_NON_ELECTRIFIED,49.11,NORMAL
PREMIUM_SUPERFAST,100.35,345.53,1247.49,0.96,37.91,RED_STOP,1815.08,BROAD_GAUGE_NON_ELECTRIFIED,555.35,NORMAL
PREMIUM_SUPERFAST,75.01,485.73,2189.94,-2.51,20.78,YELLOW,1774.72,BROAD_GAUGE_ELECTRIFIED,373.94,NORMAL
PASSENGER_LOCAL,24.01,447.8,3293.86,1.05,29.55,YELLOW,1765.4,BROAD_GAUGE_ELECTRIFIED,44.48,NORMAL
FREIGHT_GOODS,101.66,206.4,508.44,-2.16,19.46,YELLOW,2293.59,BROAD_GAUGE_NON_ELECTRIFIED,646.75,NORMAL
PASSENGER_LOCAL,21.58,506.25,2784.62,-0.62,49.39,RED_STOP,904.91,DOUBLE_LINE_AUTOMATIC,38.35,NORMAL
PASSENGER_LOCAL,130.23,563.84,2640.45,-2.31,31.96,RED_STOP,1424.78,BROAD_GAUGE_ELECTRIFIED,1046.23,NORMAL
SUPERFAST_EXPRESS,62.9,525.55,3388.26,-3.35,20.12,YELLOW,1567.76,BROAD_GAUGE_NON_ELECTRIFIED,284.93,NORMAL
PASSENGER_LOCAL,25.64,604.95,3285.2,-2.02,11.85,DOUBLE_YELLOW,2449.73,BROAD_GAUGE_ELECTRIFIED,54.07,NORMAL
PREMIUM_SUPERFAST,102.37,514.24,2762.92,0.25,40.41,GREEN,815.25,BROAD_GAUGE_ELECTRIFIED,576.47,NORMAL
PASSENGER_LOCAL,75.68,236.71,2013.27,-0.13,19.66,YELLOW,2393.01,BROAD_GAUGE_NON_ELECTRIFIED,330.98,NORMAL
FREIGHT_GOODS,156.33,264.05,1033.23,0.01,54.53,YELLOW,414.4,DOUBLE_LINE_AUTOMATIC,1287.18,WARNING
PASSENGER_LOCAL,96.19,528.06,2090.23,-1.77,34.02,YELLOW,1921.8,DOUBLE_LINE_AUTOMATIC,568.35,NORMAL
FREIGHT_GOODS,58.53,351.24,2772.59,1.3,23.0,YELLOW,1600.57,BROAD_GAUGE_ELECTRIFIED,205.88,NORMAL
FREIGHT_GOODS,119.32,243.8,3176.57,1.43,39.6,YELLOW,2051.4,DOUBLE_LINE_AUTOMATIC,769.48,NORMAL
PASSENGER_LOCAL,58.01,436.28,2848.11,-0.99,22.38,DOUBLE_YELLOW,120.28,DOUBLE_LINE_AUTOMATIC,213.32,WARNING
PASSENGER_LOCAL,146.59,504.88,1005.33,2.67,46.91,RED_STOP,241.42,BROAD_GAUGE_NON_ELECTRIFIED,1138.15,CRITICAL
PASSENGER_LOCAL,72.46,380.81,2259.03,1.01,23.87,DOUBLE_YELLOW,220.75,BROAD_GAUGE_NON_ELECTRIFIED,303.53,WARNING
FREIGHT_GOODS,96.98,596.24,1429.74,1.49,54.47,YELLOW,1502.75,BROAD_GAUGE_NON_ELECTRIFIED,520.93,NORMAL
PREMIUM_SUPERFAST,27.08,554.07,428.54,-1.56,37.23,YELLOW,1527.19,DOUBLE_LINE_AUTOMATIC,57.99,NORMAL
SUPERFAST_EXPRESS,79.66,383.05,1020.68,-3.5,48.0,YELLOW,2269.96,DOUBLE_LINE_AUTOMATIC,446.86,NORMAL
PASSENGER_LOCAL,136.53,615.18,750.98,2.56,13.28,RED_STOP,1195.63,BROAD_GAUGE_NON_ELECTRIFIED,993.77,NORMAL
SUPERFAST_EXPRESS,132.79,556.78,3012.43,2.26,25.67,GREEN,216.72,DOUBLE_LINE_AUTOMATIC,942.59,NORMAL
PASSENGER_LOCAL,51.4,550.59,1201.37,-2.64,43.19,GREEN,563.35,BROAD_GAUGE_NON_ELECTRIFIED,188.28,NORMAL
FREIGHT_GOODS,51.65,504.39,1282.56,-0.88,39.48,DOUBLE_YELLOW,69.78,BROAD_GAUGE_ELECTRIFIED,172.03,WARNING
FREIGHT_GOODS,134.42,206.26,3375.8,1.13,18.74,DOUBLE_YELLOW,1952.95,BROAD_GAUGE_ELECTRIFIED,964.76,NORMAL
SUPERFAST_EXPRESS,150.26,583.08,1575.17,1.06,26.03,GREEN,2048.22,DOUBLE_LINE_AUTOMATIC,1193.12,NORMAL
PREMIUM_SUPERFAST,33.35,406.82,429.72,2.52,21.85,YELLOW,2494.95,DOUBLE_LINE_AUTOMATIC,76.8,NORMAL
FREIGHT_GOODS,83.01,718.44,1279.92,-2.52,37.6,RED_STOP,1059.88,DOUBLE_LINE_AUTOMATIC,452.0,NORMAL
SUPERFAST_EXPRESS,67.24,649.89,769.83,-0.49,25.51,DOUBLE_YELLOW,97.28,DOUBLE_LINE_AUTOMATIC,271.65,WARNING
FREIGHT_GOODS,141.9,523.23,718.71,-2.82,23.91,RED_STOP,625.09,BROAD_GAUGE_ELECTRIFIED,1277.24,CRITICAL
PASSENGER_LOCAL,31.69,338.7,640.21,-0.77,19.33,YELLOW,1490.03,BROAD_GAUGE_NON_ELECTRIFIED,72.91,NORMAL
SUPERFAST_EXPRESS,49.56,312.04,2239.1,-3.39,28.41,YELLOW,2406.76,BROAD_GAUGE_ELECTRIFIED,184.75,NORMAL
SUPERFAST_EXPRESS,125.35,387.21,986.98,2.79,18.8,DOUBLE_YELLOW,303.77,BROAD_GAUGE_NON_ELECTRIFIED,844.74,WARNING
PASSENGER_LOCAL,27.18,462.11,1519.85,0.19,53.32,GREEN,347.85,DOUBLE_LINE_AUTOMATIC,54.51,NORMAL
SUPERFAST_EXPRESS,88.95,362.84,3072.25,2.45,16.95,GREEN,1769.31,BROAD_GAUGE_NON_ELECTRIFIED,443.38,NORMAL
PASSENGER_LOCAL,81.89,483.21,1715.45,-3.08,51.1,GREEN,1684.66,BROAD_GAUGE_NON_ELECTRIFIED,457.43,NORMAL
PREMIUM_SUPERFAST,66.82,290.95,3238.64,-1.91,29.28,YELLOW,663.74,BROAD_GAUGE_NON_ELECTRIFIED,290.84,NORMAL
PASSENGER_LOCAL,75.24,737.74,1943.61,-1.68,27.0,YELLOW,2042.2,BROAD_GAUGE_NON_ELECTRIFIED,357.38,NORMAL
PREMIUM_SUPERFAST,94.19,259.36,1636.39,-0.79,20.41,RED_STOP,365.51,BROAD_GAUGE_ELECTRIFIED,515.59,CRITICAL
SUPERFAST_EXPRESS,42.59,712.57,2726.21,2.12,38.61,RED_STOP,2318.07,DOUBLE_LINE_AUTOMATIC,117.06,NORMAL
PASSENGER_LOCAL,100.08,702.47,626.84,-0.79,40.85,RED_STOP,542.53,DOUBLE_LINE_AUTOMATIC,577.74,CRITICAL
SUPERFAST_EXPRESS,132.76,488.95,677.38,-2.07,31.04,YELLOW,249.31,BROAD_GAUGE_NON_ELECTRIFIED,1068.31,WARNING
PREMIUM_SUPERFAST,126.42,598.7,2421.12,-3.05,12.51,GREEN,881.83,DOUBLE_LINE_AUTOMATIC,1039.73,NORMAL
FREIGHT_GOODS,41.55,439.83,1909.52,-2.94,51.33,YELLOW,510.21,BROAD_GAUGE_ELECTRIFIED,130.86,NORMAL
FREIGHT_GOODS,40.89,546.52,2850.29,1.82,54.11,RED_STOP,1341.01,BROAD_GAUGE_NON_ELECTRIFIED,109.05,NORMAL
FREIGHT_GOODS,57.54,387.32,3240.44,-0.39,29.4,RED_STOP,1732.77,DOUBLE_LINE_AUTOMATIC,203.6,NORMAL
FREIGHT_GOODS,70.55,365.64,1603.94,1.58,37.61,RED_STOP,1252.76,DOUBLE_LINE_AUTOMATIC,289.03,NORMAL
FREIGHT_GOODS,77.18,518.03,2248.87,1.28,30.26,RED_STOP,1668.49,BROAD_GAUGE_NON_ELECTRIFIED,340.89,NORMAL
PREMIUM_SUPERFAST,115.16,473.97,1952.16,-2.55,24.48,DOUBLE_YELLOW,944.06,BROAD_GAUGE_ELECTRIFIED,840.89,WARNING
FREIGHT_GOODS,27.94,518.75,3442.99,-2.5,13.48,RED_STOP,118.41,BROAD_GAUGE_NON_ELECTRIFIED,64.0,NORMAL
FREIGHT_GOODS,24.85,357.66,2976.36,1.79,30.52,YELLOW,2436.46,BROAD_GAUGE_NON_ELECTRIFIED,47.05,NORMAL
SUPERFAST_EXPRESS,74.87,401.83,3226.39,1.55,46.83,DOUBLE_YELLOW,2057.56,DOUBLE_LINE_AUTOMATIC,322.3,NORMAL
PASSENGER_LOCAL,117.6,246.14,1188.45,-0.85,10.77,GREEN,229.88,DOUBLE_LINE_AUTOMATIC,786.24,NORMAL
PASSENGER_LOCAL,47.08,228.75,2794.83,-2.96,36.19,YELLOW,1150.48,BROAD_GAUGE_NON_ELECTRIFIED,163.84,NORMAL
PASSENGER_LOCAL,109.81,339.4,1222.97,-3.42,49.63,YELLOW,1605.8,BROAD_GAUGE_NON_ELECTRIFIED,815.59,NORMAL
PASSENGER_LOCAL,56.38,240.84,1047.1,-1.48,19.79,GREEN,516.96,DOUBLE_LINE_AUTOMATIC,208.08,NORMAL
PREMIUM_SUPERFAST,144.05,257.08,3327.23,-3.44,18.25,YELLOW,1466.07,BROAD_GAUGE_NON_ELECTRIFIED,1374.38,WARNING
PASSENGER_LOCAL,145.4,647.11,459.84,-1.89,44.75,DOUBLE_YELLOW,1357.44,BROAD_GAUGE_ELECTRIFIED,1256.98,WARNING
SUPERFAST_EXPRESS,61.62,221.38,3392.7,-0.56,21.48,GREEN,560.25,BROAD_GAUGE_NON_ELECTRIFIED,232.59,NORMAL
PREMIUM_SUPERFAST,52.2,562.42,862.71,-2.65,18.64,DOUBLE_YELLOW,395.97,BROAD_GAUGE_ELECTRIFIED,193.74,NORMAL
FREIGHT_GOODS,77.58,349.91,2940.26,-2.77,27.01,RED_STOP,1909.46,BROAD_GAUGE_NON_ELECTRIFIED,404.92,NORMAL
SUPERFAST_EXPRESS,53.67,679.35,1255.36,2.78,27.66,GREEN,840.34,BROAD_GAUGE_NON_ELECTRIFIED,176.21,NORMAL
SUPERFAST_EXPRESS,114.13,466.75,1487.18,0.6,49.33,DOUBLE_YELLOW,647.9,BROAD_GAUGE_NON_ELECTRIFIED,707.47,WARNING
FREIGHT_GOODS,135.65,368.07,1071.95,3.04,37.83,RED_STOP,1857.8,DOUBLE_LINE_AUTOMATIC,981.58,NORMAL
FREIGHT_GOODS,114.23,484.7,2215.09,-1.08,28.27,DOUBLE_YELLOW,1853.37,DOUBLE_LINE_AUTOMATIC,754.15,NORMAL
SUPERFAST_EXPRESS,135.41,410.08,1479.1,1.24,34.05,DOUBLE_YELLOW,727.18,DOUBLE_LINE_AUTOMATIC,978.27,WARNING
PREMIUM_SUPERFAST,75.58,510.37,2437.92,-2.07,52.93,YELLOW,2187.79,DOUBLE_LINE_AUTOMATIC,368.83,NORMAL
FREIGHT_GOODS,41.88,262.99,448.51,0.83,15.09,RED_STOP,1736.21,DOUBLE_LINE_AUTOMATIC,113.69,NORMAL
PASSENGER_LOCAL,123.31,748.34,599.56,-2.59,19.35,YELLOW,897.12,DOUBLE_LINE_AUTOMATIC,960.78,WARNING
SUPERFAST_EXPRESS,70.47,434.06,708.95,-3.49,53.31,RED_STOP,1097.35,BROAD_GAUGE_NON_ELECTRIFIED,355.09,NORMAL
SUPERFAST_EXPRESS,113.98,391.53,1698.88,3.02,53.08,RED_STOP,1830.44,BROAD_GAUGE_ELECTRIFIED,705.64,NORMAL
FREIGHT_GOODS,57.89,590.62,2925.87,0.38,17.97,YELLOW,568.38,DOUBLE_LINE_AUTOMATIC,201.82,NORMAL
FREIGHT_GOODS,31.37,400.14,3153.35,2.99,16.53,YELLOW,1198.46,DOUBLE_LINE_AUTOMATIC,69.25,NORMAL
PASSENGER_LOCAL,158.96,658.3,1158.91,-1.16,28.95,YELLOW,1651.22,BROAD_GAUGE_NON_ELECTRIFIED,1424.52,WARNING
PASSENGER_LOCAL,41.87,449.85,2180.55,-1.21,12.24,RED_STOP,1371.77,DOUBLE_LINE_AUTOMATIC,120.5,NORMAL
PASSENGER_LOCAL,158.38,595.76,2781.93,-0.7,39.47,RED_STOP,1540.4,BROAD_GAUGE_NON_ELECTRIFIED,1374.63,NORMAL
PASSENGER_LOCAL,156.82,259.1,1295.37,1.44,13.49,RED_STOP,1388.22,DOUBLE_LINE_AUTOMATIC,1294.87,NORMAL
SUPERFAST_EXPRESS,131.13,665.37,1667.92,0.46,12.61,RED_STOP,538.11,BROAD_GAUGE_ELECTRIFIED,920.36,CRITICAL
FREIGHT_GOODS,112.32,604.64,2024.32,2.98,31.83,RED_STOP,1055.0,DOUBLE_LINE_AUTOMATIC,686.39,NORMAL
PREMIUM_SUPERFAST,100.89,316.44,818.11,-3.32,53.1,RED_STOP,1353.36,DOUBLE_LINE_AUTOMATIC,689.6,NORMAL
FREIGHT_GOODS,141.25,279.91,480.55,1.46,29.21,DOUBLE_YELLOW,1961.15,BROAD_GAUGE_NON_ELECTRIFIED,1060.32,NORMAL
FREIGHT_GOODS,60.52,373.96,873.7,-1.19,26.04,YELLOW,1652.07,DOUBLE_LINE_AUTOMATIC,232.84,NORMAL
PASSENGER_LOCAL,85.48,736.84,2343.25,-2.24,54.91,RED_STOP,1095.15,BROAD_GAUGE_NON_ELECTRIFIED,469.0,NORMAL
PASSENGER_LOCAL,106.71,341.26,628.22,0.07,33.94,DOUBLE_YELLOW,2437.28,BROAD_GAUGE_ELECTRIFIED,623.3,NORMAL
SUPERFAST_EXPRESS,77.57,450.87,988.06,0.04,26.89,GREEN,314.1,DOUBLE_LINE_AUTOMATIC,344.02,NORMAL
PASSENGER_LOCAL,79.85,216.51,1447.35,-2.54,27.36,DOUBLE_YELLOW,556.67,BROAD_GAUGE_NON_ELECTRIFIED,420.97,NORMAL
SUPERFAST_EXPRESS,66.24,418.48,641.4,-2.09,18.77,YELLOW,886.22,BROAD_GAUGE_ELECTRIFIED,289.33,NORMAL
FREIGHT_GOODS,98.99,514.23,994.27,-0.64,33.05,GREEN,610.0,BROAD_GAUGE_ELECTRIFIED,561.11,NORMAL
FREIGHT_GOODS,139.08,724.22,3224.94,-0.64,29.75,RED_STOP,1582.33,BROAD_GAUGE_NON_ELECTRIFIED,1068.19,NORMAL
FREIGHT_GOODS,48.21,484.2,459.83,-1.28,22.19,YELLOW,146.9,BROAD_GAUGE_NON_ELECTRIFIED,155.31,WARNING
SUPERFAST_EXPRESS,150.82,650.51,2425.64,-2.46,17.22,GREEN,484.72,DOUBLE_LINE_AUTOMATIC,1401.03,NORMAL
SUPERFAST_EXPRESS,116.47,500.92,1591.67,-3.47,24.01,DOUBLE_YELLOW,768.7,BROAD_GAUGE_ELECTRIFIED,916.23,WARNING
SUPERFAST_EXPRESS,135.26,222.43,2485.21,3.29,32.89,GREEN,1724.2,BROAD_GAUGE_ELECTRIFIED,976.2,NORMAL
PASSENGER_LOCAL,97.87,373.25,2224.94,3.1,12.62,YELLOW,2195.87,BROAD_GAUGE_NON_ELECTRIFIED,529.86,NORMAL
PREMIUM_SUPERFAST,129.13,516.55,1092.85,-0.11,16.92,GREEN,2006.3,BROAD_GAUGE_ELECTRIFIED,899.63,NORMAL
PASSENGER_LOCAL,22.27,722.83,3026.35,3.47,52.64,DOUBLE_YELLOW,496.1,BROAD_GAUGE_NON_ELECTRIFIED,39.38,NORMAL
PREMIUM_SUPERFAST,134.57,672.52,1925.02,1.22,34.43,GREEN,1435.24,DOUBLE_LINE_AUTOMATIC,966.81,NORMAL
PASSENGER_LOCAL,25.62,325.6,2949.86,-3.02,12.86,DOUBLE_YELLOW,123.56,BROAD_GAUGE_NON_ELECTRIFIED,56.8,NORMAL
FREIGHT_GOODS,144.59,321.06,1658.64,-2.68,41.19,GREEN,810.82,DOUBLE_LINE_AUTOMATIC,1311.07,NORMAL
SUPERFAST_EXPRESS,158.87,310.65,3452.53,2.91,12.78,DOUBLE_YELLOW,2024.66,BROAD_GAUGE_NON_ELECTRIFIED,1327.59,NORMAL
PASSENGER_LOCAL,61.17,707.37,2788.52,0.91,43.25,DOUBLE_YELLOW,1168.83,DOUBLE_LINE_AUTOMATIC,222.92,NORMAL
SUPERFAST_EXPRESS,49.44,668.97,3394.45,2.4,43.75,DOUBLE_YELLOW,417.36,BROAD_GAUGE_ELECTRIFIED,152.24,NORMAL
PASSENGER_LOCAL,127.15,626.19,1994.41,2.79,39.3,RED_STOP,1124.46,BROAD_GAUGE_NON_ELECTRIFIED,867.97,NORMAL
FREIGHT_GOODS,55.42,416.0,1868.44,-0.36,42.95,DOUBLE_YELLOW,535.18,BROAD_GAUGE_NON_ELECTRIFIED,190.08,NORMAL
SUPERFAST_EXPRESS,141.18,477.41,2741.91,-3.16,13.96,YELLOW,1013.32,BROAD_GAUGE_NON_ELECTRIFIED,1295.83,WARNING
FREIGHT_GOODS,34.4,455.38,3128.9,-2.18,42.71,DOUBLE_YELLOW,1245.19,DOUBLE_LINE_AUTOMATIC,89.96,NORMAL
PREMIUM_SUPERFAST,37.63,339.37,3388.85,-3.03,16.15,RED_STOP,906.42,BROAD_GAUGE_NON_ELECTRIFIED,110.42,NORMAL
SUPERFAST_EXPRESS,157.08,477.77,1406.11,-2.18,25.28,RED_STOP,2345.57,BROAD_GAUGE_NON_ELECTRIFIED,1486.61,NORMAL
PASSENGER_LOCAL,114.34,216.77,2875.98,-0.63,52.42,YELLOW,1428.2,BROAD_GAUGE_ELECTRIFIED,735.54,NORMAL
SUPERFAST_EXPRESS,138.56,272.5,1053.0,-2.67,32.63,DOUBLE_YELLOW,2115.09,BROAD_GAUGE_NON_ELECTRIFIED,1207.84,NORMAL
PREMIUM_SUPERFAST,65.41,687.62,2091.28,-2.33,53.53,RED_STOP,1913.78,BROAD_GAUGE_NON_ELECTRIFIED,286.94,NORMAL
PREMIUM_SUPERFAST,114.71,613.42,957.53,-0.38,14.0,RED_STOP,1669.86,BROAD_GAUGE_NON_ELECTRIFIED,729.61,NORMAL
PASSENGER_LOCAL,103.19,432.58,1476.93,-1.12,31.49,GREEN,1267.38,BROAD_GAUGE_NON_ELECTRIFIED,623.82,NORMAL
FREIGHT_GOODS,104.44,484.43,3287.21,-0.23,12.81,GREEN,55.33,BROAD_GAUGE_ELECTRIFIED,606.12,NORMAL
SUPERFAST_EXPRESS,115.55,403.5,852.88,-0.5,38.36,YELLOW,1553.0,BROAD_GAUGE_NON_ELECTRIFIED,744.78,NORMAL
FREIGHT_GOODS,100.55,607.43,2360.44,1.01,13.54,GREEN,922.1,BROAD_GAUGE_NON_ELECTRIFIED,557.4,NORMAL
FREIGHT_GOODS,80.07,631.3,2238.16,3.06,17.89,DOUBLE_YELLOW,338.52,BROAD_GAUGE_ELECTRIFIED,364.78,WARNING
PASSENGER_LOCAL,58.63,619.81,774.29,-2.74,21.65,GREEN,1139.33,DOUBLE_LINE_AUTOMATIC,240.81,NORMAL
SUPERFAST_EXPRESS,127.6,597.44,1410.54,-2.81,43.69,RED_STOP,1852.11,DOUBLE_LINE_AUTOMATIC,1040.76,NORMAL
PREMIUM_SUPERFAST,51.68,312.48,2145.24,2.47,17.38,YELLOW,2406.11,BROAD_GAUGE_ELECTRIFIED,164.68,NORMAL
PASSENGER_LOCAL,116.93,385.88,980.25,0.04,48.1,GREEN,966.56,BROAD_GAUGE_ELECTRIFIED,740.56,NORMAL
FREIGHT_GOODS,52.67,458.41,2881.93,1.86,15.94,YELLOW,1379.67,DOUBLE_LINE_AUTOMATIC,170.34,NORMAL
PREMIUM_SUPERFAST,107.55,381.94,3413.69,-1.99,11.59,DOUBLE_YELLOW,2135.55,BROAD_GAUGE_NON_ELECTRIFIED,711.79,NORMAL
FREIGHT_GOODS,124.59,615.22,1065.75,2.3,27.78,DOUBLE_YELLOW,868.3,DOUBLE_LINE_AUTOMATIC,835.12,WARNING
SUPERFAST_EXPRESS,50.62,381.14,979.43,2.97,54.07,GREEN,398.53,BROAD_GAUGE_NON_ELECTRIFIED,158.72,NORMAL
FREIGHT_GOODS,28.39,276.03,1810.3,0.95,14.97,GREEN,740.61,BROAD_GAUGE_ELECTRIFIED,58.59,NORMAL
PREMIUM_SUPERFAST,38.34,419.47,2718.07,-2.76,14.58,GREEN,2252.85,BROAD_GAUGE_ELECTRIFIED,112.27,NORMAL
SUPERFAST_EXPRESS,104.84,738.95,1272.96,2.77,43.8,RED_STOP,440.51,BROAD_GAUGE_ELECTRIFIED,602.87,CRITICAL
PASSENGER_LOCAL,138.92,324.23,461.63,2.05,24.05,DOUBLE_YELLOW,856.59,DOUBLE_LINE_AUTOMATIC,1027.2,WARNING
FREIGHT_GOODS,26.3,536.69,2077.78,1.76,42.28,RED_STOP,1188.37,BROAD_GAUGE_ELECTRIFIED,51.62,NORMAL
SUPERFAST_EXPRESS,122.78,438.14,3365.46,-3.24,19.0,GREEN,2125.43,DOUBLE_LINE_AUTOMATIC,997.08,NORMAL
SUPERFAST_EXPRESS,67.78,239.06,1612.96,2.09,30.7,DOUBLE_YELLOW,2347.4,BROAD_GAUGE_NON_ELECTRIFIED,268.66,NORMAL
PASSENGER_LOCAL,86.99,468.33,1702.42,-2.53,21.94,RED_STOP,1093.24,BROAD_GAUGE_NON_ELECTRIFIED,494.07,NORMAL
PASSENGER_LOCAL,150.04,586.19,3403.6,-1.94,30.32,RED_STOP,2333.29,BROAD_GAUGE_NON_ELECTRIFIED,1339.94,NORMAL
PREMIUM_SUPERFAST,66.48,482.27,2553.28,0.54,44.61,YELLOW,445.57,BROAD_GAUGE_ELECTRIFIED,259.27,NORMAL
SUPERFAST_EXPRESS,85.15,679.66,2629.43,-1.65,44.29,RED_STOP,434.29,BROAD_GAUGE_NON_ELECTRIFIED,448.84,CRITICAL
SUPERFAST_EXPRESS,21.92,358.92,2144.38,1.13,33.21,GREEN,2375.66,BROAD_GAUGE_ELECTRIFIED,38.38,NORMAL
PREMIUM_SUPERFAST,31.42,247.44,3421.29,0.76,51.78,GREEN,1298.72,DOUBLE_LINE_AUTOMATIC,69.44,NORMAL
FREIGHT_GOODS,56.2,715.11,2535.49,-2.74,21.87,RED_STOP,505.47,BROAD_GAUGE_ELECTRIFIED,222.88,NORMAL
SUPERFAST_EXPRESS,23.9,408.01,3174.6,1.09,20.81,YELLOW,1245.58,BROAD_GAUGE_NON_ELECTRIFIED,44.14,NORMAL
SUPERFAST_EXPRESS,108.39,517.02,2568.07,2.97,37.62,YELLOW,1968.87,BROAD_GAUGE_ELECTRIFIED,641.87,NORMAL
FREIGHT_GOODS,79.7,635.6,2678.86,-2.37,37.96,YELLOW,2075.95,BROAD_GAUGE_ELECTRIFIED,414.96,NORMAL
PASSENGER_LOCAL,96.74,378.37,1300.27,0.68,12.09,RED_STOP,2166.72,DOUBLE_LINE_AUTOMATIC,518.51,NORMAL
PASSENGER_LOCAL,44.45,593.89,1340.78,-1.11,37.35,RED_STOP,1445.45,BROAD_GAUGE_ELECTRIFIED,133.24,NORMAL
PASSENGER_LOCAL,61.43,274.48,2827.25,-0.28,26.85,YELLOW,2174.02,BROAD_GAUGE_NON_ELECTRIFIED,227.92,NORMAL
PREMIUM_SUPERFAST,112.94,360.21,1319.79,-1.49,43.63,RED_STOP,1299.57,BROAD_GAUGE_ELECTRIFIED,756.72,NORMAL
FREIGHT_GOODS,155.14,279.59,2144.59,-1.02,46.36,DOUBLE_YELLOW,1537.3,BROAD_GAUGE_ELECTRIFIED,1347.61,WARNING
PASSENGER_LOCAL,27.06,646.18,1172.99,-3.3,34.85,GREEN,1908.86,BROAD_GAUGE_NON_ELECTRIFIED,63.27,NORMAL
PREMIUM_SUPERFAST,144.65,322.46,2932.65,3.37,10.08,RED_STOP,1092.32,BROAD_GAUGE_ELECTRIFIED,1109.56,CRITICAL
FREIGHT_GOODS,100.76,594.57,742.55,0.87,38.64,DOUBLE_YELLOW,230.27,DOUBLE_LINE_AUTOMATIC,559.62,WARNING
PASSENGER_LOCAL,98.95,718.81,2971.28,0.0,43.7,RED_STOP,907.91,BROAD_GAUGE_NON_ELECTRIFIED,540.88,NORMAL
SUPERFAST_EXPRESS,90.04,490.27,2268.46,-0.81,21.2,DOUBLE_YELLOW,1578.66,BROAD_GAUGE_NON_ELECTRIFIED,474.45,NORMAL
SUPERFAST_EXPRESS,29.72,497.02,979.42,0.28,30.91,YELLOW,521.21,BROAD_GAUGE_ELECTRIFIED,63.22,NORMAL
PASSENGER_LOCAL,32.58,453.57,2080.31,-0.84,53.46,GREEN,413.54,DOUBLE_LINE_AUTOMATIC,76.66,NORMAL
PASSENGER_LOCAL,104.13,379.24,1275.75,-0.98,23.42,RED_STOP,768.05,DOUBLE_LINE_AUTOMATIC,629.34,NORMAL
PREMIUM_SUPERFAST,67.73,461.61,1402.75,-0.25,20.04,DOUBLE_YELLOW,128.67,BROAD_GAUGE_NON_ELECTRIFIED,271.84,WARNING
SUPERFAST_EXPRESS,148.42,531.54,1489.74,-1.57,19.49,DOUBLE_YELLOW,1871.39,BROAD_GAUGE_NON_ELECTRIFIED,1280.79,NORMAL
FREIGHT_GOODS,76.92,742.3,596.29,-2.24,35.15,YELLOW,683.85,BROAD_GAUGE_ELECTRIFIED,385.22,NORMAL
PASSENGER_LOCAL,40.06,715.77,3456.48,0.4,52.74,GREEN,354.38,BROAD_GAUGE_NON_ELECTRIFIED,105.21,NORMAL
FREIGHT_GOODS,120.06,674.18,497.76,2.4,37.39,GREEN,1762.87,DOUBLE_LINE_AUTOMATIC,778.52,NORMAL
PASSENGER_LOCAL,61.07,689.02,2453.74,-2.43,23.65,GREEN,2115.17,BROAD_GAUGE_ELECTRIFIED,254.47,NORMAL
SUPERFAST_EXPRESS,93.57,457.32,1550.81,-3.27,38.74,DOUBLE_YELLOW,98.7,BROAD_GAUGE_ELECTRIFIED,595.65,WARNING
PASSENGER_LOCAL,117.7,561.59,2402.63,-1.77,38.12,RED_STOP,622.32,DOUBLE_LINE_AUTOMATIC,832.99,CRITICAL
FREIGHT_GOODS,146.04,692.29,1504.37,3.36,36.86,RED_STOP,2365.82,DOUBLE_LINE_AUTOMATIC,1129.91,NORMAL
SUPERFAST_EXPRESS,130.91,416.12,2488.63,2.3,17.17,YELLOW,993.87,BROAD_GAUGE_NON_ELECTRIFIED,917.32,WARNING
PASSENGER_LOCAL,114.69,728.97,2660.63,0.67,38.56,GREEN,2349.55,DOUBLE_LINE_AUTOMATIC,714.0,NORMAL
SUPERFAST_EXPRESS,115.15,428.68,2540.71,3.0,29.36,RED_STOP,721.82,BROAD_GAUGE_ELECTRIFIED,719.39,NORMAL
PREMIUM_SUPERFAST,152.43,530.6,753.28,-0.38,10.84,DOUBLE_YELLOW,584.27,BROAD_GAUGE_ELECTRIFIED,1253.84,WARNING
FREIGHT_GOODS,61.42,590.39,2436.37,3.38,34.29,DOUBLE_YELLOW,574.57,DOUBLE_LINE_AUTOMATIC,224.55,NORMAL
PASSENGER_LOCAL,20.16,722.83,1267.96,-1.43,54.52,GREEN,258.81,BROAD_GAUGE_NON_ELECTRIFIED,35.51,NORMAL
PASSENGER_LOCAL,58.07,334.54,489.28,-1.82,25.74,YELLOW,2246.26,BROAD_GAUGE_ELECTRIFIED,223.82,NORMAL
PASSENGER_LOCAL,50.5,610.37,1685.98,0.97,53.45,YELLOW,2450.6,BROAD_GAUGE_NON_ELECTRIFIED,158.08,NORMAL
FREIGHT_GOODS,112.66,486.45,1743.98,-0.85,14.33,GREEN,2388.55,DOUBLE_LINE_AUTOMATIC,724.75,NORMAL
PREMIUM_SUPERFAST,108.72,347.71,1848.24,0.88,42.96,DOUBLE_YELLOW,2137.47,BROAD_GAUGE_NON_ELECTRIFIED,645.52,NORMAL
FREIGHT_GOODS,103.08,627.13,2584.95,-1.37,15.14,YELLOW,2124.88,BROAD_GAUGE_ELECTRIFIED,631.85,NORMAL
PASSENGER_LOCAL,22.27,503.72,1357.42,0.83,22.31,DOUBLE_YELLOW,1669.66,DOUBLE_LINE_AUTOMATIC,39.39,NORMAL
FREIGHT_GOODS,122.03,563.54,1377.37,-1.57,35.69,DOUBLE_YELLOW,2074.22,BROAD_GAUGE_ELECTRIFIED,880.99,NORMAL
PASSENGER_LOCAL,65.29,377.6,587.71,-3.14,36.68,RED_STOP,560.44,BROAD_GAUGE_ELECTRIFIED,301.21,NORMAL
FREIGHT_GOODS,113.11,464.7,2529.15,2.88,44.88,YELLOW,1000.39,DOUBLE_LINE_AUTOMATIC,695.51,NORMAL
SUPERFAST_EXPRESS,97.92,539.54,2160.26,2.68,37.69,DOUBLE_YELLOW,1620.05,BROAD_GAUGE_NON_ELECTRIFIED,530.41,NORMAL
FREIGHT_GOODS,67.98,422.7,1483.22,3.3,36.71,RED_STOP,2193.19,DOUBLE_LINE_AUTOMATIC,270.09,NORMAL
PASSENGER_LOCAL,38.84,309.1,2586.09,1.52,51.06,DOUBLE_YELLOW,1668.15,BROAD_GAUGE_ELECTRIFIED,99.73,NORMAL
PASSENGER_LOCAL,33.22,728.9,2065.81,1.28,30.35,GREEN,2105.6,BROAD_GAUGE_ELECTRIFIED,76.28,NORMAL
FREIGHT_GOODS,136.41,481.31,1854.66,0.41,20.14,YELLOW,1211.18,BROAD_GAUGE_ELECTRIFIED,992.13,NORMAL
FREIGHT_GOODS,148.58,603.66,1985.11,-2.62,17.28,DOUBLE_YELLOW,1807.39,DOUBLE_LINE_AUTOMATIC,1376.04,NORMAL
SUPERFAST_EXPRESS,110.97,426.08,2372.68,-2.18,28.0,YELLOW,2450.95,DOUBLE_LINE_AUTOMATIC,764.38,NORMAL
PREMIUM_SUPERFAST,34.48,395.32,2446.01,-1.47,42.07,RED_STOP,426.05,DOUBLE_LINE_AUTOMATIC,87.1,NORMAL
PREMIUM_SUPERFAST,76.28,423.94,1295.77,2.73,11.91,YELLOW,2320.96,DOUBLE_LINE_AUTOMATIC,333.61,NORMAL
SUPERFAST_EXPRESS,122.05,425.06,836.3,-2.29,15.81,DOUBLE_YELLOW,1329.79,BROAD_GAUGE_NON_ELECTRIFIED,923.1,NORMAL
PREMIUM_SUPERFAST,129.17,499.3,885.57,2.96,14.78,YELLOW,1625.88,BROAD_GAUGE_ELECTRIFIED,894.4,NORMAL
PREMIUM_SUPERFAST,36.55,498.91,2382.11,0.16,36.34,GREEN,2200.78,BROAD_GAUGE_NON_ELECTRIFIED,89.81,NORMAL
PASSENGER_LOCAL,20.0,473.43,3105.91,1.51,20.93,GREEN,1053.65,BROAD_GAUGE_ELECTRIFIED,33.19,NORMAL
PASSENGER_LOCAL,119.7,274.13,1669.44,-2.73,17.48,RED_STOP,1075.8,BROAD_GAUGE_ELECTRIFIED,916.13,NORMAL
PASSENGER_LOCAL,69.92,472.84,925.51,-1.62,36.67,DOUBLE_YELLOW,1341.6,BROAD_GAUGE_NON_ELECTRIFIED,310.85,NORMAL
FREIGHT_GOODS,55.63,293.01,2745.47,3.21,44.26,YELLOW,96.8,DOUBLE_LINE_AUTOMATIC,187.86,WARNING
FREIGHT_GOODS,21.81,269.37,2980.72,-1.64,24.95,RED_STOP,1266.83,BROAD_GAUGE_ELECTRIFIED,40.69,NORMAL
PREMIUM_SUPERFAST,95.64,712.96,3129.81,-1.42,36.02,RED_STOP,763.16,DOUBLE_LINE_AUTOMATIC,550.66,NORMAL
FREIGHT_GOODS,139.16,532.72,2281.18,-2.12,14.42,DOUBLE_YELLOW,2323.49,BROAD_GAUGE_NON_ELECTRIFIED,1172.96,NORMAL
PASSENGER_LOCAL,154.07,562.72,3068.26,-2.6,52.08,YELLOW,264.95,BROAD_GAUGE_ELECTRIFIED,1473.47,WARNING
FREIGHT_GOODS,99.2,420.99,447.79,-1.87,25.16,RED_STOP,1175.34,DOUBLE_LINE_AUTOMATIC,606.21,NORMAL
PREMIUM_SUPERFAST,92.02,699.94,732.43,1.0,54.89,RED_STOP,2371.3,BROAD_GAUGE_NON_ELECTRIFIED,472.3,NORMAL
PASSENGER_LOCAL,31.91,550.86,686.99,-0.31,54.04,DOUBLE_YELLOW,2257.54,BROAD_GAUGE_ELECTRIFIED,72.23,NORMAL
PREMIUM_SUPERFAST,96.84,623.04,2609.07,0.38,45.05,DOUBLE_YELLOW,1768.3,BROAD_GAUGE_NON_ELECTRIFIED,519.53,NORMAL
FREIGHT_GOODS,73.2,402.71,615.7,-2.64,10.9,RED_STOP,1493.93,DOUBLE_LINE_AUTOMATIC,360.35,NORMAL
SUPERFAST_EXPRESS,105.0,728.01,1938.73,2.11,34.46,YELLOW,737.79,BROAD_GAUGE_ELECTRIFIED,604.59,NORMAL
SUPERFAST_EXPRESS,74.42,651.25,1865.39,1.99,13.91,RED_STOP,949.04,BROAD_GAUGE_ELECTRIFIED,318.78,NORMAL
PASSENGER_LOCAL,53.64,669.67,1363.18,-3.35,50.28,GREEN,270.83,BROAD_GAUGE_ELECTRIFIED,212.75,NORMAL
PREMIUM_SUPERFAST,33.3,294.71,3098.26,-0.82,45.53,DOUBLE_YELLOW,1975.97,BROAD_GAUGE_NON_ELECTRIFIED,79.45,NORMAL
SUPERFAST_EXPRESS,64.09,349.03,928.34,-3.02,53.76,GREEN,843.48,BROAD_GAUGE_NON_ELECTRIFIED,288.64,NORMAL
SUPERFAST_EXPRESS,33.53,357.09,1492.63,2.04,37.38,YELLOW,1686.07,BROAD_GAUGE_NON_ELECTRIFIED,77.5,NORMAL
PASSENGER_LOCAL,44.77,349.0,2799.93,1.66,33.5,DOUBLE_YELLOW,926.11,BROAD_GAUGE_NON_ELECTRIFIED,127.73,NORMAL
PASSENGER_LOCAL,158.23,670.47,494.31,2.81,33.35,YELLOW,1187.61,DOUBLE_LINE_AUTOMATIC,1317.24,WARNING
PREMIUM_SUPERFAST,82.17,217.54,2486.15,-1.85,27.39,GREEN,1409.76,BROAD_GAUGE_NON_ELECTRIFIED,425.16,NORMAL
SUPERFAST_EXPRESS,94.46,241.85,2930.83,-0.31,31.09,YELLOW,2014.54,BROAD_GAUGE_NON_ELECTRIFIED,504.31,NORMAL
PREMIUM_SUPERFAST,142.31,350.65,3290.03,-2.21,38.59,DOUBLE_YELLOW,567.33,BROAD_GAUGE_NON_ELECTRIFIED,1231.84,WARNING
PREMIUM_SUPERFAST,159.38,309.93,3116.52,-0.9,51.98,GREEN,1026.98,DOUBLE_LINE_AUTOMATIC,1408.82,WARNING
PASSENGER_LOCAL,101.58,327.52,1390.09,0.16,36.81,DOUBLE_YELLOW,368.7,DOUBLE_LINE_AUTOMATIC,568.15,WARNING
PREMIUM_SUPERFAST,133.75,638.87,2217.73,-3.13,48.57,GREEN,235.61,BROAD_GAUGE_ELECTRIFIED,1165.06,WARNING
FREIGHT_GOODS,65.77,509.72,639.61,1.5,48.83,RED_STOP,1531.45,BROAD_GAUGE_NON_ELECTRIFIED,254.29,NORMAL
PREMIUM_SUPERFAST,62.8,203.17,1199.4,0.3,33.35,YELLOW,513.27,BROAD_GAUGE_ELECTRIFIED,233.83,NORMAL
SUPERFAST_EXPRESS,76.38,436.13,692.09,2.3,25.64,YELLOW,196.51,BROAD_GAUGE_ELECTRIFIED,334.37,WARNING
PREMIUM_SUPERFAST,114.15,424.34,1377.08,-1.6,38.78,DOUBLE_YELLOW,2247.89,DOUBLE_LINE_AUTOMATIC,777.37,NORMAL
FREIGHT_GOODS,115.51,262.67,3113.08,2.82,30.06,RED_STOP,1359.07,DOUBLE_LINE_AUTOMATIC,723.63,NORMAL
FREIGHT_GOODS,64.13,571.88,1476.22,3.49,13.66,DOUBLE_YELLOW,379.84,BROAD_GAUGE_ELECTRIFIED,242.89,NORMAL
SUPERFAST_EXPRESS,38.65,586.15,2141.88,2.94,27.0,DOUBLE_YELLOW,180.89,BROAD_GAUGE_ELECTRIFIED,98.88,NORMAL
SUPERFAST_EXPRESS,108.54,596.49,1743.48,1.95,54.73,GREEN,343.66,BROAD_GAUGE_NON_ELECTRIFIED,643.46,NORMAL
PREMIUM_SUPERFAST,37.97,600.66,1822.64,2.19,12.18,RED_STOP,1204.78,DOUBLE_LINE_AUTOMATIC,95.88,NORMAL
FREIGHT_GOODS,100.99,200.03,3405.67,0.52,41.35,GREEN,1687.74,DOUBLE_LINE_AUTOMATIC,561.97,NORMAL
FREIGHT_GOODS,117.08,724.66,1318.08,-2.17,47.85,DOUBLE_YELLOW,1621.14,BROAD_GAUGE_ELECTRIFIED,846.02,NORMAL
PREMIUM_SUPERFAST,118.09,647.81,2344.71,1.24,39.19,GREEN,403.84,DOUBLE_LINE_AUTOMATIC,754.47,NORMAL
SUPERFAST_EXPRESS,125.49,697.19,1702.19,1.49,35.64,GREEN,1602.05,BROAD_GAUGE_ELECTRIFIED,846.54,NORMAL
FREIGHT_GOODS,142.2,208.6,589.55,3.4,41.84,YELLOW,1041.92,BROAD_GAUGE_ELECTRIFIED,1073.91,WARNING
PREMIUM_SUPERFAST,89.99,713.62,1916.93,0.29,29.32,RED_STOP,1188.62,DOUBLE_LINE_AUTOMATIC,453.07,NORMAL
SUPERFAST_EXPRESS,122.23,645.38,2921.36,-1.6,14.11,YELLOW,2013.5,BROAD_GAUGE_NON_ELECTRIFIED,885.52,NORMAL
PREMIUM_SUPERFAST,106.68,660.47,706.13,1.29,53.31,RED_STOP,864.62,DOUBLE_LINE_AUTOMATIC,622.96,NORMAL
SUPERFAST_EXPRESS,46.13,251.31,615.73,3.36,29.45,YELLOW,410.15,BROAD_GAUGE_ELECTRIFIED,134.65,NORMAL
SUPERFAST_EXPRESS,23.6,606.33,876.26,-2.26,39.94,DOUBLE_YELLOW,2189.96,BROAD_GAUGE_ELECTRIFIED,47.65,NORMAL
FREIGHT_GOODS,59.84,727.95,2769.64,-1.22,33.91,YELLOW,569.72,BROAD_GAUGE_NON_ELECTRIFIED,228.44,NORMAL
PASSENGER_LOCAL,82.02,573.2,2644.39,0.29,12.46,RED_STOP,770.37,BROAD_GAUGE_ELECTRIFIED,381.42,NORMAL
FREIGHT_GOODS,106.39,513.81,2151.56,-2.31,52.87,RED_STOP,1781.15,BROAD_GAUGE_NON_ELECTRIFIED,711.83,NORMAL
PREMIUM_SUPERFAST,138.99,720.1,1851.5,-3.34,45.66,RED_STOP,1724.7,DOUBLE_LINE_AUTOMATIC,1274.42,NORMAL
SUPERFAST_EXPRESS,47.47,443.62,3153.81,-1.14,16.71,YELLOW,2010.98,BROAD_GAUGE_NON_ELECTRIFIED,150.01,NORMAL
FREIGHT_GOODS,37.58,529.61,2776.76,2.56,54.17,GREEN,500.47,BROAD_GAUGE_ELECTRIFIED,94.19,NORMAL
SUPERFAST_EXPRESS,154.89,461.99,2917.02,-3.2,43.16,YELLOW,913.09,BROAD_GAUGE_ELECTRIFIED,1553.24,WARNING
FREIGHT_GOODS,35.13,713.07,2921.11,-0.5,31.25,GREEN,358.41,BROAD_GAUGE_NON_ELECTRIFIED,85.81,NORMAL
PREMIUM_SUPERFAST,86.99,241.85,2392.42,1.84,37.51,YELLOW,1375.55,DOUBLE_LINE_AUTOMATIC,425.33,NORMAL
PREMIUM_SUPERFAST,101.98,475.62,1819.85,3.17,14.8,DOUBLE_YELLOW,766.8,BROAD_GAUGE_NON_ELECTRIFIED,572.35,NORMAL
PREMIUM_SUPERFAST,95.79,577.82,3080.5,3.4,35.22,DOUBLE_YELLOW,1737.89,BROAD_GAUGE_ELECTRIFIED,509.05,NORMAL
FREIGHT_GOODS,32.04,635.55,3270.62,-0.55,13.31,YELLOW,50.84,DOUBLE_LINE_AUTOMATIC,73.52,WARNING
PASSENGER_LOCAL,27.98,520.66,473.8,3.15,34.52,YELLOW,196.22,BROAD_GAUGE_NON_ELECTRIFIED,57.2,NORMAL
PREMIUM_SUPERFAST,34.77,699.9,559.82,-3.25,34.87,YELLOW,1109.77,BROAD_GAUGE_NON_ELECTRIFIED,97.31,NORMAL
FREIGHT_GOODS,101.98,718.1,3372.1,1.72,49.35,DOUBLE_YELLOW,2397.55,BROAD_GAUGE_NON_ELECTRIFIED,572.38,NORMAL
PASSENGER_LOCAL,96.21,235.38,1259.2,1.0,42.63,GREEN,2232.59,BROAD_GAUGE_ELECTRIFIED,513.19,NORMAL
FREIGHT_GOODS,52.72,421.3,3107.45,-1.75,21.23,RED_STOP,2485.32,BROAD_GAUGE_ELECTRIFIED,187.17,NORMAL
FREIGHT_GOODS,109.29,212.9,1605.26,0.05,49.98,GREEN,1071.23,BROAD_GAUGE_ELECTRIFIED,651.9,NORMAL
PREMIUM_SUPERFAST,134.81,381.18,769.21,-2.59,35.8,YELLOW,164.09,DOUBLE_LINE_AUTOMATIC,1139.56,WARNING
PASSENGER_LOCAL,25.82,495.28,649.37,2.6,37.29,DOUBLE_YELLOW,799.59,DOUBLE_LINE_AUTOMATIC,50.08,NORMAL
FREIGHT_GOODS,89.74,700.94,885.17,-0.99,17.6,RED_STOP,1705.64,DOUBLE_LINE_AUTOMATIC,476.42,NORMAL
FREIGHT_GOODS,116.5,665.6,1174.67,0.88,48.6,GREEN,381.15,BROAD_GAUGE_ELECTRIFIED,735.47,NORMAL
FREIGHT_GOODS,55.32,270.12,1914.41,-2.39,51.89,YELLOW,784.93,DOUBLE_LINE_AUTOMATIC,211.92,NORMAL
FREIGHT_GOODS,63.09,251.17,2574.64,-2.06,44.87,DOUBLE_YELLOW,187.61,DOUBLE_LINE_AUTOMATIC,264.07,WARNING
PREMIUM_SUPERFAST,105.91,524.1,3457.84,3.44,52.33,DOUBLE_YELLOW,1213.67,BROAD_GAUGE_NON_ELECTRIFIED,614.48,NORMAL
FREIGHT_GOODS,145.71,492.66,1768.67,1.77,23.6,RED_STOP,561.86,BROAD_GAUGE_ELECTRIFIED,1125.09,CRITICAL
PASSENGER_LOCAL,133.39,346.51,2006.37,3.23,48.75,GREEN,273.56,BROAD_GAUGE_NON_ELECTRIFIED,950.69,WARNING
SUPERFAST_EXPRESS,101.64,694.7,2017.63,-1.43,32.0,DOUBLE_YELLOW,1057.48,BROAD_GAUGE_ELECTRIFIED,617.62,NORMAL
PASSENGER_LOCAL,122.23,710.05,2072.25,-2.35,17.38,YELLOW,910.5,BROAD_GAUGE_ELECTRIFIED,929.31,WARNING
FREIGHT_GOODS,71.08,421.44,2005.0,0.02,40.1,YELLOW,1366.92,DOUBLE_LINE_AUTOMATIC,292.98,NORMAL
FREIGHT_GOODS,109.74,689.67,427.2,-0.04,40.79,RED_STOP,1885.14,BROAD_GAUGE_NON_ELECTRIFIED,658.28,NORMAL
PASSENGER_LOCAL,85.27,411.17,405.35,-2.28,22.91,GREEN,325.79,BROAD_GAUGE_NON_ELECTRIFIED,467.95,NORMAL
SUPERFAST_EXPRESS,46.59,605.25,702.77,1.63,11.24,DOUBLE_YELLOW,1988.26,DOUBLE_LINE_AUTOMATIC,137.04,NORMAL
PREMIUM_SUPERFAST,118.24,461.77,714.83,-0.97,18.99,RED_STOP,114.41,BROAD_GAUGE_NON_ELECTRIFIED,799.77,CRITICAL
SUPERFAST_EXPRESS,97.91,267.42,2585.18,-2.2,27.99,GREEN,1135.6,BROAD_GAUGE_NON_ELECTRIFIED,603.76,NORMAL
SUPERFAST_EXPRESS,70.21,710.36,1035.24,-1.18,17.54,GREEN,1489.2,BROAD_GAUGE_ELECTRIFIED,305.32,NORMAL
SUPERFAST_EXPRESS,147.59,449.75,3173.61,0.45,18.73,DOUBLE_YELLOW,2394.65,BROAD_GAUGE_NON_ELECTRIFIED,1152.94,NORMAL
PASSENGER_LOCAL,22.93,603.97,3278.68,1.59,27.61,RED_STOP,1456.11,BROAD_GAUGE_NON_ELECTRIFIED,41.28,NORMAL
SUPERFAST_EXPRESS,64.21,401.95,3425.27,-0.13,53.28,RED_STOP,438.94,BROAD_GAUGE_ELECTRIFIED,245.0,NORMAL
PREMIUM_SUPERFAST,27.96,210.38,3311.15,0.18,44.39,RED_STOP,1317.98,DOUBLE_LINE_AUTOMATIC,57.13,NORMAL
FREIGHT_GOODS,127.31,255.29,1242.85,-2.53,24.39,RED_STOP,1019.67,BROAD_GAUGE_ELECTRIFIED,1016.72,NORMAL
PASSENGER_LOCAL,118.3,472.92,1980.31,2.9,52.82,GREEN,1224.42,DOUBLE_LINE_AUTOMATIC,757.0,NORMAL
PASSENGER_LOCAL,66.39,579.48,943.91,3.0,39.05,RED_STOP,532.89,DOUBLE_LINE_AUTOMATIC,258.66,NORMAL
SUPERFAST_EXPRESS,114.59,384.1,2899.25,1.28,30.5,RED_STOP,1277.03,BROAD_GAUGE_ELECTRIFIED,712.85,NORMAL
FREIGHT_GOODS,75.43,582.52,3154.14,-3.38,31.07,DOUBLE_YELLOW,417.6,BROAD_GAUGE_ELECTRIFIED,400.18,WARNING
FREIGHT_GOODS,125.88,584.25,3039.0,0.26,28.48,YELLOW,1872.91,DOUBLE_LINE_AUTOMATIC,851.53,NORMAL
FREIGHT_GOODS,83.59,587.16,1743.44,0.9,20.48,GREEN,1505.07,BROAD_GAUGE_ELECTRIFIED,394.98,NORMAL
PASSENGER_LOCAL,77.72,470.89,2751.89,3.46,27.4,DOUBLE_YELLOW,242.39,BROAD_GAUGE_ELECTRIFIED,345.27,WARNING
PREMIUM_SUPERFAST,150.86,703.19,702.5,3.47,33.76,DOUBLE_YELLOW,2229.56,BROAD_GAUGE_NON_ELECTRIFIED,1202.34,NORMAL
FREIGHT_GOODS,55.12,469.06,524.76,2.5,33.76,DOUBLE_YELLOW,1560.13,BROAD_GAUGE_ELECTRIFIED,184.82,NORMAL
PASSENGER_LOCAL,36.86,447.65,2735.03,-3.05,44.28,GREEN,824.46,BROAD_GAUGE_ELECTRIFIED,106.58,NORMAL
SUPERFAST_EXPRESS,101.84,309.66,1718.6,3.17,26.15,YELLOW,161.82,BROAD_GAUGE_NON_ELECTRIFIED,570.84,WARNING
FREIGHT_GOODS,155.71,369.21,3486.2,0.79,42.26,GREEN,1598.96,DOUBLE_LINE_AUTOMATIC,1277.31,NORMAL
SUPERFAST_EXPRESS,72.9,223.28,701.49,2.11,36.01,RED_STOP,964.93,DOUBLE_LINE_AUTOMATIC,306.89,NORMAL
FREIGHT_GOODS,28.69,548.44,3052.45,-0.65,53.28,YELLOW,2273.66,BROAD_GAUGE_ELECTRIFIED,61.28,NORMAL
SUPERFAST_EXPRESS,67.5,336.69,1887.95,-1.26,27.34,GREEN,135.45,BROAD_GAUGE_ELECTRIFIED,285.44,NORMAL
PASSENGER_LOCAL,90.83,367.29,2964.17,-0.26,50.55,GREEN,145.8,DOUBLE_LINE_AUTOMATIC,467.45,NORMAL
SUPERFAST_EXPRESS,42.67,623.95,2933.09,-2.47,46.93,RED_STOP,2375.78,BROAD_GAUGE_ELECTRIFIED,133.48,NORMAL
PASSENGER_LOCAL,112.13,379.97,3239.58,-1.0,38.69,GREEN,2413.94,DOUBLE_LINE_AUTOMATIC,724.71,NORMAL
SUPERFAST_EXPRESS,159.68,333.21,1323.34,2.5,39.45,YELLOW,117.97,DOUBLE_LINE_AUTOMATIC,1340.6,WARNING
SUPERFAST_EXPRESS,83.24,292.98,3344.38,-3.23,13.81,DOUBLE_YELLOW,1804.28,BROAD_GAUGE_NON_ELECTRIFIED,476.65,NORMAL
SUPERFAST_EXPRESS,69.66,626.17,870.17,-2.44,52.76,GREEN,592.66,BROAD_GAUGE_NON_ELECTRIFIED,324.59,NORMAL
FREIGHT_GOODS,76.1,271.34,654.1,-2.62,14.81,GREEN,1768.41,BROAD_GAUGE_ELECTRIFIED,386.91,NORMAL
PREMIUM_SUPERFAST,36.12,449.56,1738.01,-0.68,35.35,YELLOW,2178.4,BROAD_GAUGE_ELECTRIFIED,90.79,NORMAL
PREMIUM_SUPERFAST,143.66,478.81,2967.8,3.48,24.85,GREEN,297.04,DOUBLE_LINE_AUTOMATIC,1095.02,NORMAL
FREIGHT_GOODS,78.08,578.06,1867.61,-2.29,29.34,DOUBLE_YELLOW,634.98,BROAD_GAUGE_ELECTRIFIED,397.21,NORMAL
SUPERFAST_EXPRESS,74.22,548.31,2970.79,-2.48,37.46,RED_STOP,108.99,BROAD_GAUGE_NON_ELECTRIFIED,365.95,CRITICAL
SUPERFAST_EXPRESS,112.36,645.9,2662.03,2.91,50.9,RED_STOP,157.38,DOUBLE_LINE_AUTOMATIC,686.82,CRITICAL
FREIGHT_GOODS,81.88,224.61,1049.23,2.67,30.59,RED_STOP,122.56,DOUBLE_LINE_AUTOMATIC,380.22,CRITICAL
PASSENGER_LOCAL,110.75,363.04,3341.53,-3.27,54.45,DOUBLE_YELLOW,2011.67,BROAD_GAUGE_ELECTRIFIED,820.65,NORMAL
PASSENGER_LOCAL,28.6,354.07,588.42,1.76,36.68,RED_STOP,780.82,DOUBLE_LINE_AUTOMATIC,59.32,NORMAL
FREIGHT_GOODS,133.92,280.31,3184.67,1.09,17.22,YELLOW,1258.37,DOUBLE_LINE_AUTOMATIC,957.92,NORMAL
PREMIUM_SUPERFAST,151.67,359.05,1343.77,1.87,18.55,YELLOW,1980.22,DOUBLE_LINE_AUTOMATIC,1214.7,NORMAL
PASSENGER_LOCAL,110.83,370.37,1950.46,-0.04,42.22,DOUBLE_YELLOW,1262.61,BROAD_GAUGE_NON_ELECTRIFIED,670.73,NORMAL
FREIGHT_GOODS,153.64,487.04,1709.29,3.44,12.27,DOUBLE_YELLOW,1101.53,DOUBLE_LINE_AUTOMATIC,1245.05,WARNING
PASSENGER_LOCAL,41.2,565.04,932.69,-3.19,31.62,DOUBLE_YELLOW,78.35,BROAD_GAUGE_NON_ELECTRIFIED,130.88,WARNING
FREIGHT_GOODS,86.84,409.61,1510.26,-1.86,16.67,YELLOW,1441.7,DOUBLE_LINE_AUTOMATIC,471.79,NORMAL
PASSENGER_LOCAL,104.25,595.71,998.1,-0.72,29.49,DOUBLE_YELLOW,355.62,BROAD_GAUGE_ELECTRIFIED,621.39,WARNING
PASSENGER_LOCAL,101.44,384.89,1032.05,-0.35,43.75,DOUBLE_YELLOW,1923.39,BROAD_GAUGE_ELECTRIFIED,577.87,NORMAL
FREIGHT_GOODS,76.2,359.66,979.88,2.95,30.65,RED_STOP,681.46,DOUBLE_LINE_AUTOMATIC,332.97,NORMAL
PREMIUM_SUPERFAST,67.33,497.65,1915.95,0.42,17.36,DOUBLE_YELLOW,1701.76,BROAD_GAUGE_ELECTRIFIED,265.39,NORMAL
PREMIUM_SUPERFAST,37.76,213.04,2873.59,-3.18,21.34,GREEN,1633.25,BROAD_GAUGE_NON_ELECTRIFIED,112.04,NORMAL
PASSENGER_LOCAL,74.84,243.88,2163.81,-0.64,26.54,RED_STOP,1560.86,DOUBLE_LINE_AUTOMATIC,333.46,NORMAL
PASSENGER_LOCAL,42.77,429.88,3168.94,-0.58,13.13,YELLOW,704.03,BROAD_GAUGE_NON_ELECTRIFIED,121.28,NORMAL
PREMIUM_SUPERFAST,122.81,718.6,2373.29,3.26,36.3,YELLOW,704.37,DOUBLE_LINE_AUTOMATIC,812.65,WARNING
FREIGHT_GOODS,49.24,596.83,2536.95,0.69,37.34,YELLOW,2164.47,BROAD_GAUGE_NON_ELECTRIFIED,151.1,NORMAL
SUPERFAST_EXPRESS,28.2,248.47,2469.58,0.95,12.8,RED_STOP,81.38,BROAD_GAUGE_ELECTRIFIED,57.93,NORMAL
PASSENGER_LOCAL,97.33,665.47,1793.32,1.49,28.1,YELLOW,494.73,BROAD_GAUGE_NON_ELECTRIFIED,524.45,WARNING
SUPERFAST_EXPRESS,103.33,602.77,2536.95,1.89,28.63,RED_STOP,1544.92,BROAD_GAUGE_NON_ELECTRIFIED,586.69,NORMAL
PASSENGER_LOCAL,142.07,536.02,616.09,0.95,25.02,RED_STOP,2051.76,BROAD_GAUGE_ELECTRIFIED,1072.0,NORMAL
PREMIUM_SUPERFAST,100.78,651.16,3065.54,-1.84,35.1,GREEN,927.95,BROAD_GAUGE_ELECTRIFIED,623.39,NORMAL
FREIGHT_GOODS,68.37,422.26,2811.22,2.62,25.57,GREEN,1650.94,DOUBLE_LINE_AUTOMATIC,272.89,NORMAL
PASSENGER_LOCAL,132.42,321.83,1160.21,1.62,28.74,GREEN,1415.03,DOUBLE_LINE_AUTOMATIC,937.61,NORMAL
SUPERFAST_EXPRESS,95.64,481.61,2780.9,1.69,45.89,GREEN,208.12,BROAD_GAUGE_NON_ELECTRIFIED,507.52,NORMAL
PREMIUM_SUPERFAST,31.1,501.86,439.19,3.48,17.29,GREEN,1573.29,DOUBLE_LINE_AUTOMATIC,68.24,NORMAL
PASSENGER_LOCAL,99.22,496.08,1073.46,2.12,37.86,YELLOW,2044.06,BROAD_GAUGE_NON_ELECTRIFIED,543.65,NORMAL
FREIGHT_GOODS,147.12,510.79,601.93,2.3,32.75,YELLOW,2481.5,DOUBLE_LINE_AUTOMATIC,1146.01,NORMAL
PASSENGER_LOCAL,75.48,721.79,2818.7,3.16,23.73,YELLOW,122.62,BROAD_GAUGE_ELECTRIFIED,327.2,WARNING
FREIGHT_GOODS,61.49,696.24,2743.21,-2.44,42.74,GREEN,1667.14,BROAD_GAUGE_ELECTRIFIED,257.85,NORMAL
FREIGHT_GOODS,40.09,681.64,2922.27,-0.02,34.8,DOUBLE_YELLOW,1065.65,BROAD_GAUGE_ELECTRIFIED,105.41,NORMAL
PREMIUM_SUPERFAST,41.2,640.78,413.89,0.56,31.48,YELLOW,73.98,BROAD_GAUGE_ELECTRIFIED,110.48,WARNING
PASSENGER_LOCAL,80.59,718.89,1953.82,-1.2,40.05,YELLOW,1555.18,BROAD_GAUGE_NON_ELECTRIFIED,394.44,NORMAL
FREIGHT_GOODS,103.4,254.17,2584.99,2.38,46.1,DOUBLE_YELLOW,349.95,BROAD_GAUGE_ELECTRIFIED,587.36,WARNING
PREMIUM_SUPERFAST,31.29,345.82,881.74,1.84,53.77,GREEN,977.49,BROAD_GAUGE_ELECTRIFIED,68.93,NORMAL
PASSENGER_LOCAL,151.54,472.28,2414.35,1.55,38.32,RED_STOP,690.35,BROAD_GAUGE_ELECTRIFIED,1212.69,CRITICAL
FREIGHT_GOODS,125.72,665.59,660.74,3.48,49.35,DOUBLE_YELLOW,934.85,BROAD_GAUGE_ELECTRIFIED,849.51,WARNING
PREMIUM_SUPERFAST,102.13,477.84,962.11,-1.68,10.05,DOUBLE_YELLOW,1257.1,DOUBLE_LINE_AUTOMATIC,633.09,NORMAL
PASSENGER_LOCAL,135.98,611.42,1874.97,1.65,33.86,YELLOW,930.06,BROAD_GAUGE_NON_ELECTRIFIED,986.16,WARNING
FREIGHT_GOODS,31.23,276.43,2426.05,0.36,19.66,YELLOW,1404.19,BROAD_GAUGE_NON_ELECTRIFIED,68.71,NORMAL
PREMIUM_SUPERFAST,86.76,338.83,852.19,-1.31,14.24,GREEN,634.69,DOUBLE_LINE_AUTOMATIC,455.58,NORMAL
PREMIUM_SUPERFAST,108.21,602.48,974.19,-2.38,33.94,RED_STOP,1606.64,DOUBLE_LINE_AUTOMATIC,738.35,NORMAL
PASSENGER_LOCAL,136.01,290.6,1033.78,2.77,43.61,RED_STOP,2141.72,BROAD_GAUGE_NON_ELECTRIFIED,986.58,NORMAL
PREMIUM_SUPERFAST,129.69,393.25,1139.97,0.67,28.55,DOUBLE_YELLOW,598.96,BROAD_GAUGE_NON_ELECTRIFIED,901.13,WARNING
PASSENGER_LOCAL,58.79,345.68,1102.32,2.27,40.15,GREEN,1294.3,DOUBLE_LINE_AUTOMATIC,207.5,NORMAL
PASSENGER_LOCAL,151.72,392.42,1624.96,0.32,32.04,RED_STOP,1639.29,BROAD_GAUGE_ELECTRIFIED,1215.51,NORMAL
FREIGHT_GOODS,37.41,589.58,2426.75,-1.96,29.67,DOUBLE_YELLOW,1433.33,BROAD_GAUGE_NON_ELECTRIFIED,102.89,NORMAL
PASSENGER_LOCAL,142.52,402.32,1757.9,-1.14,23.06,YELLOW,945.84,DOUBLE_LINE_AUTOMATIC,1153.45,WARNING
PREMIUM_SUPERFAST,155.93,505.39,2805.52,-0.83,27.22,RED_STOP,1623.39,BROAD_GAUGE_ELECTRIFIED,1344.96,NORMAL
PASSENGER_LOCAL,44.8,254.96,2629.73,3.31,25.74,DOUBLE_YELLOW,119.2,BROAD_GAUGE_ELECTRIFIED,127.91,WARNING
FREIGHT_GOODS,121.09,642.76,792.23,-3.46,39.08,RED_STOP,956.27,DOUBLE_LINE_AUTOMATIC,986.34,CRITICAL
PREMIUM_SUPERFAST,25.64,403.44,551.41,3.4,15.22,GREEN,1354.9,BROAD_GAUGE_NON_ELECTRIFIED,49.51,NORMAL
FREIGHT_GOODS,76.76,556.69,3121.62,3.36,14.17,DOUBLE_YELLOW,100.5,BROAD_GAUGE_NON_ELECTRIFIED,337.45,WARNING
SUPERFAST_EXPRESS,92.28,598.96,647.48,3.47,39.7,GREEN,1293.74,BROAD_GAUGE_ELECTRIFIED,474.75,NORMAL
FREIGHT_GOODS,101.29,315.31,859.85,-0.16,34.58,DOUBLE_YELLOW,1652.92,DOUBLE_LINE_AUTOMATIC,570.24,NORMAL
SUPERFAST_EXPRESS,151.03,686.57,468.61,3.25,29.36,YELLOW,1910.06,BROAD_GAUGE_ELECTRIFIED,1204.92,NORMAL
SUPERFAST_EXPRESS,114.12,538.92,2347.84,-0.73,16.86,RED_STOP,327.77,BROAD_GAUGE_ELECTRIFIED,737.31,CRITICAL
PASSENGER_LOCAL,87.38,435.8,2205.35,-3.32,28.5,YELLOW,2476.88,BROAD_GAUGE_ELECTRIFIED,525.14,NORMAL
PREMIUM_SUPERFAST,133.35,300.28,3459.4,-1.93,45.54,GREEN,1535.11,DOUBLE_LINE_AUTOMATIC,1067.83,NORMAL
PASSENGER_LOCAL,153.07,718.27,3149.49,3.12,50.03,RED_STOP,939.82,BROAD_GAUGE_NON_ELECTRIFIED,1236.31,CRITICAL
PREMIUM_SUPERFAST,23.09,615.29,1673.61,-3.4,41.62,YELLOW,660.28,BROAD_GAUGE_ELECTRIFIED,48.69,NORMAL
FREIGHT_GOODS,157.55,314.41,1551.92,0.32,12.7,DOUBLE_YELLOW,1453.6,BROAD_GAUGE_NON_ELECTRIFIED,1306.51,WARNING
SUPERFAST_EXPRESS,32.06,385.74,1320.24,-2.97,40.17,DOUBLE_YELLOW,2210.19,BROAD_GAUGE_NON_ELECTRIFIED,83.13,NORMAL
SUPERFAST_EXPRESS,134.01,645.32,872.46,-1.5,20.84,YELLOW,1325.39,DOUBLE_LINE_AUTOMATIC,1048.47,NORMAL
SUPERFAST_EXPRESS,59.25,582.62,828.06,-2.88,24.19,RED_STOP,1670.61,BROAD_GAUGE_NON_ELECTRIFIED,247.64,NORMAL
FREIGHT_GOODS,38.51,621.18,810.08,2.52,18.81,GREEN,926.36,BROAD_GAUGE_NON_ELECTRIFIED,98.24,NORMAL
FREIGHT_GOODS,81.58,442.66,753.76,0.64,44.91,DOUBLE_YELLOW,1000.97,BROAD_GAUGE_ELECTRIFIED,377.6,NORMAL
PASSENGER_LOCAL,110.15,594.06,1145.59,2.81,39.19,GREEN,751.13,DOUBLE_LINE_AUTOMATIC,661.66,NORMAL
PASSENGER_LOCAL,73.33,412.57,1350.67,1.32,37.53,RED_STOP,1778.81,DOUBLE_LINE_AUTOMATIC,310.27,NORMAL
PREMIUM_SUPERFAST,27.64,316.19,3380.89,3.3,40.06,RED_STOP,930.01,BROAD_GAUGE_ELECTRIFIED,56.03,NORMAL
PREMIUM_SUPERFAST,103.92,547.97,2193.27,0.07,20.65,DOUBLE_YELLOW,517.26,BROAD_GAUGE_ELECTRIFIED,593.02,WARNING
SUPERFAST_EXPRESS,146.34,736.81,3461.55,0.97,30.01,GREEN,955.03,BROAD_GAUGE_NON_ELECTRIFIED,1134.34,NORMAL
FREIGHT_GOODS,73.65,370.83,1554.65,0.53,38.5,RED_STOP,2141.88,BROAD_GAUGE_NON_ELECTRIFIED,312.74,NORMAL
FREIGHT_GOODS,50.29,453.53,1818.64,-0.11,38.65,GREEN,1858.72,DOUBLE_LINE_AUTOMATIC,157.72,NORMAL
PASSENGER_LOCAL,81.96,570.7,1406.19,2.42,45.63,DOUBLE_YELLOW,869.87,DOUBLE_LINE_AUTOMATIC,380.87,NORMAL
PASSENGER_LOCAL,26.77,497.83,966.95,1.01,22.92,DOUBLE_YELLOW,2271.68,BROAD_GAUGE_NON_ELECTRIFIED,53.15,NORMAL
PREMIUM_SUPERFAST,134.87,663.89,843.81,2.11,44.67,RED_STOP,233.34,BROAD_GAUGE_ELECTRIFIED,970.85,CRITICAL
PREMIUM_SUPERFAST,135.69,618.96,3329.75,2.0,29.81,RED_STOP,171.9,DOUBLE_LINE_AUTOMATIC,982.11,CRITICAL
PASSENGER_LOCAL,102.32,232.06,3459.11,-2.16,40.16,GREEN,362.3,BROAD_GAUGE_ELECTRIFIED,654.86,NORMAL
PASSENGER_LOCAL,69.43,749.13,539.22,1.05,30.51,RED_STOP,335.31,BROAD_GAUGE_NON_ELECTRIFIED,280.72,NORMAL
FREIGHT_GOODS,131.97,613.82,866.07,-2.1,52.69,DOUBLE_YELLOW,265.19,DOUBLE_LINE_AUTOMATIC,1058.6,WARNING
PREMIUM_SUPERFAST,97.66,675.15,1712.92,0.58,18.07,RED_STOP,1670.29,DOUBLE_LINE_AUTOMATIC,527.73,NORMAL
PASSENGER_LOCAL,135.63,558.16,977.63,1.24,40.38,YELLOW,1522.06,BROAD_GAUGE_NON_ELECTRIFIED,981.32,NORMAL
PASSENGER_LOCAL,108.4,670.96,1528.03,3.48,35.94,DOUBLE_YELLOW,1636.63,BROAD_GAUGE_NON_ELECTRIFIED,642.0,NORMAL
SUPERFAST_EXPRESS,129.82,261.81,800.2,-3.29,17.77,GREEN,1736.5,BROAD_GAUGE_ELECTRIFIED,1112.93,NORMAL
PASSENGER_LOCAL,103.8,391.26,1815.19,-2.86,12.97,RED_STOP,1904.36,BROAD_GAUGE_ELECTRIFIED,704.83,NORMAL
PASSENGER_LOCAL,77.98,682.03,1242.25,-2.96,45.96,RED_STOP,557.58,BROAD_GAUGE_NON_ELECTRIFIED,413.99,NORMAL
FREIGHT_GOODS,154.11,310.91,1490.91,-0.71,17.09,DOUBLE_YELLOW,1574.64,BROAD_GAUGE_NON_ELECTRIFIED,1305.71,NORMAL
PASSENGER_LOCAL,95.76,243.03,692.37,2.25,18.39,DOUBLE_YELLOW,1471.12,BROAD_GAUGE_NON_ELECTRIFIED,508.68,NORMAL
PREMIUM_SUPERFAST,104.71,633.47,1727.2,2.41,54.03,GREEN,2361.97,DOUBLE_LINE_AUTOMATIC,601.49,NORMAL
SUPERFAST_EXPRESS,50.87,659.52,3448.1,1.66,42.28,DOUBLE_YELLOW,619.3,BROAD_GAUGE_NON_ELECTRIFIED,160.11,NORMAL
FREIGHT_GOODS,107.59,289.46,1419.38,2.78,21.27,GREEN,193.87,DOUBLE_LINE_AUTOMATIC,632.96,NORMAL
PREMIUM_SUPERFAST,100.03,669.89,3116.93,-1.24,36.59,RED_STOP,1651.06,BROAD_GAUGE_NON_ELECTRIFIED,592.49,NORMAL
SUPERFAST_EXPRESS,45.88,577.72,3013.92,-2.88,34.04,GREEN,1863.42,DOUBLE_LINE_AUTOMATIC,155.67,NORMAL
SUPERFAST_EXPRESS,28.34,486.05,3351.38,-3.09,48.0,GREEN,743.83,BROAD_GAUGE_ELECTRIFIED,67.7,NORMAL
PASSENGER_LOCAL,104.61,656.64,2849.34,2.46,42.82,GREEN,1448.58,BROAD_GAUGE_ELECTRIFIED,600.39,NORMAL
SUPERFAST_EXPRESS,126.92,430.59,2444.75,1.61,47.43,RED_STOP,195.86,DOUBLE_LINE_AUTOMATIC,864.95,CRITICAL
SUPERFAST_EXPRESS,93.28,306.7,3055.41,1.39,19.52,YELLOW,2402.11,BROAD_GAUGE_ELECTRIFIED,484.36,NORMAL
PASSENGER_LOCAL,51.75,356.67,634.5,-1.12,38.81,YELLOW,319.32,BROAD_GAUGE_ELECTRIFIED,174.82,NORMAL
FREIGHT_GOODS,113.31,477.84,1834.78,-0.84,11.81,GREEN,215.55,DOUBLE_LINE_AUTOMATIC,732.23,NORMAL
PASSENGER_LOCAL,31.21,492.23,3466.69,3.21,13.1,DOUBLE_YELLOW,158.07,BROAD_GAUGE_NON_ELECTRIFIED,68.67,NORMAL
FREIGHT_GOODS,81.86,643.07,2785.76,-3.05,42.11,YELLOW,1096.82,BROAD_GAUGE_NON_ELECTRIFIED,456.19,NORMAL
SUPERFAST_EXPRESS,42.87,635.24,3382.43,1.92,11.1,RED_STOP,288.04,DOUBLE_LINE_AUTOMATIC,118.41,NORMAL
PREMIUM_SUPERFAST,45.82,519.75,2816.87,-1.33,36.09,GREEN,1874.39,BROAD_GAUGE_ELECTRIFIED,142.29,NORMAL
FREIGHT_GOODS,48.32,629.43,3112.13,-3.23,47.82,YELLOW,2252.24,BROAD_GAUGE_NON_ELECTRIFIED,174.6,NORMAL
FREIGHT_GOODS,74.14,305.48,2590.24,1.7,27.1,RED_STOP,687.54,BROAD_GAUGE_NON_ELECTRIFIED,316.56,NORMAL
FREIGHT_GOODS,27.16,227.54,2757.56,-1.18,12.02,GREEN,1590.49,BROAD_GAUGE_ELECTRIFIED,57.28,NORMAL
FREIGHT_GOODS,75.69,680.5,2021.85,1.56,42.12,YELLOW,153.73,DOUBLE_LINE_AUTOMATIC,328.85,WARNING
SUPERFAST_EXPRESS,91.64,241.55,3265.14,1.45,51.84,GREEN,997.08,DOUBLE_LINE_AUTOMATIC,468.62,NORMAL
PREMIUM_SUPERFAST,87.66,335.68,2957.62,0.24,42.27,YELLOW,767.71,BROAD_GAUGE_NON_ELECTRIFIED,431.46,NORMAL
FREIGHT_GOODS,73.59,582.43,3016.04,1.94,36.03,YELLOW,610.12,DOUBLE_LINE_AUTOMATIC,312.27,NORMAL
PREMIUM_SUPERFAST,137.48,425.2,2486.33,0.57,20.35,DOUBLE_YELLOW,1629.57,BROAD_GAUGE_ELECTRIFIED,1006.97,NORMAL
SUPERFAST_EXPRESS,40.35,681.97,1344.2,-1.49,10.69,YELLOW,369.06,DOUBLE_LINE_AUTOMATIC,114.6,NORMAL
FREIGHT_GOODS,90.8,363.89,510.45,1.64,41.26,DOUBLE_YELLOW,2158.74,DOUBLE_LINE_AUTOMATIC,460.63,NORMAL
PREMIUM_SUPERFAST,28.69,206.53,3300.53,0.62,20.4,RED_STOP,1678.85,DOUBLE_LINE_AUTOMATIC,59.6,NORMAL
FREIGHT_GOODS,29.96,365.36,2216.97,-3.41,48.62,YELLOW,1791.3,DOUBLE_LINE_AUTOMATIC,75.83,NORMAL
FREIGHT_GOODS,100.34,517.94,1324.24,2.81,30.99,GREEN,2341.59,BROAD_GAUGE_ELECTRIFIED,555.23,NORMAL
SUPERFAST_EXPRESS,99.24,406.77,862.32,0.32,33.88,DOUBLE_YELLOW,2358.81,DOUBLE_LINE_AUTOMATIC,543.89,NORMAL
FREIGHT_GOODS,142.92,494.18,2971.52,2.58,43.93,YELLOW,1401.55,BROAD_GAUGE_NON_ELECTRIFIED,1084.37,NORMAL
PREMIUM_SUPERFAST,98.1,682.13,2993.21,2.68,45.07,DOUBLE_YELLOW,1263.68,DOUBLE_LINE_AUTOMATIC,532.25,NORMAL
PREMIUM_SUPERFAST,154.37,701.87,2924.97,-0.39,38.92,GREEN,871.68,BROAD_GAUGE_NON_ELECTRIFIED,1284.78,NORMAL
SUPERFAST_EXPRESS,26.82,346.29,2399.76,0.05,52.23,GREEN,1803.15,BROAD_GAUGE_ELECTRIFIED,53.31,NORMAL
PASSENGER_LOCAL,33.72,454.18,1534.65,-0.59,54.2,GREEN,1368.61,DOUBLE_LINE_AUTOMATIC,80.35,NORMAL
PASSENGER_LOCAL,26.17,502.03,1342.62,-0.35,52.61,RED_STOP,2335.54,BROAD_GAUGE_NON_ELECTRIFIED,51.95,NORMAL
SUPERFAST_EXPRESS,45.94,722.01,426.52,2.77,47.09,RED_STOP,634.63,DOUBLE_LINE_AUTOMATIC,133.68,NORMAL
SUPERFAST_EXPRESS,95.78,749.24,2984.18,2.02,41.75,GREEN,810.12,DOUBLE_LINE_AUTOMATIC,508.9,NORMAL
PASSENGER_LOCAL,110.38,329.47,671.04,-2.61,39.85,RED_STOP,824.42,BROAD_GAUGE_NON_ELECTRIFIED,778.97,NORMAL
PASSENGER_LOCAL,26.38,599.84,2355.34,0.77,14.67,RED_STOP,2024.7,BROAD_GAUGE_ELECTRIFIED,51.89,NORMAL
PREMIUM_SUPERFAST,152.44,407.92,1962.63,3.47,22.22,RED_STOP,292.65,BROAD_GAUGE_ELECTRIFIED,1226.46,CRITICAL
PREMIUM_SUPERFAST,137.9,204.46,2032.74,0.67,10.26,RED_STOP,1166.34,BROAD_GAUGE_ELECTRIFIED,1012.88,NORMAL
PREMIUM_SUPERFAST,61.53,205.09,3272.81,2.0,16.18,RED_STOP,1097.57,BROAD_GAUGE_ELECTRIFIED,225.28,NORMAL
PASSENGER_LOCAL,30.81,453.31,498.01,1.88,29.77,RED_STOP,229.19,BROAD_GAUGE_ELECTRIFIED,67.16,NORMAL
SUPERFAST_EXPRESS,43.78,468.58,2797.52,-1.05,16.59,GREEN,1056.45,BROAD_GAUGE_ELECTRIFIED,129.33,NORMAL
FREIGHT_GOODS,37.77,212.41,561.36,-0.9,50.57,RED_STOP,1307.78,DOUBLE_LINE_AUTOMATIC,99.12,NORMAL
PREMIUM_SUPERFAST,37.26,577.81,518.28,1.57,46.26,RED_STOP,209.51,DOUBLE_LINE_AUTOMATIC,92.83,NORMAL
FREIGHT_GOODS,92.6,361.7,1732.43,-0.0,13.22,DOUBLE_YELLOW,1299.16,BROAD_GAUGE_NON_ELECTRIFIED,477.82,NORMAL
SUPERFAST_EXPRESS,54.42,507.94,595.53,0.49,21.2,DOUBLE_YELLOW,2400.13,BROAD_GAUGE_ELECTRIFIED,180.6,NORMAL
PASSENGER_LOCAL,70.14,365.51,2846.35,1.49,46.86,RED_STOP,2448.34,BROAD_GAUGE_ELECTRIFIED,285.96,NORMAL
PREMIUM_SUPERFAST,158.53,291.92,2041.65,1.94,46.14,YELLOW,1352.62,BROAD_GAUGE_ELECTRIFIED,1322.09,WARNING
PASSENGER_LOCAL,115.8,423.95,490.02,-1.6,52.55,YELLOW,1311.99,BROAD_GAUGE_NON_ELECTRIFIED,798.98,NORMAL
SUPERFAST_EXPRESS,152.86,327.75,525.55,-2.47,54.89,RED_STOP,749.5,DOUBLE_LINE_AUTOMATIC,1438.9,CRITICAL
PREMIUM_SUPERFAST,39.96,494.14,2299.27,-1.46,53.93,GREEN,2492.93,DOUBLE_LINE_AUTOMATIC,112.46,NORMAL
SUPERFAST_EXPRESS,73.5,309.36,2898.95,0.05,28.46,GREEN,721.86,BROAD_GAUGE_ELECTRIFIED,311.56,NORMAL
SUPERFAST_EXPRESS,97.66,479.62,1757.18,-1.11,21.26,DOUBLE_YELLOW,1159.61,DOUBLE_LINE_AUTOMATIC,561.92,NORMAL
PREMIUM_SUPERFAST,30.75,286.56,2119.2,0.48,44.13,GREEN,57.19,DOUBLE_LINE_AUTOMATIC,66.94,NORMAL
FREIGHT_GOODS,20.59,569.04,2879.47,-3.13,23.47,GREEN,905.62,DOUBLE_LINE_AUTOMATIC,39.7,NORMAL
PREMIUM_SUPERFAST,113.86,614.67,2292.57,0.07,46.29,GREEN,225.03,BROAD_GAUGE_ELECTRIFIED,704.28,NORMAL
PASSENGER_LOCAL,109.85,260.72,1096.76,-0.92,34.03,RED_STOP,1872.37,DOUBLE_LINE_AUTOMATIC,693.95,NORMAL
FREIGHT_GOODS,77.51,457.29,2300.46,0.24,45.73,RED_STOP,1424.49,DOUBLE_LINE_AUTOMATIC,343.56,NORMAL
PREMIUM_SUPERFAST,88.55,238.98,2347.67,-0.54,22.41,YELLOW,1451.82,BROAD_GAUGE_NON_ELECTRIFIED,452.9,NORMAL
PREMIUM_SUPERFAST,78.16,529.0,2675.73,-1.51,32.86,DOUBLE_YELLOW,751.95,BROAD_GAUGE_ELECTRIFIED,379.61,NORMAL
PREMIUM_SUPERFAST,23.36,345.42,2324.71,2.83,35.38,YELLOW,2046.5,DOUBLE_LINE_AUTOMATIC,42.54,NORMAL
PREMIUM_SUPERFAST,66.95,490.19,3404.65,-2.21,52.44,GREEN,58.01,BROAD_GAUGE_ELECTRIFIED,297.25,NORMAL
PREMIUM_SUPERFAST,44.79,484.6,1011.59,1.27,22.0,GREEN,867.32,DOUBLE_LINE_AUTOMATIC,127.86,NORMAL
PASSENGER_LOCAL,33.78,708.39,3348.38,2.97,52.15,YELLOW,1665.77,BROAD_GAUGE_ELECTRIFIED,78.49,NORMAL
SUPERFAST_EXPRESS,153.94,502.0,2068.85,0.27,46.22,YELLOW,2274.41,DOUBLE_LINE_AUTOMATIC,1249.74,NORMAL
PASSENGER_LOCAL,103.91,520.65,2483.06,2.63,42.89,RED_STOP,624.81,DOUBLE_LINE_AUTOMATIC,592.87,NORMAL
SUPERFAST_EXPRESS,122.01,420.91,708.33,-2.63,45.41,RED_STOP,1375.7,BROAD_GAUGE_NON_ELECTRIFIED,943.62,NORMAL
PREMIUM_SUPERFAST,64.15,721.99,1579.79,-0.04,37.24,DOUBLE_YELLOW,1368.08,BROAD_GAUGE_ELECTRIFIED,243.55,NORMAL
PASSENGER_LOCAL,75.04,627.45,2785.08,-0.3,20.98,RED_STOP,2191.73,DOUBLE_LINE_AUTOMATIC,328.88,NORMAL
SUPERFAST_EXPRESS,53.17,356.97,2591.42,-3.44,18.53,GREEN,173.77,BROAD_GAUGE_NON_ELECTRIFIED,210.64,NORMAL
SUPERFAST_EXPRESS,33.58,664.32,524.43,-0.4,48.99,GREEN,1089.97,BROAD_GAUGE_NON_ELECTRIFIED,79.06,NORMAL
PREMIUM_SUPERFAST,45.06,437.82,2094.44,-0.92,42.63,YELLOW,497.04,BROAD_GAUGE_ELECTRIFIED,135.18,NORMAL
PREMIUM_SUPERFAST,131.65,655.77,673.66,1.19,19.59,DOUBLE_YELLOW,102.75,BROAD_GAUGE_ELECTRIFIED,927.28,WARNING
FREIGHT_GOODS,114.86,652.59,3487.15,3.07,37.68,RED_STOP,410.23,BROAD_GAUGE_NON_ELECTRIFIED,715.95,CRITICAL
FREIGHT_GOODS,96.57,303.88,3181.62,-2.9,30.14,DOUBLE_YELLOW,2442.35,BROAD_GAUGE_ELECTRIFIED,616.34,NORMAL
SUPERFAST_EXPRESS,86.51,585.63,465.35,-1.21,17.14,GREEN,576.38,BROAD_GAUGE_ELECTRIFIED,450.48,NORMAL
FREIGHT_GOODS,149.14,359.85,3061.81,-0.39,33.93,GREEN,2340.83,BROAD_GAUGE_ELECTRIFIED,1203.15,NORMAL
PASSENGER_LOCAL,30.18,363.62,3250.23,-0.31,22.67,RED_STOP,552.87,DOUBLE_LINE_AUTOMATIC,65.77,NORMAL
SUPERFAST_EXPRESS,59.28,362.99,1496.0,1.92,14.33,RED_STOP,2331.67,BROAD_GAUGE_ELECTRIFIED,210.66,NORMAL
PASSENGER_LOCAL,68.99,599.06,2630.46,-0.4,31.01,RED_STOP,1653.82,BROAD_GAUGE_ELECTRIFIED,283.28,NORMAL
FREIGHT_GOODS,129.54,326.4,1770.52,-3.31,36.55,YELLOW,327.39,BROAD_GAUGE_NON_ELECTRIFIED,1110.27,WARNING
PASSENGER_LOCAL,158.95,200.5,2431.22,1.47,12.11,GREEN,1475.69,BROAD_GAUGE_NON_ELECTRIFIED,1328.83,NORMAL
SUPERFAST_EXPRESS,53.69,593.38,1454.98,2.69,28.09,YELLOW,830.36,BROAD_GAUGE_NON_ELECTRIFIED,176.32,NORMAL
PASSENGER_LOCAL,142.4,294.15,1399.93,0.1,21.59,GREEN,988.73,BROAD_GAUGE_ELECTRIFIED,1076.83,NORMAL
SUPERFAST_EXPRESS,136.29,257.47,1715.75,0.57,11.38,RED_STOP,1128.42,BROAD_GAUGE_ELECTRIFIED,990.39,NORMAL
FREIGHT_GOODS,51.45,330.63,851.26,-2.36,15.65,GREEN,1085.63,BROAD_GAUGE_NON_ELECTRIFIED,185.48,NORMAL
SUPERFAST_EXPRESS,75.91,408.95,2976.53,-1.96,16.26,GREEN,1677.07,BROAD_GAUGE_NON_ELECTRIFIED,369.27,NORMAL
FREIGHT_GOODS,77.35,461.75,1480.96,-1.85,18.23,DOUBLE_YELLOW,1932.5,DOUBLE_LINE_AUTOMATIC,380.1,NORMAL
PREMIUM_SUPERFAST,156.95,224.51,1640.46,-0.48,46.15,GREEN,856.49,DOUBLE_LINE_AUTOMATIC,1334.08,NORMAL
FREIGHT_GOODS,45.32,733.82,3171.57,3.0,29.78,GREEN,2314.69,DOUBLE_LINE_AUTOMATIC,130.55,NORMAL
SUPERFAST_EXPRESS,131.88,593.83,1939.53,0.15,16.62,DOUBLE_YELLOW,2349.24,BROAD_GAUGE_ELECTRIFIED,930.36,NORMAL
SUPERFAST_EXPRESS,66.79,377.76,2087.19,-2.16,14.51,RED_STOP,149.69,BROAD_GAUGE_ELECTRIFIED,294.98,CRITICAL
PREMIUM_SUPERFAST,122.32,375.28,3365.14,-1.64,23.41,DOUBLE_YELLOW,86.53,BROAD_GAUGE_NON_ELECTRIFIED,888.79,WARNING
PREMIUM_SUPERFAST,78.8,446.7,3148.85,-0.81,45.91,RED_STOP,1091.41,DOUBLE_LINE_AUTOMATIC,370.2,NORMAL
FREIGHT_GOODS,100.97,544.43,925.35,0.86,26.4,RED_STOP,1497.08,BROAD_GAUGE_ELECTRIFIED,561.78,NORMAL
PASSENGER_LOCAL,136.57,280.51,1866.97,-0.42,17.2,RED_STOP,730.87,DOUBLE_LINE_AUTOMATIC,1018.48,CRITICAL
PASSENGER_LOCAL,132.58,303.91,3411.02,-0.75,28.19,GREEN,685.56,DOUBLE_LINE_AUTOMATIC,981.65,NORMAL
PREMIUM_SUPERFAST,141.3,672.69,1554.34,0.45,34.99,DOUBLE_YELLOW,1711.92,BROAD_GAUGE_ELECTRIFIED,1060.97,NORMAL
FREIGHT_GOODS,28.35,340.94,1551.88,-1.81,11.33,DOUBLE_YELLOW,1524.18,DOUBLE_LINE_AUTOMATIC,63.37,NORMAL
PREMIUM_SUPERFAST,116.89,409.11,1004.59,-2.95,38.24,DOUBLE_YELLOW,459.51,BROAD_GAUGE_NON_ELECTRIFIED,888.85,WARNING
PREMIUM_SUPERFAST,39.6,679.2,754.4,-3.33,27.78,DOUBLE_YELLOW,2217.03,BROAD_GAUGE_NON_ELECTRIFIED,122.98,NORMAL
SUPERFAST_EXPRESS,78.21,564.73,2694.94,-1.74,10.44,YELLOW,1715.94,BROAD_GAUGE_ELECTRIFIED,385.36,NORMAL
SUPERFAST_EXPRESS,96.8,387.94,2787.09,-2.86,40.33,GREEN,938.31,DOUBLE_LINE_AUTOMATIC,617.44,NORMAL
SUPERFAST_EXPRESS,76.38,576.03,3403.94,-1.15,42.06,YELLOW,1724.88,BROAD_GAUGE_NON_ELECTRIFIED,356.11,NORMAL
PREMIUM_SUPERFAST,92.75,210.83,2797.6,1.91,38.3,GREEN,326.0,DOUBLE_LINE_AUTOMATIC,479.23,NORMAL
FREIGHT_GOODS,159.51,604.6,1154.39,1.51,25.39,DOUBLE_YELLOW,1197.23,BROAD_GAUGE_NON_ELECTRIFIED,1337.85,WARNING
PASSENGER_LOCAL,38.93,467.86,524.36,0.78,33.83,YELLOW,464.01,BROAD_GAUGE_NON_ELECTRIFIED,100.12,NORMAL
PASSENGER_LOCAL,114.56,647.25,3454.86,2.47,27.42,RED_STOP,151.51,DOUBLE_LINE_AUTOMATIC,712.51,CRITICAL
SUPERFAST_EXPRESS,75.44,725.05,1455.4,-1.53,41.53,DOUBLE_YELLOW,878.9,BROAD_GAUGE_ELECTRIFIED,355.78,NORMAL
FREIGHT_GOODS,38.62,709.18,1367.11,2.7,36.26,DOUBLE_YELLOW,419.3,BROAD_GAUGE_ELECTRIFIED,98.75,NORMAL
SUPERFAST_EXPRESS,42.22,700.1,3208.46,-0.71,13.68,RED_STOP,1602.12,BROAD_GAUGE_ELECTRIFIED,119.26,NORMAL
FREIGHT_GOODS,152.9,481.69,2213.81,-0.69,38.94,DOUBLE_YELLOW,1701.47,DOUBLE_LINE_AUTOMATIC,1284.68,NORMAL
FREIGHT_GOODS,143.14,398.08,1066.1,-0.66,40.93,GREEN,414.3,DOUBLE_LINE_AUTOMATIC,1130.24,NORMAL
FREIGHT_GOODS,146.99,455.77,3156.2,-2.81,26.68,DOUBLE_YELLOW,110.3,DOUBLE_LINE_AUTOMATIC,1366.26,WARNING
PREMIUM_SUPERFAST,158.81,579.44,3479.42,3.33,49.41,GREEN,1992.39,BROAD_GAUGE_ELECTRIFIED,1326.63,WARNING
FREIGHT_GOODS,49.16,686.2,668.7,-2.53,47.94,GREEN,55.04,DOUBLE_LINE_AUTOMATIC,172.61,NORMAL
PREMIUM_SUPERFAST,69.76,313.84,3072.98,-1.11,17.88,DOUBLE_YELLOW,892.59,BROAD_GAUGE_ELECTRIFIED,300.7,NORMAL
PASSENGER_LOCAL,113.69,705.01,1610.6,-1.26,50.69,RED_STOP,1261.73,BROAD_GAUGE_NON_ELECTRIFIED,755.8,NORMAL
PASSENGER_LOCAL,87.73,648.35,2024.62,-2.98,29.84,GREEN,2055.67,BROAD_GAUGE_ELECTRIFIED,516.97,NORMAL
PREMIUM_SUPERFAST,78.57,738.37,3235.93,-2.43,42.57,YELLOW,2104.47,BROAD_GAUGE_ELECTRIFIED,405.73,NORMAL
PASSENGER_LOCAL,70.09,684.14,3417.48,-3.19,46.63,GREEN,1826.1,BROAD_GAUGE_ELECTRIFIED,344.52,NORMAL
PASSENGER_LOCAL,103.13,353.97,1212.71,-1.45,32.73,RED_STOP,655.63,DOUBLE_LINE_AUTOMATIC,635.76,NORMAL
SUPERFAST_EXPRESS,100.58,258.28,1059.84,2.57,27.96,DOUBLE_YELLOW,1814.46,BROAD_GAUGE_ELECTRIFIED,557.74,NORMAL
PREMIUM_SUPERFAST,42.6,261.73,649.6,-1.12,51.2,RED_STOP,654.02,BROAD_GAUGE_NON_ELECTRIFIED,123.73,NORMAL
PREMIUM_SUPERFAST,86.04,360.17,2141.57,-2.63,20.39,RED_STOP,575.79,BROAD_GAUGE_NON_ELECTRIFIED,487.15,NORMAL
PREMIUM_SUPERFAST,97.49,537.8,442.17,1.02,21.56,DOUBLE_YELLOW,1390.46,BROAD_GAUGE_NON_ELECTRIFIED,526.01,NORMAL
SUPERFAST_EXPRESS,99.84,642.38,1676.88,3.48,26.27,YELLOW,1713.19,BROAD_GAUGE_NON_ELECTRIFIED,550.05,NORMAL
PREMIUM_SUPERFAST,49.42,694.59,627.49,-1.87,48.68,YELLOW,179.98,BROAD_GAUGE_NON_ELECTRIFIED,167.69,WARNING
PASSENGER_LOCAL,123.92,543.06,1656.2,-1.54,52.25,GREEN,197.06,BROAD_GAUGE_NON_ELECTRIFIED,905.62,NORMAL
FREIGHT_GOODS,23.53,203.1,523.79,3.3,19.9,GREEN,1971.22,BROAD_GAUGE_ELECTRIFIED,43.03,NORMAL
SUPERFAST_EXPRESS,69.68,302.47,2989.17,-2.25,48.87,YELLOW,2155.77,DOUBLE_LINE_AUTOMATIC,320.79,NORMAL
SUPERFAST_EXPRESS,129.23,254.85,1050.19,0.08,21.62,DOUBLE_YELLOW,1530.88,DOUBLE_LINE_AUTOMATIC,895.12,NORMAL
PREMIUM_SUPERFAST,98.95,399.83,1417.76,-1.82,53.68,RED_STOP,1100.63,BROAD_GAUGE_NON_ELECTRIFIED,601.53,NORMAL
FREIGHT_GOODS,56.56,475.74,3097.15,3.03,36.88,DOUBLE_YELLOW,2121.03,BROAD_GAUGE_ELECTRIFIED,193.57,NORMAL
FREIGHT_GOODS,117.29,223.87,2713.42,3.37,10.32,RED_STOP,1835.6,BROAD_GAUGE_NON_ELECTRIFIED,744.93,NORMAL
FREIGHT_GOODS,99.43,391.66,1079.02,2.2,11.54,RED_STOP,1470.01,BROAD_GAUGE_NON_ELECTRIFIED,545.87,NORMAL
PASSENGER_LOCAL,131.47,298.55,622.89,-1.3,16.64,YELLOW,833.4,BROAD_GAUGE_NON_ELECTRIFIED,998.4,WARNING
FREIGHT_GOODS,122.9,555.89,2618.59,-0.68,18.44,YELLOW,535.09,BROAD_GAUGE_NON_ELECTRIFIED,845.92,WARNING
PREMIUM_SUPERFAST,105.42,455.35,1611.18,-1.8,44.54,DOUBLE_YELLOW,1075.75,DOUBLE_LINE_AUTOMATIC,677.2,NORMAL
PASSENGER_LOCAL,88.34,472.42,2774.85,2.74,20.02,RED_STOP,752.72,DOUBLE_LINE_AUTOMATIC,437.74,NORMAL
FREIGHT_GOODS,38.65,435.23,1780.41,2.9,53.61,DOUBLE_YELLOW,881.18,BROAD_GAUGE_ELECTRIFIED,98.86,NORMAL
PREMIUM_SUPERFAST,56.59,725.81,1472.61,-0.57,38.63,GREEN,1313.3,BROAD_GAUGE_ELECTRIFIED,199.4,NORMAL
PASSENGER_LOCAL,78.67,318.1,1798.74,1.1,41.16,YELLOW,464.28,BROAD_GAUGE_NON_ELECTRIFIED,353.13,NORMAL
PASSENGER_LOCAL,103.9,484.17,2720.53,-2.34,19.8,YELLOW,2025.13,DOUBLE_LINE_AUTOMATIC,682.01,NORMAL
FREIGHT_GOODS,91.92,604.81,3196.88,-0.46,50.17,RED_STOP,406.55,BROAD_GAUGE_NON_ELECTRIFIED,483.23,CRITICAL
PASSENGER_LOCAL,60.35,506.26,554.28,0.92,40.05,YELLOW,1228.43,DOUBLE_LINE_AUTOMATIC,217.53,NORMAL
SUPERFAST_EXPRESS,20.91,710.96,2024.75,-0.8,48.9,DOUBLE_YELLOW,1877.63,DOUBLE_LINE_AUTOMATIC,36.71,NORMAL
PREMIUM_SUPERFAST,89.47,407.88,501.79,-1.0,53.04,RED_STOP,1238.3,BROAD_GAUGE_ELECTRIFIED,473.85,NORMAL
FREIGHT_GOODS,59.99,455.02,1852.07,-3.49,15.65,RED_STOP,934.5,BROAD_GAUGE_ELECTRIFIED,263.66,NORMAL
PREMIUM_SUPERFAST,122.85,248.69,3144.38,2.13,14.35,GREEN,1213.48,DOUBLE_LINE_AUTOMATIC,813.07,NORMAL
PREMIUM_SUPERFAST,23.35,534.95,1520.93,2.73,46.15,DOUBLE_YELLOW,2129.24,BROAD_GAUGE_ELECTRIFIED,42.52,NORMAL
SUPERFAST_EXPRESS,101.88,358.52,3290.6,3.29,48.98,RED_STOP,2476.56,BROAD_GAUGE_NON_ELECTRIFIED,571.26,NORMAL
PASSENGER_LOCAL,151.81,288.17,2354.89,1.53,36.27,YELLOW,1596.3,DOUBLE_LINE_AUTOMATIC,1216.78,NORMAL
SUPERFAST_EXPRESS,44.42,499.49,3295.88,0.34,26.47,YELLOW,1993.94,DOUBLE_LINE_AUTOMATIC,125.99,NORMAL
SUPERFAST_EXPRESS,86.03,492.77,2747.22,-1.62,39.37,RED_STOP,85.5,DOUBLE_LINE_AUTOMATIC,456.75,CRITICAL
PASSENGER_LOCAL,32.8,241.73,720.65,3.5,23.75,YELLOW,2206.89,BROAD_GAUGE_NON_ELECTRIFIED,74.66,NORMAL
FREIGHT_GOODS,107.6,584.02,1116.57,0.63,20.73,RED_STOP,2387.42,DOUBLE_LINE_AUTOMATIC,633.01,NORMAL
PREMIUM_SUPERFAST,97.07,543.07,1621.93,1.27,31.97,RED_STOP,1459.16,BROAD_GAUGE_ELECTRIFIED,521.86,NORMAL
FREIGHT_GOODS,77.03,303.96,927.33,1.28,19.73,RED_STOP,1896.82,BROAD_GAUGE_NON_ELECTRIFIED,339.65,NORMAL
FREIGHT_GOODS,92.99,458.19,1934.23,2.42,31.77,YELLOW,1306.22,DOUBLE_LINE_AUTOMATIC,481.61,NORMAL
SUPERFAST_EXPRESS,145.52,596.18,1861.24,-3.43,53.05,YELLOW,751.2,BROAD_GAUGE_NON_ELECTRIFIED,1401.19,WARNING
PASSENGER_LOCAL,47.48,491.19,3364.4,-1.96,47.79,DOUBLE_YELLOW,2138.01,BROAD_GAUGE_NON_ELECTRIFIED,156.86,NORMAL
PASSENGER_LOCAL,23.16,417.52,1744.56,1.16,52.37,GREEN,1512.25,BROAD_GAUGE_ELECTRIFIED,41.95,NORMAL
PREMIUM_SUPERFAST,140.63,377.29,2835.44,2.77,46.28,YELLOW,1469.49,BROAD_GAUGE_ELECTRIFIED,1051.45,NORMAL
PASSENGER_LOCAL,100.8,535.72,3319.92,1.3,25.96,RED_STOP,1664.87,BROAD_GAUGE_ELECTRIFIED,559.96,NORMAL
FREIGHT_GOODS,144.69,716.51,3118.67,-0.61,46.54,YELLOW,2147.21,DOUBLE_LINE_AUTOMATIC,1149.83,NORMAL
PASSENGER_LOCAL,103.57,569.46,1046.87,-0.97,51.53,YELLOW,1843.17,DOUBLE_LINE_AUTOMATIC,622.6,NORMAL
PASSENGER_LOCAL,133.42,241.11,1937.69,1.67,52.62,RED_STOP,567.25,BROAD_GAUGE_ELECTRIFIED,951.14,CRITICAL
FREIGHT_GOODS,80.15,453.38,1477.99,1.69,40.74,DOUBLE_YELLOW,1193.72,BROAD_GAUGE_ELECTRIFIED,365.5,NORMAL
PREMIUM_SUPERFAST,124.98,689.95,1639.56,0.75,19.51,RED_STOP,2451.73,DOUBLE_LINE_AUTOMATIC,840.08,NORMAL
PREMIUM_SUPERFAST,147.83,251.95,1518.5,-1.46,11.79,DOUBLE_YELLOW,1408.67,BROAD_GAUGE_ELECTRIFIED,1262.3,WARNING
FREIGHT_GOODS,100.1,743.88,2961.71,2.98,16.62,YELLOW,2348.7,BROAD_GAUGE_NON_ELECTRIFIED,552.7,NORMAL
PASSENGER_LOCAL,45.31,721.99,1801.63,0.36,53.45,RED_STOP,2042.76,BROAD_GAUGE_NON_ELECTRIFIED,130.47,NORMAL
PASSENGER_LOCAL,57.63,243.05,2023.45,2.03,30.79,YELLOW,1681.76,BROAD_GAUGE_NON_ELECTRIFIED,200.2,NORMAL
PREMIUM_SUPERFAST,47.81,713.38,3445.59,-2.0,48.47,RED_STOP,905.94,DOUBLE_LINE_AUTOMATIC,159.18,NORMAL
PREMIUM_SUPERFAST,54.56,399.72,585.94,-1.09,30.93,YELLOW,795.58,BROAD_GAUGE_ELECTRIFIED,191.96,NORMAL
PREMIUM_SUPERFAST,62.9,664.59,1912.67,2.62,39.74,YELLOW,1626.38,BROAD_GAUGE_NON_ELECTRIFIED,234.47,NORMAL
SUPERFAST_EXPRESS,97.72,430.11,2799.59,-3.15,11.09,YELLOW,1109.78,DOUBLE_LINE_AUTOMATIC,641.21,NORMAL
PREMIUM_SUPERFAST,102.32,442.47,868.6,0.09,21.24,RED_STOP,2006.95,BROAD_GAUGE_ELECTRIFIED,575.93,NORMAL
PASSENGER_LOCAL,79.71,548.83,2295.75,-0.13,29.63,DOUBLE_YELLOW,1913.12,BROAD_GAUGE_ELECTRIFIED,364.23,NORMAL
PREMIUM_SUPERFAST,106.16,625.96,1142.34,1.76,38.38,YELLOW,814.72,BROAD_GAUGE_NON_ELECTRIFIED,617.21,NORMAL
PASSENGER_LOCAL,31.42,218.58,3088.95,-1.53,17.72,RED_STOP,1771.69,BROAD_GAUGE_ELECTRIFIED,74.45,NORMAL
PASSENGER_LOCAL,32.29,526.24,1414.01,-1.97,44.4,RED_STOP,1261.65,BROAD_GAUGE_ELECTRIFIED,79.75,NORMAL
PASSENGER_LOCAL,44.06,302.7,1420.09,2.98,26.4,YELLOW,842.07,BROAD_GAUGE_NON_ELECTRIFIED,124.2,NORMAL
PREMIUM_SUPERFAST,92.53,390.27,2254.4,0.5,46.78,YELLOW,1061.77,BROAD_GAUGE_NON_ELECTRIFIED,477.16,NORMAL
PREMIUM_SUPERFAST,49.96,391.38,969.05,-2.77,14.41,DOUBLE_YELLOW,2243.61,BROAD_GAUGE_ELECTRIFIED,180.23,NORMAL
FREIGHT_GOODS,59.66,457.98,1283.15,-2.15,40.59,YELLOW,930.82,DOUBLE_LINE_AUTOMATIC,239.71,NORMAL
PREMIUM_SUPERFAST,76.04,383.78,1691.56,3.49,23.2,DOUBLE_YELLOW,754.13,DOUBLE_LINE_AUTOMATIC,331.68,NORMAL
PREMIUM_SUPERFAST,133.66,259.05,1496.28,-2.13,45.79,GREEN,911.93,BROAD_GAUGE_NON_ELECTRIFIED,1086.74,NORMAL
PREMIUM_SUPERFAST,21.94,280.1,2027.12,0.77,28.1,RED_STOP,575.82,BROAD_GAUGE_ELECTRIFIED,38.45,NORMAL
SUPERFAST_EXPRESS,110.91,218.39,2258.88,-0.56,39.94,DOUBLE_YELLOW,1384.36,BROAD_GAUGE_NON_ELECTRIFIED,691.76,NORMAL
PREMIUM_SUPERFAST,113.64,458.64,2156.67,2.7,52.04,YELLOW,411.22,DOUBLE_LINE_AUTOMATIC,701.73,WARNING
SUPERFAST_EXPRESS,131.81,724.95,2427.92,1.79,10.93,DOUBLE_YELLOW,2052.74,DOUBLE_LINE_AUTOMATIC,929.42,NORMAL
PASSENGER_LOCAL,150.59,263.62,1354.02,0.68,10.5,YELLOW,602.67,BROAD_GAUGE_ELECTRIFIED,1198.13,WARNING
PASSENGER_LOCAL,22.82,720.45,791.92,-3.42,44.66,DOUBLE_YELLOW,1515.23,BROAD_GAUGE_NON_ELECTRIFIED,47.8,NORMAL
PASSENGER_LOCAL,41.53,603.35,2758.5,2.66,39.09,RED_STOP,356.31,BROAD_GAUGE_NON_ELECTRIFIED,112.02,NORMAL
PASSENGER_LOCAL,144.06,550.62,3037.42,-0.39,23.18,DOUBLE_YELLOW,2447.21,DOUBLE_LINE_AUTOMATIC,1125.76,NORMAL
SUPERFAST_EXPRESS,84.19,554.9,1196.72,3.02,32.25,GREEN,1163.71,BROAD_GAUGE_NON_ELECTRIFIED,400.31,NORMAL
SUPERFAST_EXPRESS,99.04,654.7,1661.99,-0.03,11.89,RED_STOP,2064.32,BROAD_GAUGE_NON_ELECTRIFIED,542.77,NORMAL
PASSENGER_LOCAL,112.82,258.81,1945.56,1.36,18.66,DOUBLE_YELLOW,1933.19,BROAD_GAUGE_NON_ELECTRIFIED,692.22,NORMAL
PREMIUM_SUPERFAST,115.07,477.61,2053.31,-3.01,29.1,GREEN,1798.55,BROAD_GAUGE_ELECTRIFIED,866.72,NORMAL
PASSENGER_LOCAL,150.44,583.4,2444.42,1.72,47.53,GREEN,2077.04,DOUBLE_LINE_AUTOMATIC,1195.97,NORMAL
PASSENGER_LOCAL,159.57,522.75,528.97,-1.13,31.59,DOUBLE_YELLOW,296.14,BROAD_GAUGE_NON_ELECTRIFIED,1432.48,WARNING
SUPERFAST_EXPRESS,120.82,658.03,2636.58,-1.04,36.39,RED_STOP,1712.32,BROAD_GAUGE_ELECTRIFIED,836.86,NORMAL
PASSENGER_LOCAL,60.21,239.75,592.11,-2.67,49.32,DOUBLE_YELLOW,701.28,BROAD_GAUGE_NON_ELECTRIFIED,251.66,NORMAL
SUPERFAST_EXPRESS,143.17,579.89,1851.69,-2.47,23.9,RED_STOP,1975.39,BROAD_GAUGE_NON_ELECTRIFIED,1268.48,NORMAL
FREIGHT_GOODS,26.89,493.72,2965.78,-2.2,41.53,RED_STOP,2394.33,DOUBLE_LINE_AUTOMATIC,59.11,NORMAL
SUPERFAST_EXPRESS,52.35,408.54,1798.77,-1.2,48.78,DOUBLE_YELLOW,2258.65,BROAD_GAUGE_ELECTRIFIED,179.27,NORMAL
PASSENGER_LOCAL,145.63,387.15,862.18,2.74,19.12,GREEN,331.63,BROAD_GAUGE_NON_ELECTRIFIED,1123.96,NORMAL
PREMIUM_SUPERFAST,55.87,541.46,3453.6,-0.92,26.04,RED_STOP,955.4,DOUBLE_LINE_AUTOMATIC,198.52,NORMAL
SUPERFAST_EXPRESS,50.89,690.05,3156.78,1.57,54.09,YELLOW,942.59,BROAD_GAUGE_ELECTRIFIED,160.24,NORMAL
SUPERFAST_EXPRESS,39.34,472.9,2791.07,-2.92,54.24,YELLOW,349.63,BROAD_GAUGE_NON_ELECTRIFIED,118.61,NORMAL
SUPERFAST_EXPRESS,140.28,653.6,1675.69,0.64,20.05,GREEN,290.41,DOUBLE_LINE_AUTOMATIC,1046.36,NORMAL
PASSENGER_LOCAL,90.01,421.19,969.92,-0.13,12.99,GREEN,992.98,BROAD_GAUGE_NON_ELECTRIFIED,456.32,NORMAL
PASSENGER_LOCAL,114.49,256.32,3318.37,3.35,22.19,DOUBLE_YELLOW,2480.58,BROAD_GAUGE_NON_ELECTRIFIED,711.58,NORMAL
SUPERFAST_EXPRESS,53.47,233.83,2050.29,2.42,27.9,RED_STOP,1443.91,BROAD_GAUGE_ELECTRIFIED,175.01,NORMAL
PREMIUM_SUPERFAST,126.13,228.23,3042.3,-0.32,29.85,DOUBLE_YELLOW,1573.36,DOUBLE_LINE_AUTOMATIC,870.21,NORMAL
PASSENGER_LOCAL,126.4,409.08,1460.49,1.93,37.85,YELLOW,1204.0,BROAD_GAUGE_ELECTRIFIED,858.28,NORMAL
PREMIUM_SUPERFAST,63.76,385.48,1439.39,-2.15,50.48,YELLOW,1672.71,BROAD_GAUGE_NON_ELECTRIFIED,270.77,NORMAL
FREIGHT_GOODS,77.5,594.87,3455.18,0.44,24.87,RED_STOP,2393.82,DOUBLE_LINE_AUTOMATIC,343.44,NORMAL
PREMIUM_SUPERFAST,49.36,608.55,2017.68,-2.98,48.25,RED_STOP,1492.31,BROAD_GAUGE_NON_ELECTRIFIED,178.62,NORMAL
PASSENGER_LOCAL,156.72,227.97,836.16,-1.06,14.21,YELLOW,209.34,BROAD_GAUGE_NON_ELECTRIFIED,1377.6,WARNING
SUPERFAST_EXPRESS,110.38,321.62,1080.99,-1.92,11.88,DOUBLE_YELLOW,1257.58,BROAD_GAUGE_NON_ELECTRIFIED,744.35,NORMAL
FREIGHT_GOODS,150.84,350.84,1894.03,1.53,32.68,RED_STOP,2482.24,DOUBLE_LINE_AUTOMATIC,1201.95,NORMAL
PREMIUM_SUPERFAST,62.47,501.19,531.66,-0.07,12.68,DOUBLE_YELLOW,999.14,BROAD_GAUGE_NON_ELECTRIFIED,232.43,NORMAL
SUPERFAST_EXPRESS,129.46,279.48,1833.86,1.76,27.66,RED_STOP,1505.01,DOUBLE_LINE_AUTOMATIC,898.22,NORMAL
FREIGHT_GOODS,127.22,273.67,1698.72,0.11,50.36,GREEN,311.26,BROAD_GAUGE_NON_ELECTRIFIED,868.87,NORMAL
PREMIUM_SUPERFAST,116.83,719.08,2815.94,-2.89,20.87,DOUBLE_YELLOW,395.89,BROAD_GAUGE_ELECTRIFIED,884.78,WARNING
SUPERFAST_EXPRESS,155.19,642.31,1500.32,1.65,41.77,YELLOW,2192.97,DOUBLE_LINE_AUTOMATIC,1269.22,NORMAL
FREIGHT_GOODS,75.1,299.36,3445.9,2.33,23.61,GREEN,785.84,BROAD_GAUGE_NON_ELECTRIFIED,324.13,NORMAL
PASSENGER_LOCAL,38.3,423.61,960.39,2.82,12.02,DOUBLE_YELLOW,798.36,BROAD_GAUGE_ELECTRIFIED,97.34,NORMAL
PREMIUM_SUPERFAST,114.04,395.59,2232.06,0.5,35.05,RED_STOP,998.67,DOUBLE_LINE_AUTOMATIC,706.36,NORMAL
PREMIUM_SUPERFAST,122.1,635.05,678.07,1.78,47.57,YELLOW,2417.87,BROAD_GAUGE_ELECTRIFIED,803.8,NORMAL
FREIGHT_GOODS,100.51,480.62,2674.98,1.76,28.43,RED_STOP,256.76,BROAD_GAUGE_NON_ELECTRIFIED,556.97,CRITICAL
PREMIUM_SUPERFAST,48.95,270.32,3483.74,-2.41,37.78,DOUBLE_YELLOW,2055.97,BROAD_GAUGE_ELECTRIFIED,170.06,NORMAL
SUPERFAST_EXPRESS,90.62,606.45,2939.33,-2.35,50.5,GREEN,886.82,BROAD_GAUGE_NON_ELECTRIFIED,527.19,NORMAL
PREMIUM_SUPERFAST,63.71,418.29,2122.68,-3.0,45.54,DOUBLE_YELLOW,2131.2,BROAD_GAUGE_NON_ELECTRIFIED,285.2,NORMAL
PREMIUM_SUPERFAST,79.85,344.61,1902.7,-1.26,18.72,YELLOW,2479.8,DOUBLE_LINE_AUTOMATIC,389.19,NORMAL
SUPERFAST_EXPRESS,110.33,406.52,2988.59,-0.19,43.0,GREEN,904.24,BROAD_GAUGE_NON_ELECTRIFIED,670.54,NORMAL
SUPERFAST_EXPRESS,124.33,473.77,3301.52,3.49,32.59,YELLOW,366.92,BROAD_GAUGE_NON_ELECTRIFIED,831.81,WARNING
PASSENGER_LOCAL,52.51,388.71,3466.54,-0.48,43.57,RED_STOP,403.72,DOUBLE_LINE_AUTOMATIC,173.58,NORMAL
SUPERFAST_EXPRESS,76.75,333.05,1629.27,1.58,32.25,GREEN,1908.92,DOUBLE_LINE_AUTOMATIC,337.34,NORMAL
PREMIUM_SUPERFAST,57.68,419.18,3471.84,1.35,15.76,DOUBLE_YELLOW,405.06,BROAD_GAUGE_NON_ELECTRIFIED,200.52,NORMAL
FREIGHT_GOODS,47.81,210.55,883.37,-2.07,35.65,RED_STOP,688.03,BROAD_GAUGE_NON_ELECTRIFIED,159.79,NORMAL
PREMIUM_SUPERFAST,129.67,624.87,1186.0,-3.09,32.15,RED_STOP,550.78,DOUBLE_LINE_AUTOMATIC,1095.11,CRITICAL
PASSENGER_LOCAL,147.3,294.02,675.95,0.32,33.31,DOUBLE_YELLOW,921.41,DOUBLE_LINE_AUTOMATIC,1148.58,WARNING
FREIGHT_GOODS,71.83,224.15,1242.39,1.4,49.55,RED_STOP,232.2,BROAD_GAUGE_ELECTRIFIED,298.72,CRITICAL
PASSENGER_LOCAL,125.18,559.53,2780.61,3.49,50.27,YELLOW,2149.02,BROAD_GAUGE_ELECTRIFIED,842.61,NORMAL
PREMIUM_SUPERFAST,145.58,625.66,3044.07,-0.99,30.41,DOUBLE_YELLOW,2157.36,BROAD_GAUGE_ELECTRIFIED,1190.54,NORMAL
SUPERFAST_EXPRESS,138.46,647.61,2814.57,2.77,30.51,RED_STOP,1061.69,DOUBLE_LINE_AUTOMATIC,1020.65,NORMAL
FREIGHT_GOODS,45.59,471.43,2356.3,-0.83,33.18,GREEN,1549.61,DOUBLE_LINE_AUTOMATIC,137.37,NORMAL
PREMIUM_SUPERFAST,153.88,312.95,1993.3,1.33,33.38,DOUBLE_YELLOW,1622.78,DOUBLE_LINE_AUTOMATIC,1248.8,NORMAL
FREIGHT_GOODS,72.73,605.48,2596.98,0.69,52.77,DOUBLE_YELLOW,1885.68,BROAD_GAUGE_ELECTRIFIED,305.64,NORMAL
PASSENGER_LOCAL,67.49,584.84,1611.58,-3.13,39.22,RED_STOP,1325.69,BROAD_GAUGE_NON_ELECTRIFIED,319.97,NORMAL
PREMIUM_SUPERFAST,28.74,335.45,3008.06,-2.95,22.49,DOUBLE_YELLOW,1300.32,BROAD_GAUGE_NON_ELECTRIFIED,68.8,NORMAL
FREIGHT_GOODS,88.06,696.87,2499.29,-3.35,33.92,DOUBLE_YELLOW,1596.69,BROAD_GAUGE_NON_ELECTRIFIED,534.38,NORMAL
PREMIUM_SUPERFAST,35.26,257.4,2563.19,-0.9,38.23,DOUBLE_YELLOW,1772.47,DOUBLE_LINE_AUTOMATIC,88.04,NORMAL
PREMIUM_SUPERFAST,54.8,740.48,2061.4,1.72,38.79,DOUBLE_YELLOW,899.39,BROAD_GAUGE_NON_ELECTRIFIED,182.85,NORMAL
PASSENGER_LOCAL,64.37,673.14,3144.21,-2.29,36.34,DOUBLE_YELLOW,859.41,BROAD_GAUGE_NON_ELECTRIFIED,277.93,NORMAL
PASSENGER_LOCAL,133.24,578.34,1181.25,0.74,18.0,DOUBLE_YELLOW,710.81,DOUBLE_LINE_AUTOMATIC,948.61,WARNING
PASSENGER_LOCAL,142.57,716.31,1581.56,-1.48,11.51,YELLOW,1394.67,DOUBLE_LINE_AUTOMATIC,1179.0,WARNING
SUPERFAST_EXPRESS,62.35,597.27,2810.69,2.08,25.2,RED_STOP,932.38,DOUBLE_LINE_AUTOMATIC,230.74,NORMAL
FREIGHT_GOODS,140.22,304.75,1927.52,2.09,29.24,YELLOW,1373.77,DOUBLE_LINE_AUTOMATIC,1045.53,NORMAL
PASSENGER_LOCAL,140.01,443.19,3156.56,1.93,12.78,RED_STOP,1044.66,DOUBLE_LINE_AUTOMATIC,1042.61,NORMAL
SUPERFAST_EXPRESS,127.05,239.33,1473.84,0.17,46.67,DOUBLE_YELLOW,2100.0,BROAD_GAUGE_ELECTRIFIED,866.68,NORMAL
SUPERFAST_EXPRESS,40.54,414.31,1544.92,-1.51,25.48,RED_STOP,229.17,DOUBLE_LINE_AUTOMATIC,115.64,NORMAL
FREIGHT_GOODS,116.65,607.88,3155.08,2.17,51.11,YELLOW,1451.92,BROAD_GAUGE_NON_ELECTRIFIED,737.16,NORMAL
FREIGHT_GOODS,152.3,412.54,1839.55,-2.2,16.95,RED_STOP,1460.28,BROAD_GAUGE_NON_ELECTRIFIED,1402.5,NORMAL
PASSENGER_LOCAL,115.56,381.66,1999.99,-1.47,12.56,DOUBLE_YELLOW,990.11,BROAD_GAUGE_ELECTRIFIED,789.44,NORMAL
SUPERFAST_EXPRESS,66.43,527.45,1431.57,-2.21,31.7,DOUBLE_YELLOW,1081.5,DOUBLE_LINE_AUTOMATIC,293.07,NORMAL
FREIGHT_GOODS,90.08,679.71,1257.68,1.22,18.51,DOUBLE_YELLOW,2010.32,BROAD_GAUGE_NON_ELECTRIFIED,453.89,NORMAL
FREIGHT_GOODS,110.4,226.17,2433.44,1.3,52.18,YELLOW,737.65,BROAD_GAUGE_NON_ELECTRIFIED,664.46,WARNING
FREIGHT_GOODS,91.48,412.01,771.51,1.07,10.46,GREEN,2184.94,DOUBLE_LINE_AUTOMATIC,467.1,NORMAL
FREIGHT_GOODS,36.79,287.03,3125.75,-0.59,28.57,DOUBLE_YELLOW,2246.04,BROAD_GAUGE_ELECTRIFIED,93.34,NORMAL
SUPERFAST_EXPRESS,63.69,582.44,2815.53,-2.8,51.7,DOUBLE_YELLOW,1644.02,DOUBLE_LINE_AUTOMATIC,281.32,NORMAL
PREMIUM_SUPERFAST,132.34,258.15,991.32,2.88,27.3,RED_STOP,1943.5,DOUBLE_LINE_AUTOMATIC,936.45,NORMAL
FREIGHT_GOODS,140.6,565.64,2551.46,0.05,14.19,GREEN,1551.72,DOUBLE_LINE_AUTOMATIC,1050.95,NORMAL
SUPERFAST_EXPRESS,39.22,357.4,2268.16,-0.65,23.63,RED_STOP,1336.88,DOUBLE_LINE_AUTOMATIC,104.57,NORMAL
FREIGHT_GOODS,153.33,309.4,972.06,0.62,32.41,YELLOW,2418.36,DOUBLE_LINE_AUTOMATIC,1240.32,NORMAL
SUPERFAST_EXPRESS,66.04,714.99,1246.93,-2.15,18.33,GREEN,742.5,BROAD_GAUGE_ELECTRIFIED,288.8,NORMAL
PASSENGER_LOCAL,112.72,210.19,1667.86,-2.57,31.0,DOUBLE_YELLOW,427.67,BROAD_GAUGE_NON_ELECTRIFIED,808.45,WARNING
PREMIUM_SUPERFAST,125.26,440.78,2567.65,-0.66,47.64,GREEN,754.34,DOUBLE_LINE_AUTOMATIC,876.21,NORMAL
SUPERFAST_EXPRESS,133.67,211.89,2380.04,-1.91,49.27,DOUBLE_YELLOW,1555.83,BROAD_GAUGE_NON_ELECTRIFIED,1071.31,WARNING
SUPERFAST_EXPRESS,152.4,465.98,2049.93,-1.79,12.22,YELLOW,503.7,BROAD_GAUGE_NON_ELECTRIFIED,1367.08,WARNING
SUPERFAST_EXPRESS,63.81,475.58,2782.07,2.75,17.24,RED_STOP,2276.59,DOUBLE_LINE_AUTOMATIC,240.66,NORMAL
FREIGHT_GOODS,140.19,376.91,2749.61,0.22,22.39,YELLOW,1057.01,BROAD_GAUGE_NON_ELECTRIFIED,1045.15,WARNING
PASSENGER_LOCAL,38.44,272.69,2315.36,-0.12,36.77,YELLOW,2132.41,DOUBLE_LINE_AUTOMATIC,98.46,NORMAL
FREIGHT_GOODS,118.71,407.01,2839.67,1.33,26.24,DOUBLE_YELLOW,660.63,DOUBLE_LINE_AUTOMATIC,761.98,WARNING
PASSENGER_LOCAL,123.88,569.74,1436.22,3.16,47.98,RED_STOP,817.26,DOUBLE_LINE_AUTOMATIC,826.07,CRITICAL
PREMIUM_SUPERFAST,114.88,630.32,3131.87,-2.71,42.25,YELLOW,195.1,BROAD_GAUGE_ELECTRIFIED,846.29,WARNING
FREIGHT_GOODS,55.32,491.91,2306.22,2.33,14.52,GREEN,681.53,DOUBLE_LINE_AUTOMATIC,186.03,NORMAL
SUPERFAST_EXPRESS,142.23,524.41,2949.33,0.59,38.11,YELLOW,1251.27,DOUBLE_LINE_AUTOMATIC,1074.28,WARNING
PREMIUM_SUPERFAST,43.64,310.34,2093.47,-2.48,15.09,DOUBLE_YELLOW,2368.04,BROAD_GAUGE_NON_ELECTRIFIED,138.97,NORMAL
FREIGHT_GOODS,27.51,358.03,1077.16,-1.42,21.48,GREEN,1002.81,BROAD_GAUGE_ELECTRIFIED,59.15,NORMAL
PASSENGER_LOCAL,120.45,289.04,2081.47,-0.12,18.0,GREEN,1617.37,BROAD_GAUGE_NON_ELECTRIFIED,788.69,NORMAL
FREIGHT_GOODS,86.57,337.11,1550.45,1.34,17.79,RED_STOP,1097.89,BROAD_GAUGE_NON_ELECTRIFIED,421.51,NORMAL
FREIGHT_GOODS,138.87,323.69,2562.25,-1.8,37.74,GREEN,164.64,DOUBLE_LINE_AUTOMATIC,1144.53,NORMAL
SUPERFAST_EXPRESS,73.68,485.7,1874.96,0.24,35.36,GREEN,1283.65,BROAD_GAUGE_ELECTRIFIED,312.94,NORMAL
SUPERFAST_EXPRESS,43.56,509.48,2991.95,1.29,17.92,DOUBLE_YELLOW,211.49,BROAD_GAUGE_ELECTRIFIED,121.75,NORMAL
PREMIUM_SUPERFAST,137.1,719.72,2502.02,-0.36,54.56,RED_STOP,2215.06,DOUBLE_LINE_AUTOMATIC,1022.49,WARNING
SUPERFAST_EXPRESS,96.85,307.56,2522.09,2.54,28.98,YELLOW,1894.94,BROAD_GAUGE_ELECTRIFIED,519.58,NORMAL
FREIGHT_GOODS,46.49,552.92,1073.18,2.59,14.37,GREEN,977.7,DOUBLE_LINE_AUTOMATIC,136.5,NORMAL
FREIGHT_GOODS,120.85,649.49,3451.17,-0.21,15.43,YELLOW,1618.54,BROAD_GAUGE_ELECTRIFIED,797.44,NORMAL
PASSENGER_LOCAL,91.56,508.13,3009.19,3.31,36.28,YELLOW,324.47,BROAD_GAUGE_ELECTRIFIED,467.83,WARNING
FREIGHT_GOODS,104.6,340.25,2845.92,-2.97,54.06,YELLOW,1771.26,DOUBLE_LINE_AUTOMATIC,720.64,NORMAL
PREMIUM_SUPERFAST,84.53,344.4,1423.67,-3.48,35.74,RED_STOP,2065.69,BROAD_GAUGE_ELECTRIFIED,498.89,NORMAL
PREMIUM_SUPERFAST,136.02,221.59,2060.46,-0.84,52.71,YELLOW,2063.28,BROAD_GAUGE_ELECTRIFIED,1035.83,WARNING
SUPERFAST_EXPRESS,136.14,367.99,825.02,0.71,29.99,DOUBLE_YELLOW,746.48,BROAD_GAUGE_ELECTRIFIED,988.34,WARNING
PASSENGER_LOCAL,119.31,609.53,2069.28,0.9,29.61,RED_STOP,696.18,BROAD_GAUGE_NON_ELECTRIFIED,769.39,CRITICAL
FREIGHT_GOODS,34.76,226.13,852.26,-0.16,32.5,RED_STOP,1327.42,DOUBLE_LINE_AUTOMATIC,83.0,NORMAL
SUPERFAST_EXPRESS,137.44,320.61,2114.42,-2.63,41.38,RED_STOP,2421.04,BROAD_GAUGE_NON_ELECTRIFIED,1185.25,NORMAL
FREIGHT_GOODS,113.94,588.43,2411.04,-2.31,26.54,RED_STOP,2305.28,BROAD_GAUGE_ELECTRIFIED,810.68,NORMAL
PREMIUM_SUPERFAST,117.58,630.46,1609.61,2.47,48.87,GREEN,931.11,BROAD_GAUGE_ELECTRIFIED,748.41,NORMAL
PREMIUM_SUPERFAST,70.82,450.43,1945.49,2.58,11.32,GREEN,1960.58,BROAD_GAUGE_NON_ELECTRIFIED,291.04,NORMAL
PASSENGER_LOCAL,143.1,583.94,3114.53,1.22,29.79,YELLOW,2307.23,BROAD_GAUGE_ELECTRIFIED,1086.9,NORMAL
FREIGHT_GOODS,121.55,413.37,736.55,1.15,32.99,GREEN,689.27,BROAD_GAUGE_ELECTRIFIED,796.93,NORMAL
FREIGHT_GOODS,35.76,287.95,2854.37,0.68,37.32,RED_STOP,2084.22,DOUBLE_LINE_AUTOMATIC,86.51,NORMAL
PREMIUM_SUPERFAST,77.09,418.98,929.34,-2.08,22.42,YELLOW,706.34,BROAD_GAUGE_ELECTRIFIED,382.93,NORMAL
PASSENGER_LOCAL,144.09,518.98,513.79,-0.5,29.24,DOUBLE_YELLOW,891.04,DOUBLE_LINE_AUTOMATIC,1133.81,WARNING
SUPERFAST_EXPRESS,26.61,721.43,975.28,1.37,31.8,GREEN,537.11,DOUBLE_LINE_AUTOMATIC,52.62,NORMAL
PASSENGER_LOCAL,154.6,237.81,2771.63,0.26,40.91,RED_STOP,1292.35,BROAD_GAUGE_NON_ELECTRIFIED,1259.98,NORMAL
SUPERFAST_EXPRESS,115.08,479.07,1655.89,-3.37,44.81,YELLOW,2116.11,BROAD_GAUGE_NON_ELECTRIFIED,889.03,NORMAL
SUPERFAST_EXPRESS,108.39,380.91,3104.81,3.17,43.2,GREEN,1343.73,BROAD_GAUGE_ELECTRIFIED,641.87,NORMAL
PREMIUM_SUPERFAST,57.88,479.57,2026.59,2.41,25.37,RED_STOP,352.43,BROAD_GAUGE_NON_ELECTRIFIED,201.74,NORMAL
SUPERFAST_EXPRESS,54.83,213.19,468.98,-1.68,54.98,YELLOW,666.85,DOUBLE_LINE_AUTOMATIC,200.03,NORMAL
FREIGHT_GOODS,151.89,372.16,2621.81,0.82,48.19,GREEN,1429.01,BROAD_GAUGE_NON_ELECTRIFIED,1218.04,WARNING
PREMIUM_SUPERFAST,61.76,650.93,741.72,2.96,21.7,DOUBLE_YELLOW,1478.81,DOUBLE_LINE_AUTOMATIC,226.82,NORMAL
PASSENGER_LOCAL,128.57,504.67,2847.08,-2.83,18.78,GREEN,1463.42,BROAD_GAUGE_NON_ELECTRIFIED,1057.62,NORMAL
PASSENGER_LOCAL,75.04,447.82,921.12,0.02,24.13,RED_STOP,238.66,BROAD_GAUGE_ELECTRIFIED,323.64,CRITICAL
SUPERFAST_EXPRESS,39.5,357.04,1470.88,-0.31,30.36,RED_STOP,1896.55,BROAD_GAUGE_NON_ELECTRIFIED,104.12,NORMAL
FREIGHT_GOODS,21.5,363.92,2759.94,-0.63,48.29,DOUBLE_YELLOW,2278.1,BROAD_GAUGE_ELECTRIFIED,38.13,NORMAL
PASSENGER_LOCAL,96.2,410.71,3358.12,2.35,45.03,DOUBLE_YELLOW,1300.77,BROAD_GAUGE_NON_ELECTRIFIED,513.06,NORMAL
SUPERFAST_EXPRESS,156.61,659.56,1551.45,-0.84,48.31,YELLOW,1811.13,DOUBLE_LINE_AUTOMATIC,1356.71,WARNING
PASSENGER_LOCAL,71.68,731.97,2971.14,-3.05,22.24,YELLOW,2289.34,BROAD_GAUGE_NON_ELECTRIFIED,356.01,NORMAL
FREIGHT_GOODS,70.01,441.26,991.46,-3.04,36.71,RED_STOP,1624.43,BROAD_GAUGE_NON_ELECTRIFIED,340.39,NORMAL
SUPERFAST_EXPRESS,68.17,416.34,2902.26,-3.2,22.75,GREEN,1702.1,DOUBLE_LINE_AUTOMATIC,327.52,NORMAL
FREIGHT_GOODS,92.88,665.6,2438.23,-0.64,14.91,DOUBLE_YELLOW,1817.44,DOUBLE_LINE_AUTOMATIC,497.71,NORMAL
SUPERFAST_EXPRESS,81.69,434.8,997.5,1.53,40.79,YELLOW,688.23,BROAD_GAUGE_NON_ELECTRIFIED,378.58,NORMAL
FREIGHT_GOODS,143.19,503.61,1337.76,-2.07,16.43,RED_STOP,1477.56,DOUBLE_LINE_AUTOMATIC,1235.44,NORMAL
PASSENGER_LOCAL,90.77,327.02,808.49,1.03,40.05,RED_STOP,2113.33,DOUBLE_LINE_AUTOMATIC,460.4,NORMAL
PASSENGER_LOCAL,91.09,608.93,1587.2,1.31,39.16,RED_STOP,775.6,BROAD_GAUGE_NON_ELECTRIFIED,463.36,NORMAL
FREIGHT_GOODS,39.37,492.59,1031.31,-1.71,46.46,DOUBLE_YELLOW,2248.07,BROAD_GAUGE_ELECTRIFIED,111.07,NORMAL
PASSENGER_LOCAL,157.58,644.97,2396.39,0.7,16.28,DOUBLE_YELLOW,1569.94,BROAD_GAUGE_NON_ELECTRIFIED,1306.99,NORMAL
PASSENGER_LOCAL,55.0,629.4,3482.97,1.29,45.26,DOUBLE_YELLOW,1086.78,BROAD_GAUGE_NON_ELECTRIFIED,184.05,NORMAL
SUPERFAST_EXPRESS,30.27,318.25,437.23,-0.23,54.97,GREEN,1576.8,BROAD_GAUGE_ELECTRIFIED,65.87,NORMAL
FREIGHT_GOODS,112.84,593.6,2076.85,-1.14,48.3,DOUBLE_YELLOW,1034.56,BROAD_GAUGE_NON_ELECTRIFIED,739.65,NORMAL
SUPERFAST_EXPRESS,103.35,640.03,2178.37,0.83,43.83,RED_STOP,2103.19,BROAD_GAUGE_NON_ELECTRIFIED,586.89,NORMAL
PASSENGER_LOCAL,78.12,390.36,3234.05,3.34,39.8,DOUBLE_YELLOW,1231.68,DOUBLE_LINE_AUTOMATIC,348.56,NORMAL
PASSENGER_LOCAL,79.11,294.94,1968.62,-0.51,28.98,GREEN,2257.97,BROAD_GAUGE_NON_ELECTRIFIED,366.7,NORMAL
PREMIUM_SUPERFAST,129.91,201.45,2085.47,-0.76,42.87,GREEN,1299.03,BROAD_GAUGE_ELECTRIFIED,944.55,NORMAL
FREIGHT_GOODS,47.4,448.0,1862.12,-0.25,42.59,RED_STOP,1667.9,BROAD_GAUGE_ELECTRIFIED,142.99,NORMAL
FREIGHT_GOODS,134.84,393.84,1233.6,-2.97,38.42,YELLOW,2494.47,DOUBLE_LINE_AUTOMATIC,1169.96,NORMAL
SUPERFAST_EXPRESS,110.82,505.2,573.69,0.37,45.83,DOUBLE_YELLOW,410.07,BROAD_GAUGE_NON_ELECTRIFIED,669.27,WARNING
FREIGHT_GOODS,78.66,303.42,1666.84,-1.2,30.19,DOUBLE_YELLOW,1854.99,BROAD_GAUGE_NON_ELECTRIFIED,377.15,NORMAL
SUPERFAST_EXPRESS,84.12,672.82,563.03,-2.65,15.46,GREEN,390.24,BROAD_GAUGE_NON_ELECTRIFIED,467.45,NORMAL
PASSENGER_LOCAL,55.93,341.77,2106.53,-0.24,35.16,GREEN,2105.22,BROAD_GAUGE_NON_ELECTRIFIED,191.96,NORMAL
PREMIUM_SUPERFAST,125.3,324.54,1352.61,-3.48,21.93,YELLOW,1511.31,BROAD_GAUGE_ELECTRIFIED,1054.26,NORMAL
PASSENGER_LOCAL,91.8,464.39,2054.17,-0.69,27.3,GREEN,2348.49,BROAD_GAUGE_ELECTRIFIED,488.43,NORMAL
SUPERFAST_EXPRESS,64.92,474.37,816.32,-2.76,10.78,GREEN,2171.59,DOUBLE_LINE_AUTOMATIC,290.7,NORMAL
SUPERFAST_EXPRESS,103.45,318.3,3291.15,-3.33,27.23,GREEN,233.44,BROAD_GAUGE_NON_ELECTRIFIED,723.55,NORMAL
PREMIUM_SUPERFAST,159.4,349.52,3173.02,2.27,46.4,GREEN,386.39,BROAD_GAUGE_ELECTRIFIED,1336.07,NORMAL
PASSENGER_LOCAL,80.94,293.34,988.99,2.91,34.42,YELLOW,1522.87,BROAD_GAUGE_NON_ELECTRIFIED,372.12,NORMAL
FREIGHT_GOODS,148.9,595.15,1464.68,-2.05,10.44,DOUBLE_YELLOW,1319.87,BROAD_GAUGE_ELECTRIFIED,1329.36,WARNING
PREMIUM_SUPERFAST,68.3,623.55,2301.83,0.28,31.14,DOUBLE_YELLOW,462.98,BROAD_GAUGE_ELECTRIFIED,272.41,NORMAL
FREIGHT_GOODS,27.66,454.28,696.63,-1.55,23.12,DOUBLE_YELLOW,366.93,DOUBLE_LINE_AUTOMATIC,60.08,NORMAL
PASSENGER_LOCAL,48.59,592.75,1499.16,-0.04,31.49,DOUBLE_YELLOW,1431.78,BROAD_GAUGE_NON_ELECTRIFIED,147.94,NORMAL
PREMIUM_SUPERFAST,78.62,604.76,1178.45,-0.44,28.21,DOUBLE_YELLOW,169.86,DOUBLE_LINE_AUTOMATIC,361.16,WARNING
PASSENGER_LOCAL,50.75,276.05,3238.1,-1.62,51.94,RED_STOP,2190.65,DOUBLE_LINE_AUTOMATIC,173.4,NORMAL
PASSENGER_LOCAL,20.03,731.4,3042.78,1.4,11.85,RED_STOP,2027.35,DOUBLE_LINE_AUTOMATIC,33.26,NORMAL
FREIGHT_GOODS,148.1,651.57,2197.48,-2.61,40.76,GREEN,1974.16,DOUBLE_LINE_AUTOMATIC,1367.22,NORMAL
FREIGHT_GOODS,138.14,312.47,2013.07,-3.13,48.3,RED_STOP,89.19,DOUBLE_LINE_AUTOMATIC,1239.93,CRITICAL
FREIGHT_GOODS,123.92,302.39,3285.25,1.87,53.17,DOUBLE_YELLOW,166.72,DOUBLE_LINE_AUTOMATIC,826.62,WARNING
PASSENGER_LOCAL,43.49,269.11,3290.53,1.16,17.99,GREEN,1397.11,DOUBLE_LINE_AUTOMATIC,121.43,NORMAL
SUPERFAST_EXPRESS,36.85,276.11,3404.92,-0.01,33.91,DOUBLE_YELLOW,2486.34,BROAD_GAUGE_NON_ELECTRIFIED,91.12,NORMAL
PASSENGER_LOCAL,29.46,611.49,788.67,-0.23,11.96,DOUBLE_YELLOW,888.67,DOUBLE_LINE_AUTOMATIC,62.93,NORMAL
SUPERFAST_EXPRESS,121.36,458.31,897.73,-0.02,32.46,GREEN,893.72,BROAD_GAUGE_NON_ELECTRIFIED,795.41,NORMAL
PREMIUM_SUPERFAST,150.03,630.61,2497.88,-0.44,15.65,DOUBLE_YELLOW,378.98,BROAD_GAUGE_NON_ELECTRIFIED,1220.49,WARNING
FREIGHT_GOODS,80.28,610.44,2078.45,-0.75,47.71,RED_STOP,1702.12,BROAD_GAUGE_ELECTRIFIED,381.79,NORMAL
FREIGHT_GOODS,36.68,532.54,457.24,-0.0,15.12,GREEN,1634.36,DOUBLE_LINE_AUTOMATIC,90.36,NORMAL
PASSENGER_LOCAL,91.73,577.5,592.12,0.2,33.1,YELLOW,298.24,BROAD_GAUGE_NON_ELECTRIFIED,469.54,WARNING
SUPERFAST_EXPRESS,68.84,210.1,3153.05,1.34,33.45,YELLOW,1195.16,BROAD_GAUGE_ELECTRIFIED,276.32,NORMAL
PREMIUM_SUPERFAST,72.48,371.48,3093.5,1.48,53.72,YELLOW,1684.33,BROAD_GAUGE_ELECTRIFIED,303.64,NORMAL
PASSENGER_LOCAL,106.99,550.8,1507.54,-0.86,39.47,DOUBLE_YELLOW,1259.11,DOUBLE_LINE_AUTOMATIC,657.51,NORMAL
PREMIUM_SUPERFAST,120.62,205.14,3162.26,-0.61,22.95,DOUBLE_YELLOW,1702.19,DOUBLE_LINE_AUTOMATIC,812.99,NORMAL
SUPERFAST_EXPRESS,35.48,218.14,2240.39,-0.88,20.84,DOUBLE_YELLOW,2049.86,DOUBLE_LINE_AUTOMATIC,88.92,NORMAL
FREIGHT_GOODS,24.98,668.54,2898.31,0.26,15.77,DOUBLE_YELLOW,1730.25,DOUBLE_LINE_AUTOMATIC,47.45,NORMAL
FREIGHT_GOODS,159.21,576.21,1725.04,-0.33,44.04,GREEN,1559.48,BROAD_GAUGE_NON_ELECTRIFIED,1358.37,NORMAL
SUPERFAST_EXPRESS,52.58,345.95,751.53,2.73,41.08,YELLOW,2141.3,BROAD_GAUGE_NON_ELECTRIFIED,169.85,NORMAL
FREIGHT_GOODS,27.54,578.38,1744.55,1.37,37.44,RED_STOP,2256.44,DOUBLE_LINE_AUTOMATIC,55.69,NORMAL
PASSENGER_LOCAL,46.58,635.85,1817.63,2.79,11.84,GREEN,1002.77,DOUBLE_LINE_AUTOMATIC,136.99,NORMAL
SUPERFAST_EXPRESS,25.45,368.74,2107.93,1.46,44.33,YELLOW,474.46,BROAD_GAUGE_NON_ELECTRIFIED,48.92,NORMAL
FREIGHT_GOODS,74.85,219.82,727.31,3.3,38.88,YELLOW,2053.76,DOUBLE_LINE_AUTOMATIC,322.19,NORMAL
SUPERFAST_EXPRESS,132.34,713.03,3473.35,0.95,53.37,GREEN,573.7,BROAD_GAUGE_ELECTRIFIED,936.46,WARNING
PREMIUM_SUPERFAST,67.77,389.85,1156.82,3.24,36.42,GREEN,2325.93,BROAD_GAUGE_NON_ELECTRIFIED,268.58,NORMAL
PASSENGER_LOCAL,82.19,258.56,1015.51,-2.39,23.68,GREEN,106.05,BROAD_GAUGE_ELECTRIFIED,440.09,NORMAL
PASSENGER_LOCAL,114.58,470.52,2033.09,-3.13,27.17,RED_STOP,2307.11,BROAD_GAUGE_ELECTRIFIED,866.87,NORMAL
PASSENGER_LOCAL,91.25,622.66,2065.35,0.55,17.91,YELLOW,1493.5,BROAD_GAUGE_ELECTRIFIED,464.87,NORMAL
FREIGHT_GOODS,140.6,321.91,1763.44,3.38,42.53,RED_STOP,1948.12,BROAD_GAUGE_ELECTRIFIED,1051.01,NORMAL
PREMIUM_SUPERFAST,141.24,348.22,2792.87,-0.58,41.85,RED_STOP,1026.31,DOUBLE_LINE_AUTOMATIC,1096.17,CRITICAL
FREIGHT_GOODS,21.39,333.49,2001.63,-2.02,19.03,RED_STOP,2479.7,DOUBLE_LINE_AUTOMATIC,40.09,NORMAL
FREIGHT_GOODS,128.93,745.42,2290.06,0.15,17.13,RED_STOP,607.5,DOUBLE_LINE_AUTOMATIC,891.14,CRITICAL
SUPERFAST_EXPRESS,84.5,308.57,2643.61,1.04,13.47,RED_STOP,697.64,DOUBLE_LINE_AUTOMATIC,403.05,NORMAL
PASSENGER_LOCAL,158.44,516.54,477.58,-1.29,51.04,GREEN,176.01,BROAD_GAUGE_NON_ELECTRIFIED,1427.1,WARNING
FREIGHT_GOODS,87.65,708.9,2169.0,1.5,20.49,RED_STOP,2354.16,DOUBLE_LINE_AUTOMATIC,431.38,NORMAL
PASSENGER_LOCAL,158.17,280.79,3141.0,3.33,25.49,DOUBLE_YELLOW,1167.27,BROAD_GAUGE_NON_ELECTRIFIED,1316.26,WARNING
PREMIUM_SUPERFAST,125.64,733.97,453.91,2.78,22.62,GREEN,1703.39,BROAD_GAUGE_ELECTRIFIED,848.5,NORMAL
PREMIUM_SUPERFAST,54.8,721.11,1656.06,-1.46,28.61,YELLOW,1734.23,BROAD_GAUGE_NON_ELECTRIFIED,197.44,NORMAL
PASSENGER_LOCAL,95.38,686.51,3271.31,-1.21,42.13,YELLOW,2192.53,DOUBLE_LINE_AUTOMATIC,540.9,NORMAL
PASSENGER_LOCAL,158.9,318.01,1494.78,-0.9,49.18,GREEN,1679.07,BROAD_GAUGE_ELECTRIFIED,1400.49,WARNING
PREMIUM_SUPERFAST,140.05,548.73,1822.06,-0.74,18.22,RED_STOP,1426.95,BROAD_GAUGE_ELECTRIFIED,1088.96,NORMAL
PREMIUM_SUPERFAST,33.63,618.49,3442.78,-2.8,40.89,GREEN,1790.28,DOUBLE_LINE_AUTOMATIC,89.46,NORMAL
FREIGHT_GOODS,118.89,742.32,1017.9,1.83,25.87,YELLOW,1889.88,BROAD_GAUGE_ELECTRIFIED,764.24,NORMAL
PREMIUM_SUPERFAST,68.38,299.23,602.29,-0.94,54.12,YELLOW,505.52,BROAD_GAUGE_ELECTRIFIED,287.1,NORMAL
FREIGHT_GOODS,20.98,621.31,3064.21,2.66,23.45,GREEN,318.68,BROAD_GAUGE_ELECTRIFIED,35.79,NORMAL
PREMIUM_SUPERFAST,76.49,386.34,3092.24,2.99,10.32,DOUBLE_YELLOW,233.38,BROAD_GAUGE_NON_ELECTRIFIED,335.25,WARNING
FREIGHT_GOODS,52.87,296.59,1863.44,-3.33,33.2,DOUBLE_YELLOW,966.43,BROAD_GAUGE_ELECTRIFIED,206.9,NORMAL
SUPERFAST_EXPRESS,134.64,431.76,1994.04,3.42,16.78,DOUBLE_YELLOW,1270.1,BROAD_GAUGE_ELECTRIFIED,967.75,NORMAL
SUPERFAST_EXPRESS,67.23,636.61,2991.0,1.47,12.0,YELLOW,1558.34,BROAD_GAUGE_NON_ELECTRIFIED,264.63,NORMAL
FREIGHT_GOODS,135.85,455.67,2689.53,0.14,41.42,DOUBLE_YELLOW,2397.18,DOUBLE_LINE_AUTOMATIC,984.39,NORMAL
PASSENGER_LOCAL,20.08,495.64,1221.96,-0.77,42.95,DOUBLE_YELLOW,860.43,BROAD_GAUGE_NON_ELECTRIFIED,34.39,NORMAL
SUPERFAST_EXPRESS,63.09,747.34,452.37,0.13,30.73,GREEN,1914.14,BROAD_GAUGE_NON_ELECTRIFIED,235.8,NORMAL
PREMIUM_SUPERFAST,53.76,419.51,1887.07,-1.23,40.46,RED_STOP,1351.83,DOUBLE_LINE_AUTOMATIC,188.31,NORMAL
PASSENGER_LOCAL,52.7,538.47,3062.63,0.86,34.22,RED_STOP,589.22,DOUBLE_LINE_AUTOMATIC,170.53,NORMAL
PREMIUM_SUPERFAST,29.55,400.88,3177.09,-2.85,38.34,GREEN,1557.5,BROAD_GAUGE_NON_ELECTRIFIED,71.74,NORMAL
SUPERFAST_EXPRESS,46.2,416.03,3364.3,0.85,36.85,RED_STOP,2419.58,BROAD_GAUGE_ELECTRIFIED,135.0,NORMAL
PREMIUM_SUPERFAST,97.78,582.6,3126.65,-1.57,39.96,DOUBLE_YELLOW,354.56,DOUBLE_LINE_AUTOMATIC,579.2,WARNING
FREIGHT_GOODS,60.79,715.84,2198.14,-3.38,18.98,YELLOW,1292.84,BROAD_GAUGE_ELECTRIFIED,268.1,NORMAL
PASSENGER_LOCAL,78.44,498.3,1778.28,0.37,22.09,DOUBLE_YELLOW,176.44,DOUBLE_LINE_AUTOMATIC,351.16,WARNING
SUPERFAST_EXPRESS,72.76,622.62,2802.03,0.55,29.8,GREEN,836.98,BROAD_GAUGE_ELECTRIFIED,305.84,NORMAL
PASSENGER_LOCAL,142.63,249.06,2693.45,-0.51,30.08,RED_STOP,1570.48,BROAD_GAUGE_NON_ELECTRIFIED,1112.63,NORMAL
FREIGHT_GOODS,146.74,316.14,2068.24,-2.99,44.85,GREEN,2110.59,BROAD_GAUGE_NON_ELECTRIFIED,1379.4,NORMAL
SUPERFAST_EXPRESS,89.01,476.17,670.71,2.75,26.53,GREEN,1839.3,BROAD_GAUGE_NON_ELECTRIFIED,443.93,NORMAL
PREMIUM_SUPERFAST,66.22,211.01,3270.85,0.78,17.31,DOUBLE_YELLOW,1184.0,BROAD_GAUGE_NON_ELECTRIFIED,257.47,NORMAL
PASSENGER_LOCAL,34.95,339.07,1812.37,-2.69,21.32,RED_STOP,2277.6,DOUBLE_LINE_AUTOMATIC,95.09,NORMAL
SUPERFAST_EXPRESS,153.48,484.57,1526.33,0.08,19.66,YELLOW,791.65,BROAD_GAUGE_NON_ELECTRIFIED,1242.53,WARNING
SUPERFAST_EXPRESS,28.43,208.23,2351.66,-0.02,42.92,DOUBLE_YELLOW,1897.26,BROAD_GAUGE_ELECTRIFIED,58.77,NORMAL
FREIGHT_GOODS,61.67,345.5,2488.9,-3.08,31.17,GREEN,1211.32,BROAD_GAUGE_NON_ELECTRIFIED,269.92,NORMAL
SUPERFAST_EXPRESS,61.73,482.72,1053.13,0.75,41.89,GREEN,2251.66,BROAD_GAUGE_NON_ELECTRIFIED,226.63,NORMAL
SUPERFAST_EXPRESS,64.86,515.23,2994.51,2.16,28.73,RED_STOP,2003.71,BROAD_GAUGE_NON_ELECTRIFIED,247.89,NORMAL
FREIGHT_GOODS,43.0,709.16,1298.8,1.74,50.04,GREEN,2258.6,BROAD_GAUGE_NON_ELECTRIFIED,119.03,NORMAL
PREMIUM_SUPERFAST,129.64,554.94,978.72,-2.08,54.26,GREEN,574.91,DOUBLE_LINE_AUTOMATIC,1021.62,NORMAL
PREMIUM_SUPERFAST,37.15,428.1,1659.84,2.54,40.14,DOUBLE_YELLOW,1686.97,DOUBLE_LINE_AUTOMATIC,92.35,NORMAL
SUPERFAST_EXPRESS,108.89,711.69,2664.74,-1.1,48.87,RED_STOP,1859.24,DOUBLE_LINE_AUTOMATIC,689.7,NORMAL
PREMIUM_SUPERFAST,37.34,631.69,3392.92,3.13,32.86,DOUBLE_YELLOW,1868.91,BROAD_GAUGE_ELECTRIFIED,93.16,NORMAL
FREIGHT_GOODS,29.87,310.0,2908.77,-3.0,52.06,YELLOW,1284.8,BROAD_GAUGE_ELECTRIFIED,73.71,NORMAL
PREMIUM_SUPERFAST,147.32,271.96,3315.08,-0.1,47.42,GREEN,77.56,BROAD_GAUGE_NON_ELECTRIFIED,1155.3,NORMAL
SUPERFAST_EXPRESS,46.62,571.7,835.88,0.68,54.63,DOUBLE_YELLOW,690.51,BROAD_GAUGE_ELECTRIFIED,137.18,NORMAL
FREIGHT_GOODS,134.98,507.94,620.65,-1.77,38.04,DOUBLE_YELLOW,842.09,BROAD_GAUGE_ELECTRIFIED,1081.35,WARNING
PREMIUM_SUPERFAST,96.25,634.32,2128.88,1.9,45.06,RED_STOP,2137.49,BROAD_GAUGE_ELECTRIFIED,513.59,NORMAL
PASSENGER_LOCAL,30.9,606.34,1299.92,0.89,34.43,GREEN,2110.17,BROAD_GAUGE_ELECTRIFIED,67.5,NORMAL
PASSENGER_LOCAL,153.76,543.87,2966.97,-3.37,21.66,DOUBLE_YELLOW,306.47,DOUBLE_LINE_AUTOMATIC,1551.57,WARNING
FREIGHT_GOODS,54.57,742.51,2483.16,0.76,25.96,GREEN,2377.1,DOUBLE_LINE_AUTOMATIC,181.53,NORMAL
PREMIUM_SUPERFAST,140.35,493.47,3409.26,-0.06,50.23,YELLOW,497.02,BROAD_GAUGE_ELECTRIFIED,1050.97,WARNING
SUPERFAST_EXPRESS,43.63,262.21,1189.86,-2.13,12.52,GREEN,1065.18,BROAD_GAUGE_ELECTRIFIED,136.2,NORMAL
PASSENGER_LOCAL,139.55,655.55,1905.93,3.47,36.62,GREEN,577.13,DOUBLE_LINE_AUTOMATIC,1036.09,NORMAL
PREMIUM_SUPERFAST,21.85,338.52,1953.85,2.78,26.76,DOUBLE_YELLOW,2157.81,BROAD_GAUGE_NON_ELECTRIFIED,38.2,NORMAL
PREMIUM_SUPERFAST,91.65,627.52,1141.45,-1.45,27.4,RED_STOP,1886.03,DOUBLE_LINE_AUTOMATIC,509.16,NORMAL
SUPERFAST_EXPRESS,127.72,726.41,2229.29,0.29,49.81,RED_STOP,916.15,BROAD_GAUGE_ELECTRIFIED,875.39,NORMAL
SUPERFAST_EXPRESS,150.87,583.24,1774.19,-1.28,48.42,RED_STOP,1720.6,BROAD_GAUGE_ELECTRIFIED,1298.3,WARNING
PREMIUM_SUPERFAST,147.29,527.82,1784.84,1.93,36.95,YELLOW,501.7,BROAD_GAUGE_ELECTRIFIED,1148.48,WARNING
SUPERFAST_EXPRESS,134.75,453.21,1524.48,3.01,22.28,YELLOW,986.63,DOUBLE_LINE_AUTOMATIC,969.2,WARNING
FREIGHT_GOODS,144.35,400.43,452.48,-0.99,31.4,DOUBLE_YELLOW,973.91,BROAD_GAUGE_ELECTRIFIED,1171.21,WARNING
PASSENGER_LOCAL,47.89,394.15,2018.5,2.14,28.37,RED_STOP,632.94,DOUBLE_LINE_AUTOMATIC,143.86,NORMAL
PASSENGER_LOCAL,59.79,550.0,1439.27,-0.01,25.91,YELLOW,2196.96,BROAD_GAUGE_NON_ELECTRIFIED,214.01,NORMAL
PREMIUM_SUPERFAST,60.46,613.2,404.09,-0.72,14.63,RED_STOP,1713.17,BROAD_GAUGE_ELECTRIFIED,226.59,NORMAL
PREMIUM_SUPERFAST,72.79,573.18,1354.63,3.07,34.44,RED_STOP,735.85,BROAD_GAUGE_ELECTRIFIED,306.05,NORMAL
SUPERFAST_EXPRESS,75.06,309.13,1263.75,0.07,23.58,YELLOW,643.2,BROAD_GAUGE_NON_ELECTRIFIED,323.87,NORMAL
PASSENGER_LOCAL,96.24,471.69,1619.69,-0.23,39.74,RED_STOP,93.99,DOUBLE_LINE_AUTOMATIC,519.94,CRITICAL
SUPERFAST_EXPRESS,42.38,635.4,808.74,1.21,24.36,GREEN,899.13,BROAD_GAUGE_ELECTRIFIED,116.06,NORMAL
PREMIUM_SUPERFAST,116.77,461.64,1973.82,-1.67,29.4,DOUBLE_YELLOW,1340.59,BROAD_GAUGE_ELECTRIFIED,815.42,NORMAL
PREMIUM_SUPERFAST,43.46,495.14,2546.57,-1.23,12.36,YELLOW,730.39,BROAD_GAUGE_ELECTRIFIED,128.83,NORMAL
PREMIUM_SUPERFAST,63.44,624.12,2353.58,3.02,54.66,YELLOW,1766.12,BROAD_GAUGE_ELECTRIFIED,238.17,NORMAL
PREMIUM_SUPERFAST,90.47,563.7,2891.64,1.25,32.84,RED_STOP,1058.79,BROAD_GAUGE_NON_ELECTRIFIED,457.53,NORMAL
PREMIUM_SUPERFAST,131.5,425.14,1801.23,2.29,11.09,YELLOW,824.98,DOUBLE_LINE_AUTOMATIC,925.27,WARNING
PREMIUM_SUPERFAST,123.53,692.48,2009.18,-1.6,34.36,GREEN,2350.69,BROAD_GAUGE_NON_ELECTRIFIED,903.52,NORMAL
FREIGHT_GOODS,110.37,289.41,2912.25,0.31,49.17,RED_STOP,693.86,DOUBLE_LINE_AUTOMATIC,664.16,NORMAL
FREIGHT_GOODS,41.81,747.53,1725.87,3.3,44.76,GREEN,1025.73,BROAD_GAUGE_NON_ELECTRIFIED,113.33,NORMAL
SUPERFAST_EXPRESS,96.59,265.37,2574.96,-1.27,41.54,DOUBLE_YELLOW,986.61,BROAD_GAUGE_NON_ELECTRIFIED,555.72,NORMAL
FREIGHT_GOODS,32.24,208.22,1747.27,-2.38,16.28,DOUBLE_YELLOW,640.94,DOUBLE_LINE_AUTOMATIC,81.27,NORMAL
SUPERFAST_EXPRESS,72.83,689.51,1694.98,0.08,39.6,GREEN,582.82,BROAD_GAUGE_ELECTRIFIED,306.38,NORMAL
SUPERFAST_EXPRESS,77.89,334.72,2756.64,-0.79,44.48,RED_STOP,790.83,BROAD_GAUGE_ELECTRIFIED,361.79,NORMAL
FREIGHT_GOODS,25.57,601.33,941.99,-2.38,35.76,DOUBLE_YELLOW,2167.38,BROAD_GAUGE_NON_ELECTRIFIED,54.82,NORMAL
PASSENGER_LOCAL,58.36,646.06,1449.62,2.72,50.17,RED_STOP,1929.35,BROAD_GAUGE_NON_ELECTRIFIED,204.77,NORMAL
SUPERFAST_EXPRESS,153.79,672.44,1094.93,3.44,22.46,RED_STOP,1718.45,BROAD_GAUGE_NON_ELECTRIFIED,1247.41,NORMAL
PREMIUM_SUPERFAST,153.51,745.38,1513.24,0.48,20.9,DOUBLE_YELLOW,1169.9,BROAD_GAUGE_ELECTRIFIED,1243.03,WARNING
SUPERFAST_EXPRESS,69.33,361.72,1114.16,1.92,49.13,DOUBLE_YELLOW,1294.0,DOUBLE_LINE_AUTOMATIC,279.92,NORMAL
SUPERFAST_EXPRESS,26.03,590.63,2196.16,2.51,38.14,GREEN,704.49,BROAD_GAUGE_ELECTRIFIED,50.76,NORMAL
PASSENGER_LOCAL,45.07,263.47,2874.33,1.41,10.07,RED_STOP,232.07,BROAD_GAUGE_NON_ELECTRIFIED,129.28,NORMAL
PREMIUM_SUPERFAST,74.91,423.75,2838.5,-3.19,25.89,GREEN,861.05,BROAD_GAUGE_ELECTRIFIED,390.06,NORMAL
PASSENGER_LOCAL,152.69,666.38,1529.95,-2.4,48.6,YELLOW,1264.18,BROAD_GAUGE_ELECTRIFIED,1428.43,WARNING
PASSENGER_LOCAL,39.77,402.21,3465.16,-3.0,11.23,YELLOW,190.42,BROAD_GAUGE_ELECTRIFIED,121.51,NORMAL
PASSENGER_LOCAL,126.89,525.1,2240.95,-3.43,10.15,YELLOW,266.17,DOUBLE_LINE_AUTOMATIC,1076.58,WARNING
SUPERFAST_EXPRESS,35.22,477.08,1638.14,-1.36,22.66,YELLOW,694.41,BROAD_GAUGE_NON_ELECTRIFIED,89.81,NORMAL
PREMIUM_SUPERFAST,157.38,555.27,2990.17,-0.75,51.13,DOUBLE_YELLOW,949.35,BROAD_GAUGE_ELECTRIFIED,1362.73,WARNING
PREMIUM_SUPERFAST,73.43,735.09,2662.61,-1.81,50.57,DOUBLE_YELLOW,1013.63,BROAD_GAUGE_ELECTRIFIED,344.22,NORMAL
PASSENGER_LOCAL,128.53,230.65,2722.75,-3.05,33.34,GREEN,338.82,BROAD_GAUGE_NON_ELECTRIFIED,1073.45,NORMAL
FREIGHT_GOODS,67.96,515.68,1008.03,0.21,34.9,DOUBLE_YELLOW,603.26,BROAD_GAUGE_ELECTRIFIED,269.95,NORMAL
PREMIUM_SUPERFAST,107.87,674.67,1851.81,-1.59,24.94,DOUBLE_YELLOW,691.04,BROAD_GAUGE_ELECTRIFIED,697.88,WARNING
PREMIUM_SUPERFAST,46.88,464.76,3071.67,2.07,20.97,DOUBLE_YELLOW,215.71,BROAD_GAUGE_ELECTRIFIED,138.55,NORMAL
PASSENGER_LOCAL,40.44,243.19,1962.52,-3.44,46.68,YELLOW,848.94,BROAD_GAUGE_ELECTRIFIED,128.6,NORMAL
SUPERFAST_EXPRESS,151.33,508.3,2518.7,2.4,14.78,GREEN,226.94,BROAD_GAUGE_NON_ELECTRIFIED,1209.47,NORMAL
PASSENGER_LOCAL,148.47,382.64,2222.59,3.18,31.93,RED_STOP,1773.47,BROAD_GAUGE_ELECTRIFIED,1166.16,NORMAL
FREIGHT_GOODS,144.25,285.22,3011.31,1.51,38.55,RED_STOP,995.82,DOUBLE_LINE_AUTOMATIC,1103.59,CRITICAL
FREIGHT_GOODS,107.56,666.97,1282.14,1.64,14.67,RED_STOP,850.54,BROAD_GAUGE_ELECTRIFIED,632.63,NORMAL
PASSENGER_LOCAL,133.16,486.88,2183.97,3.03,33.38,YELLOW,359.98,DOUBLE_LINE_AUTOMATIC,947.55,WARNING
FREIGHT_GOODS,29.67,713.3,782.03,-2.04,35.99,DOUBLE_YELLOW,604.93,BROAD_GAUGE_NON_ELECTRIFIED,69.23,NORMAL
SUPERFAST_EXPRESS,66.87,643.31,2539.65,3.46,43.41,DOUBLE_YELLOW,620.13,BROAD_GAUGE_ELECTRIFIED,262.08,NORMAL
SUPERFAST_EXPRESS,63.92,581.13,2669.1,1.91,20.57,RED_STOP,2463.75,DOUBLE_LINE_AUTOMATIC,241.42,NORMAL
SUPERFAST_EXPRESS,108.99,202.76,532.8,1.59,23.2,RED_STOP,2096.61,DOUBLE_LINE_AUTOMATIC,648.55,NORMAL
FREIGHT_GOODS,69.83,435.3,2494.95,-0.97,35.63,GREEN,87.39,BROAD_GAUGE_ELECTRIFIED,298.9,NORMAL
SUPERFAST_EXPRESS,40.79,308.62,1685.54,0.32,54.24,YELLOW,1561.25,BROAD_GAUGE_ELECTRIFIED,108.57,NORMAL
PASSENGER_LOCAL,103.51,700.94,784.7,1.08,19.79,DOUBLE_YELLOW,676.98,BROAD_GAUGE_NON_ELECTRIFIED,588.53,WARNING
SUPERFAST_EXPRESS,134.01,296.02,1701.71,0.84,54.37,RED_STOP,305.72,BROAD_GAUGE_NON_ELECTRIFIED,959.18,CRITICAL
FREIGHT_GOODS,73.5,357.33,1002.12,1.43,42.15,RED_STOP,1778.72,BROAD_GAUGE_ELECTRIFIED,311.55,NORMAL
PREMIUM_SUPERFAST,38.52,484.26,1688.23,-2.92,47.17,GREEN,372.43,BROAD_GAUGE_NON_ELECTRIFIED,114.29,NORMAL
FREIGHT_GOODS,47.54,344.85,1591.45,-1.01,14.03,DOUBLE_YELLOW,1137.16,BROAD_GAUGE_NON_ELECTRIFIED,149.33,NORMAL
PASSENGER_LOCAL,53.25,315.43,2689.01,-0.46,23.52,DOUBLE_YELLOW,1598.8,BROAD_GAUGE_NON_ELECTRIFIED,177.78,NORMAL
PASSENGER_LOCAL,61.99,529.5,2800.07,-1.68,12.6,GREEN,1408.51,BROAD_GAUGE_NON_ELECTRIFIED,250.01,NORMAL
FREIGHT_GOODS,109.99,248.91,2281.79,-2.29,26.72,GREEN,2445.19,BROAD_GAUGE_ELECTRIFIED,757.35,NORMAL
SUPERFAST_EXPRESS,104.13,231.99,470.33,-2.53,54.16,DOUBLE_YELLOW,1975.07,BROAD_GAUGE_ELECTRIFIED,693.35,NORMAL
SUPERFAST_EXPRESS,117.45,404.73,3286.17,-0.94,14.74,GREEN,1946.77,DOUBLE_LINE_AUTOMATIC,788.12,NORMAL
PREMIUM_SUPERFAST,70.75,596.37,2527.32,-0.05,35.31,RED_STOP,921.21,BROAD_GAUGE_NON_ELECTRIFIED,291.22,NORMAL
SUPERFAST_EXPRESS,135.36,505.14,506.01,-3.06,10.27,DOUBLE_YELLOW,70.57,BROAD_GAUGE_ELECTRIFIED,1186.47,WARNING
PASSENGER_LOCAL,48.57,432.58,2938.38,3.13,42.07,YELLOW,1849.31,DOUBLE_LINE_AUTOMATIC,147.51,NORMAL
SUPERFAST_EXPRESS,85.67,511.16,1020.83,1.86,18.87,DOUBLE_YELLOW,2499.34,BROAD_GAUGE_NON_ELECTRIFIED,413.4,NORMAL
FREIGHT_GOODS,132.13,401.0,2195.59,1.62,15.83,GREEN,1044.4,DOUBLE_LINE_AUTOMATIC,933.71,NORMAL
FREIGHT_GOODS,45.22,714.88,1846.57,-2.29,25.17,YELLOW,2464.52,BROAD_GAUGE_NON_ELECTRIFIED,146.5,NORMAL
PREMIUM_SUPERFAST,35.38,230.2,1701.5,0.73,44.7,RED_STOP,397.18,BROAD_GAUGE_ELECTRIFIED,84.94,NORMAL
PASSENGER_LOCAL,143.72,570.37,3158.11,0.21,14.8,RED_STOP,776.46,DOUBLE_LINE_AUTOMATIC,1095.86,CRITICAL
FREIGHT_GOODS,68.01,690.21,1755.82,3.38,20.34,RED_STOP,468.28,BROAD_GAUGE_ELECTRIFIED,270.29,NORMAL
PASSENGER_LOCAL,115.74,642.14,633.57,1.73,10.38,GREEN,1214.18,BROAD_GAUGE_NON_ELECTRIFIED,726.41,NORMAL
SUPERFAST_EXPRESS,23.55,301.22,3334.58,0.53,53.58,DOUBLE_YELLOW,2002.6,BROAD_GAUGE_NON_ELECTRIFIED,43.1,NORMAL
PREMIUM_SUPERFAST,116.61,362.76,3253.66,2.46,36.65,GREEN,884.62,BROAD_GAUGE_NON_ELECTRIFIED,736.7,NORMAL
PREMIUM_SUPERFAST,64.25,594.38,2521.74,-2.41,42.4,DOUBLE_YELLOW,2270.26,DOUBLE_LINE_AUTOMATIC,279.11,NORMAL
SUPERFAST_EXPRESS,27.8,246.35,1850.47,-3.39,39.31,GREEN,1384.83,DOUBLE_LINE_AUTOMATIC,66.62,NORMAL
FREIGHT_GOODS,105.37,646.52,687.86,1.33,16.5,RED_STOP,1190.29,DOUBLE_LINE_AUTOMATIC,608.65,NORMAL
PASSENGER_LOCAL,53.71,595.4,2851.32,-2.81,36.77,GREEN,1978.24,BROAD_GAUGE_ELECTRIFIED,206.1,NORMAL
PASSENGER_LOCAL,74.15,601.28,633.98,-2.69,15.91,DOUBLE_YELLOW,298.54,DOUBLE_LINE_AUTOMATIC,370.31,WARNING
PASSENGER_LOCAL,31.28,255.13,612.66,1.71,28.06,RED_STOP,1945.69,BROAD_GAUGE_NON_ELECTRIFIED,68.91,NORMAL
FREIGHT_GOODS,40.6,594.77,2065.89,-1.61,35.6,RED_STOP,645.23,BROAD_GAUGE_ELECTRIFIED,116.57,NORMAL
SUPERFAST_EXPRESS,61.72,573.9,896.4,0.9,35.15,YELLOW,737.99,BROAD_GAUGE_NON_ELECTRIFIED,226.55,NORMAL
PASSENGER_LOCAL,32.57,657.01,423.96,2.92,15.36,DOUBLE_YELLOW,1518.66,BROAD_GAUGE_NON_ELECTRIFIED,73.76,NORMAL
FREIGHT_GOODS,147.52,222.88,1711.65,-1.28,11.55,YELLOW,2259.74,DOUBLE_LINE_AUTOMATIC,1243.48,NORMAL
PASSENGER_LOCAL,20.85,212.71,825.37,-1.98,45.92,YELLOW,1467.1,DOUBLE_LINE_AUTOMATIC,38.39,NORMAL
FREIGHT_GOODS,87.74,405.15,897.6,-2.75,42.67,YELLOW,1639.93,DOUBLE_LINE_AUTOMATIC,509.38,NORMAL
SUPERFAST_EXPRESS,37.25,281.83,638.42,-2.59,13.68,RED_STOP,1952.66,BROAD_GAUGE_NON_ELECTRIFIED,105.71,NORMAL
PASSENGER_LOCAL,63.08,507.11,1035.79,-3.06,15.73,YELLOW,685.35,BROAD_GAUGE_ELECTRIFIED,281.12,NORMAL
SUPERFAST_EXPRESS,149.65,704.54,2618.0,-2.89,50.17,DOUBLE_YELLOW,2076.72,DOUBLE_LINE_AUTOMATIC,1421.63,WARNING
PREMIUM_SUPERFAST,42.64,415.31,2907.67,-0.48,44.61,DOUBLE_YELLOW,1074.0,DOUBLE_LINE_AUTOMATIC,119.97,NORMAL
FREIGHT_GOODS,155.22,664.72,1802.85,-1.25,54.83,YELLOW,480.36,BROAD_GAUGE_ELECTRIFIED,1368.44,WARNING
PREMIUM_SUPERFAST,48.81,200.13,1970.32,1.45,21.43,YELLOW,907.79,BROAD_GAUGE_NON_ELECTRIFIED,148.8,NORMAL
SUPERFAST_EXPRESS,123.82,292.68,501.23,2.59,31.95,YELLOW,653.02,BROAD_GAUGE_NON_ELECTRIFIED,825.34,WARNING
SUPERFAST_EXPRESS,96.53,216.73,614.88,1.99,20.64,YELLOW,610.35,BROAD_GAUGE_ELECTRIFIED,516.45,WARNING
SUPERFAST_EXPRESS,143.83,380.48,1198.46,0.21,38.03,YELLOW,742.28,DOUBLE_LINE_AUTOMATIC,1097.48,WARNING
PASSENGER_LOCAL,97.56,699.5,2086.09,-2.78,15.19,YELLOW,493.28,BROAD_GAUGE_ELECTRIFIED,623.39,WARNING
PASSENGER_LOCAL,94.84,253.32,2692.61,1.47,15.73,GREEN,1685.87,DOUBLE_LINE_AUTOMATIC,499.61,NORMAL
SUPERFAST_EXPRESS,47.36,533.53,2275.51,-0.96,13.23,RED_STOP,1470.98,BROAD_GAUGE_ELECTRIFIED,147.99,NORMAL
SUPERFAST_EXPRESS,43.27,448.32,1615.6,-2.9,41.21,RED_STOP,1638.68,BROAD_GAUGE_NON_ELECTRIFIED,140.34,NORMAL
PASSENGER_LOCAL,148.31,716.16,766.8,2.4,32.23,RED_STOP,892.13,BROAD_GAUGE_NON_ELECTRIFIED,1163.73,CRITICAL
PASSENGER_LOCAL,65.9,267.39,2820.4,-1.13,37.8,YELLOW,1935.85,BROAD_GAUGE_NON_ELECTRIFIED,271.13,NORMAL
FREIGHT_GOODS,72.09,316.62,1527.74,-1.97,49.57,GREEN,367.54,BROAD_GAUGE_NON_ELECTRIFIED,335.94,NORMAL
SUPERFAST_EXPRESS,126.38,216.25,2681.77,2.6,43.31,RED_STOP,1449.28,BROAD_GAUGE_ELECTRIFIED,857.95,NORMAL
PASSENGER_LOCAL,67.44,438.66,1990.23,2.81,30.78,DOUBLE_YELLOW,724.86,BROAD_GAUGE_ELECTRIFIED,266.14,NORMAL
PASSENGER_LOCAL,153.29,352.81,2689.85,-1.13,54.3,RED_STOP,1342.64,DOUBLE_LINE_AUTOMATIC,1325.5,WARNING
PREMIUM_SUPERFAST,123.31,678.45,3212.6,-1.02,30.53,RED_STOP,842.91,BROAD_GAUGE_ELECTRIFIED,868.65,CRITICAL
SUPERFAST_EXPRESS,103.64,532.72,3255.19,0.56,15.06,RED_STOP,1986.75,DOUBLE_LINE_AUTOMATIC,589.97,NORMAL
SUPERFAST_EXPRESS,143.33,537.75,2058.83,1.63,54.67,RED_STOP,2233.62,BROAD_GAUGE_ELECTRIFIED,1090.18,WARNING
PASSENGER_LOCAL,26.94,492.55,1985.68,-3.06,11.03,DOUBLE_YELLOW,1869.32,BROAD_GAUGE_ELECTRIFIED,62.0,NORMAL
PREMIUM_SUPERFAST,55.99,250.52,1223.6,0.65,34.74,YELLOW,480.18,BROAD_GAUGE_ELECTRIFIED,190.06,NORMAL
FREIGHT_GOODS,85.11,444.76,3300.98,3.17,23.91,DOUBLE_YELLOW,723.42,BROAD_GAUGE_ELECTRIFIED,408.39,NORMAL
SUPERFAST_EXPRESS,51.78,749.73,1819.55,-1.67,32.66,DOUBLE_YELLOW,2302.43,BROAD_GAUGE_NON_ELECTRIFIED,180.26,NORMAL
FREIGHT_GOODS,124.15,659.38,795.53,2.86,35.14,YELLOW,1121.19,BROAD_GAUGE_ELECTRIFIED,829.48,NORMAL
SUPERFAST_EXPRESS,148.69,691.4,1741.39,3.15,20.8,DOUBLE_YELLOW,2355.89,DOUBLE_LINE_AUTOMATIC,1169.44,NORMAL
PASSENGER_LOCAL,79.33,652.77,793.87,-1.62,35.06,DOUBLE_YELLOW,1011.51,BROAD_GAUGE_NON_ELECTRIFIED,392.66,NORMAL
FREIGHT_GOODS,67.9,256.67,1957.85,1.78,44.02,RED_STOP,2381.85,BROAD_GAUGE_ELECTRIFIED,269.48,NORMAL
SUPERFAST_EXPRESS,154.62,325.1,2139.95,-1.83,21.99,RED_STOP,2318.06,BROAD_GAUGE_ELECTRIFIED,1409.03,NORMAL
FREIGHT_GOODS,82.28,201.72,1447.04,1.66,27.25,YELLOW,1668.29,DOUBLE_LINE_AUTOMATIC,383.62,NORMAL
PASSENGER_LOCAL,88.47,366.93,622.12,2.08,22.07,RED_STOP,71.63,BROAD_GAUGE_NON_ELECTRIFIED,438.86,CRITICAL
PREMIUM_SUPERFAST,69.23,259.73,3324.86,-1.77,46.93,YELLOW,1030.82,BROAD_GAUGE_NON_ELECTRIFIED,307.96,NORMAL
PREMIUM_SUPERFAST,147.34,460.04,2797.39,1.51,42.62,YELLOW,2282.53,BROAD_GAUGE_NON_ELECTRIFIED,1149.2,NORMAL
FREIGHT_GOODS,99.65,572.42,3000.53,2.18,49.2,GREEN,2218.52,BROAD_GAUGE_NON_ELECTRIFIED,548.12,NORMAL
FREIGHT_GOODS,126.7,680.98,1537.29,-0.99,17.65,YELLOW,509.1,DOUBLE_LINE_AUTOMATIC,913.26,WARNING
FREIGHT_GOODS,133.65,612.07,2758.58,-2.33,13.31,DOUBLE_YELLOW,1028.0,BROAD_GAUGE_ELECTRIFIED,1100.81,WARNING
SUPERFAST_EXPRESS,67.86,716.22,1904.66,-2.86,15.37,YELLOW,2097.0,BROAD_GAUGE_ELECTRIFIED,317.45,NORMAL
PASSENGER_LOCAL,80.72,229.64,1023.36,0.53,17.25,GREEN,1465.8,BROAD_GAUGE_NON_ELECTRIFIED,370.25,NORMAL
FREIGHT_GOODS,138.79,206.7,785.71,3.35,33.99,DOUBLE_YELLOW,2125.88,DOUBLE_LINE_AUTOMATIC,1025.27,NORMAL
PREMIUM_SUPERFAST,70.86,563.74,1469.66,2.26,53.69,GREEN,2075.09,BROAD_GAUGE_ELECTRIFIED,291.32,NORMAL
SUPERFAST_EXPRESS,131.15,359.14,826.41,-0.45,26.08,RED_STOP,2273.33,BROAD_GAUGE_NON_ELECTRIFIED,944.54,NORMAL
FREIGHT_GOODS,151.74,339.43,3494.63,0.26,53.13,DOUBLE_YELLOW,337.19,BROAD_GAUGE_NON_ELECTRIFIED,1215.75,WARNING
SUPERFAST_EXPRESS,107.25,381.99,552.49,-1.54,11.72,YELLOW,405.78,DOUBLE_LINE_AUTOMATIC,688.4,WARNING
FREIGHT_GOODS,123.83,348.39,1767.55,-2.36,51.71,GREEN,252.88,DOUBLE_LINE_AUTOMATIC,953.29,NORMAL
FREIGHT_GOODS,132.71,481.29,1801.49,-0.13,18.15,YELLOW,2341.41,DOUBLE_LINE_AUTOMATIC,948.26,NORMAL
SUPERFAST_EXPRESS,138.31,442.08,1331.96,-0.26,51.06,RED_STOP,1214.15,BROAD_GAUGE_NON_ELECTRIFIED,1033.49,WARNING
PASSENGER_LOCAL,75.31,481.84,2171.19,0.15,12.53,DOUBLE_YELLOW,207.6,DOUBLE_LINE_AUTOMATIC,325.79,WARNING
PASSENGER_LOCAL,27.18,569.99,864.93,3.17,52.67,YELLOW,837.75,BROAD_GAUGE_NON_ELECTRIFIED,54.49,NORMAL
PREMIUM_SUPERFAST,76.26,412.92,2830.13,0.73,19.04,RED_STOP,910.96,BROAD_GAUGE_ELECTRIFIED,333.44,NORMAL
PASSENGER_LOCAL,114.33,338.22,1430.59,0.74,23.62,YELLOW,2033.42,BROAD_GAUGE_NON_ELECTRIFIED,709.72,NORMAL
PASSENGER_LOCAL,83.05,291.41,2233.16,-2.6,32.09,DOUBLE_YELLOW,1851.92,BROAD_GAUGE_NON_ELECTRIFIED,454.94,NORMAL
SUPERFAST_EXPRESS,124.85,392.21,2618.48,3.48,27.13,RED_STOP,1739.0,BROAD_GAUGE_ELECTRIFIED,838.48,NORMAL
SUPERFAST_EXPRESS,69.98,607.99,3156.03,1.91,40.04,RED_STOP,103.57,DOUBLE_LINE_AUTOMATIC,284.75,CRITICAL
PREMIUM_SUPERFAST,108.86,616.19,2990.94,2.64,53.87,GREEN,2281.2,DOUBLE_LINE_AUTOMATIC,647.14,NORMAL
FREIGHT_GOODS,46.1,566.8,2285.76,-0.6,37.29,DOUBLE_YELLOW,578.11,BROAD_GAUGE_NON_ELECTRIFIED,138.49,NORMAL
SUPERFAST_EXPRESS,124.91,328.72,1604.02,0.01,42.47,RED_STOP,1591.2,BROAD_GAUGE_NON_ELECTRIFIED,839.2,NORMAL
SUPERFAST_EXPRESS,96.4,523.45,1959.93,0.15,13.96,DOUBLE_YELLOW,201.46,BROAD_GAUGE_ELECTRIFIED,515.07,WARNING
SUPERFAST_EXPRESS,48.57,513.88,2783.08,-2.14,38.25,YELLOW,249.74,DOUBLE_LINE_AUTOMATIC,165.07,NORMAL
PASSENGER_LOCAL,60.87,466.35,3120.39,1.33,30.42,DOUBLE_YELLOW,73.46,BROAD_GAUGE_ELECTRIFIED,220.94,WARNING
SUPERFAST_EXPRESS,124.81,502.49,721.72,2.82,49.86,GREEN,1436.52,BROAD_GAUGE_NON_ELECTRIFIED,837.84,NORMAL
PREMIUM_SUPERFAST,87.56,470.48,1593.05,-2.35,27.47,DOUBLE_YELLOW,1591.98,BROAD_GAUGE_NON_ELECTRIFIED,494.36,NORMAL
PREMIUM_SUPERFAST,50.24,511.0,2805.96,-2.9,40.58,DOUBLE_YELLOW,173.63,BROAD_GAUGE_ELECTRIFIED,183.54,WARNING
SUPERFAST_EXPRESS,155.42,593.53,1738.12,1.67,20.27,YELLOW,761.69,BROAD_GAUGE_ELECTRIFIED,1272.8,WARNING
FREIGHT_GOODS,120.12,260.3,1429.91,-1.59,21.67,GREEN,2136.06,DOUBLE_LINE_AUTOMATIC,855.87,NORMAL
SUPERFAST_EXPRESS,154.0,612.29,1675.1,0.87,26.93,YELLOW,298.21,BROAD_GAUGE_ELECTRIFIED,1250.64,WARNING
PREMIUM_SUPERFAST,79.79,274.74,2268.82,1.37,23.68,RED_STOP,580.54,DOUBLE_LINE_AUTOMATIC,362.47,NORMAL
FREIGHT_GOODS,86.51,236.65,3499.4,-1.25,21.42,YELLOW,1089.76,DOUBLE_LINE_AUTOMATIC,451.53,NORMAL
PASSENGER_LOCAL,145.71,736.84,1928.28,2.21,12.24,GREEN,2113.57,BROAD_GAUGE_ELECTRIFIED,1125.13,NORMAL
SUPERFAST_EXPRESS,93.51,726.35,1046.33,0.35,47.65,GREEN,674.38,BROAD_GAUGE_ELECTRIFIED,486.6,NORMAL
PREMIUM_SUPERFAST,119.02,233.24,904.82,2.58,12.89,DOUBLE_YELLOW,2492.99,DOUBLE_LINE_AUTOMATIC,765.79,NORMAL
PASSENGER_LOCAL,55.3,443.79,531.28,1.84,49.93,GREEN,920.39,BROAD_GAUGE_ELECTRIFIED,185.91,NORMAL
PREMIUM_SUPERFAST,82.54,302.43,2132.33,2.58,15.65,YELLOW,996.8,DOUBLE_LINE_AUTOMATIC,385.89,NORMAL
PASSENGER_LOCAL,37.28,466.94,2088.17,-3.36,12.94,GREEN,349.16,DOUBLE_LINE_AUTOMATIC,110.74,NORMAL
PREMIUM_SUPERFAST,48.84,656.6,1036.23,-1.8,35.34,RED_STOP,1716.48,BROAD_GAUGE_NON_ELECTRIFIED,163.47,NORMAL
PREMIUM_SUPERFAST,20.13,722.84,2555.52,-2.87,32.61,GREEN,646.49,DOUBLE_LINE_AUTOMATIC,37.8,NORMAL
PASSENGER_LOCAL,25.5,548.84,2697.43,-0.41,32.11,GREEN,1590.73,BROAD_GAUGE_NON_ELECTRIFIED,49.87,NORMAL
SUPERFAST_EXPRESS,156.82,394.65,1203.2,2.73,35.85,YELLOW,596.74,BROAD_GAUGE_ELECTRIFIED,1294.88,WARNING
PREMIUM_SUPERFAST,53.93,531.83,1466.71,-0.23,22.92,DOUBLE_YELLOW,1000.29,DOUBLE_LINE_AUTOMATIC,179.73,NORMAL
FREIGHT_GOODS,112.86,371.6,3470.46,2.45,39.83,DOUBLE_YELLOW,2148.85,DOUBLE_LINE_AUTOMATIC,692.68,NORMAL
SUPERFAST_EXPRESS,137.47,700.4,1560.22,-1.21,32.61,YELLOW,1860.32,BROAD_GAUGE_ELECTRIFIED,1081.43,NORMAL
FREIGHT_GOODS,97.09,678.72,2758.49,-1.12,25.06,DOUBLE_YELLOW,428.75,BROAD_GAUGE_ELECTRIFIED,556.36,WARNING
PREMIUM_SUPERFAST,41.44,507.03,1803.45,2.77,47.19,RED_STOP,1538.89,BROAD_GAUGE_ELECTRIFIED,111.59,NORMAL
PASSENGER_LOCAL,121.94,378.64,2859.37,-0.52,42.75,RED_STOP,1590.17,DOUBLE_LINE_AUTOMATIC,825.77,NORMAL
SUPERFAST_EXPRESS,104.04,361.36,2783.97,2.03,27.71,DOUBLE_YELLOW,271.89,BROAD_GAUGE_ELECTRIFIED,594.2,WARNING
PASSENGER_LOCAL,122.38,218.38,2470.04,-1.84,48.14,YELLOW,1191.22,BROAD_GAUGE_ELECTRIFIED,901.24,NORMAL
PASSENGER_LOCAL,127.76,648.7,3049.81,3.14,51.41,YELLOW,688.64,BROAD_GAUGE_NON_ELECTRIFIED,875.94,WARNING
FREIGHT_GOODS,156.56,447.71,3311.58,0.52,34.16,DOUBLE_YELLOW,1194.47,BROAD_GAUGE_NON_ELECTRIFIED,1290.73,WARNING
FREIGHT_GOODS,100.3,378.82,2197.95,1.82,19.67,GREEN,1953.82,DOUBLE_LINE_AUTOMATIC,554.79,NORMAL
SUPERFAST_EXPRESS,67.83,459.11,1136.15,-2.87,51.21,DOUBLE_YELLOW,437.74,BROAD_GAUGE_ELECTRIFIED,317.55,NORMAL
SUPERFAST_EXPRESS,110.79,650.31,1635.75,-0.05,18.53,RED_STOP,352.1,BROAD_GAUGE_ELECTRIFIED,670.72,CRITICAL
SUPERFAST_EXPRESS,29.58,268.54,2750.75,2.81,12.18,RED_STOP,709.83,BROAD_GAUGE_NON_ELECTRIFIED,62.74,NORMAL
FREIGHT_GOODS,145.64,671.71,2417.74,2.64,24.74,GREEN,2383.07,DOUBLE_LINE_AUTOMATIC,1123.98,NORMAL
FREIGHT_GOODS,36.71,693.63,951.17,-3.17,42.71,RED_STOP,1882.17,BROAD_GAUGE_ELECTRIFIED,106.57,NORMAL
PASSENGER_LOCAL,65.9,720.69,558.84,-1.37,51.55,YELLOW,97.67,DOUBLE_LINE_AUTOMATIC,274.86,WARNING
PASSENGER_LOCAL,134.2,418.62,2517.18,-0.4,38.68,GREEN,1032.46,BROAD_GAUGE_NON_ELECTRIFIED,983.86,NORMAL
PASSENGER_LOCAL,103.62,319.43,1178.34,-2.29,52.83,GREEN,680.63,BROAD_GAUGE_ELECTRIFIED,676.48,NORMAL
